"Inicio del informe","Fin del informe","Nombre de la campaña","Entrega de la campaña",Resultados,"Indicador de resultado","Costo por resultados","Presupuesto del conjunto de anuncios","Tipo de presupuesto del conjunto de anuncios","Importe gastado (ARS)",Impresiones,Alcance,Finalización,"Configuración de atribución","CPM (costo por mil impresiones) (ARS)","CTR (porcentaje de clics en el enlace)","CTR único (porcentaje de clics en el enlace)","CTR (todos)"
2026-09-07,2026-09-07,"JY | Webinar Mostrador - 17 SEPT 2026",active,1,actions:lead,1455.14,"Con el presupuesto del conjunto de anuncios",0,1455.14,302,264,"En curso","7 días tras clic o 1 día tras visualización",4818.344371,0.662252,0.757576,0.662252
2026-09-07,2026-09-07,"JY | Viajes Presenciales Luciana",active,4,actions:lead,1301.66,"Con el presupuesto del conjunto de anuncios",0,5206.64,925,779,"En curso","7 días tras clic o 1 día tras visualización",5628.8,1.189189,1.412067,3.027027
2026-09-07,2026-09-07,"JY | Interaccion Boxer Taller",inactive,,,,"Con el presupuesto del conjunto de anuncios",0,0,0,0,"En curso","7 días tras clic o 1 día tras visualización",0,,0,0
2026-09-07,2026-09-07,"JY | Awareness Boxer Taller",active,28,profile_visit_view,43.40642857,"Con el presupuesto del conjunto de anuncios",0,1215.38,1612,1410,"En curso","1 día tras clic",753.957816,1.736973,1.914894,1.736973
2026-09-07,2026-09-07,"JY | Conversiones - Copia - Boton a WhatsApp",inactive,,,,"Con el presupuesto del conjunto de anuncios",0,0,0,0,"En curso","7 días tras clic o 1 día tras visualización",0,,0,0
2026-09-07,2026-09-07,"JY | Remarketing",active,,,,"Con el presupuesto del conjunto de anuncios",0,4580.36,1197,980,"En curso","7 días tras clic o 1 día tras visualización",3826.532999,0.918964,1.122449,1.587302
2026-09-07,2026-09-07,"JY | Conversiones",active,1,actions:lead,4954.9,"Con el presupuesto del conjunto de anuncios",0,4954.9,1102,993,"En curso","7 días tras clic o 1 día tras visualización",4496.279492,1.088929,1.208459,1.814882
2026-09-07,2026-09-07,"JY | Awareness",active,41,profile_visit_view,39.07487805,"Con el presupuesto del conjunto de anuncios",0,1602.07,2081,2025,"En curso","1 día tras clic",769.855839,2.066314,2.123457,2.162422
2026-09-07,2026-09-07,"Clientes Potenciales - Alta Intencion GEM",inactive,,,,3500,Diario,0,0,0,"En curso","7 días tras clic o 1 día tras visualización",0,,0,0
2026-09-07,2026-09-07,"Yamil | Campaña de Formularios - CENTRO Argentina",inactive,,,,7000,Diario,0,0,0,"En curso","7 días tras clic o 1 día tras visualización",0,,0,0
2026-09-07,2026-09-07,"Yamil | Campaña de Formularios - NO Argentina",inactive,,,,5000,Diario,0,0,0,"En curso","7 días tras clic o 1 día tras visualización",0,,0,0
2026-09-07,2026-09-07,"2. Campaña de Conversiones - Copia",inactive,,,,"Con el presupuesto del conjunto de anuncios",0,0,0,0,"En curso","7 días tras clic o 1 día tras visualización",0,,0,0
2026-09-07,2026-09-07,"7. Clientes potenciales - formulario - Copia",inactive,,,,"Con el presupuesto del conjunto de anuncios",0,0,0,0,"En curso","7 días tras clic o 1 día tras visualización",0,,0,0
2026-09-07,2026-09-07,"5. Campaña de Seguidores",inactive,,,,"Con el presupuesto del conjunto de anuncios",0,0,0,0,"En curso","Configuración de atribución múltiple",0,,0,0
2026-09-07,2026-09-07,"Trafico Boxer web",inactive,,,,"Con el presupuesto del conjunto de anuncios",0,0,0,0,"En curso","7 días tras clic o 1 día tras visualización",0,,0,0
2026-09-07,2026-09-07,"Interacción Contenido - Feed",inactive,,,,"Con el presupuesto del conjunto de anuncios",0,0,0,0,"En curso","7 días tras clic o 1 día tras visualización",0,,0,0
2026-09-06,2026-09-06,"JY | Webinar Mostrador - 17 SEPT 2026",active,,,,"Con el presupuesto del conjunto de anuncios",0,2562.32,574,463,"En curso","7 días tras clic o 1 día tras visualización",4463.972125,0.522648,0.647948,1.045296
2026-09-06,2026-09-06,"JY | Viajes Presenciales Luciana",active,,,,"Con el presupuesto del conjunto de anuncios",0,5418.8,1103,909,"En curso","7 días tras clic o 1 día tras visualización",4912.783318,0.634633,0.770077,1.359927
2026-09-06,2026-09-06,"JY | Interaccion Boxer Taller",inactive,,,,"Con el presupuesto del conjunto de anuncios",0,0,0,0,"En curso","7 días tras clic o 1 día tras visualización",0,,0,0
2026-09-06,2026-09-06,"JY | Awareness Boxer Taller",active,65,profile_visit_view,36.56384615,"Con el presupuesto del conjunto de anuncios",0,2376.65,3041,2700,"En curso","1 día tras clic",781.535679,2.170339,2.444444,2.236107
2026-09-06,2026-09-06,"JY | Conversiones - Copia - Boton a WhatsApp",inactive,,,,"Con el presupuesto del conjunto de anuncios",0,0,0,0,"En curso","7 días tras clic o 1 día tras visualización",0,,0,0
2026-09-06,2026-09-06,"JY | Remarketing",active,,,,"Con el presupuesto del conjunto de anuncios",0,6704.72,1686,1392,"En curso","7 días tras clic o 1 día tras visualización",3976.702254,0.830368,0.933908,1.245552
2026-09-06,2026-09-06,"JY | Conversiones",active,2,actions:lead,3773.39,"Con el presupuesto del conjunto de anuncios",0,7546.78,1392,1301,"En curso","7 días tras clic o 1 día tras visualización",5421.537356,1.293103,1.383551,2.37069
2026-09-06,2026-09-06,"JY | Awareness",active,76,profile_visit_view,37.1825,"Con el presupuesto del conjunto de anuncios",0,2825.87,3588,3404,"En curso","1 día tras clic",787.589186,2.285396,2.20329,2.201784
2026-09-06,2026-09-06,"Clientes Potenciales - Alta Intencion GEM",inactive,,,,3500,Diario,0,0,0,"En curso","7 días tras clic o 1 día tras visualización",0,,0,0
2026-09-06,2026-09-06,"Yamil | Campaña de Formularios - CENTRO Argentina",inactive,,,,7000,Diario,0,0,0,"En curso","7 días tras clic o 1 día tras visualización",0,,0,0
2026-09-06,2026-09-06,"Yamil | Campaña de Formularios - NO Argentina",inactive,,,,5000,Diario,0,0,0,"En curso","7 días tras clic o 1 día tras visualización",0,,0,0
2026-09-06,2026-09-06,"2. Campaña de Conversiones - Copia",inactive,,,,"Con el presupuesto del conjunto de anuncios",0,0,0,0,"En curso","7 días tras clic o 1 día tras visualización",0,,0,0
2026-09-06,2026-09-06,"7. Clientes potenciales - formulario - Copia",inactive,,,,"Con el presupuesto del conjunto de anuncios",0,0,0,0,"En curso","7 días tras clic o 1 día tras visualización",0,,0,0
2026-09-06,2026-09-06,"5. Campaña de Seguidores",inactive,,,,"Con el presupuesto del conjunto de anuncios",0,0,0,0,"En curso","Configuración de atribución múltiple",0,,0,0
2026-09-06,2026-09-06,"Trafico Boxer web",inactive,,,,"Con el presupuesto del conjunto de anuncios",0,0,0,0,"En curso","7 días tras clic o 1 día tras visualización",0,,0,0
2026-09-06,2026-09-06,"Interacción Contenido - Feed",inactive,,,,"Con el presupuesto del conjunto de anuncios",0,0,0,0,"En curso","7 días tras clic o 1 día tras visualización",0,,0,0
2026-09-05,2026-09-05,"JY | Webinar Mostrador - 17 SEPT 2026",active,,,,"Con el presupuesto del conjunto de anuncios",0,2117.64,470,375,"En curso","7 días tras clic o 1 día tras visualización",4505.617021,0.851064,1.066667,2.553191
2026-09-05,2026-09-05,"JY | Viajes Presenciales Luciana",active,,,,"Con el presupuesto del conjunto de anuncios",0,1712.01,441,379,"En curso","7 días tras clic o 1 día tras visualización",3882.108844,0.453515,0.527704,1.133787
2026-09-05,2026-09-05,"JY | Interaccion Boxer Taller",inactive,,,,"Con el presupuesto del conjunto de anuncios",0,0,0,0,"En curso","7 días tras clic o 1 día tras visualización",0,,0,0
2026-09-05,2026-09-05,"JY | Awareness Boxer Taller",active,86,profile_visit_view,33.44674419,"Con el presupuesto del conjunto de anuncios",0,2876.42,3077,2632,"En curso","1 día tras clic",934.81313,2.79493,3.229483,2.79493
2026-09-05,2026-09-05,"JY | Conversiones - Copia - Boton a WhatsApp",inactive,,,,"Con el presupuesto del conjunto de anuncios",0,0,0,0,"En curso","7 días tras clic o 1 día tras visualización",0,,0,0
2026-09-05,2026-09-05,"JY | Remarketing",active,3,actions:lead,1822.29333333,"Con el presupuesto del conjunto de anuncios",0,5466.88,1381,1166,"En curso","7 días tras clic o 1 día tras visualización",3958.638668,1.086169,1.200686,1.520637
2026-09-05,2026-09-05,"JY | Conversiones",active,,,,"Con el presupuesto del conjunto de anuncios",0,5562.96,1328,1182,"En curso","7 días tras clic o 1 día tras visualización",4188.975904,0.677711,0.676819,1.129518
2026-09-05,2026-09-05,"JY | Awareness",active,74,profile_visit_view,34.76554054,"Con el presupuesto del conjunto de anuncios",0,2572.65,3049,2943,"En curso","1 día tras clic",843.768449,2.591013,2.480462,2.591013
2026-09-05,2026-09-05,"Clientes Potenciales - Alta Intencion GEM",inactive,,,,3500,Diario,0,0,0,"En curso","7 días tras clic o 1 día tras visualización",0,,0,0
2026-09-05,2026-09-05,"Yamil | Campaña de Formularios - CENTRO Argentina",inactive,,,,7000,Diario,0,0,0,"En curso","7 días tras clic o 1 día tras visualización",0,,0,0
2026-09-05,2026-09-05,"Yamil | Campaña de Formularios - NO Argentina",inactive,,,,5000,Diario,0,0,0,"En curso","7 días tras clic o 1 día tras visualización",0,,0,0
2026-09-05,2026-09-05,"2. Campaña de Conversiones - Copia",inactive,,,,"Con el presupuesto del conjunto de anuncios",0,0,0,0,"En curso","7 días tras clic o 1 día tras visualización",0,,0,0
2026-09-05,2026-09-05,"7. Clientes potenciales - formulario - Copia",inactive,,,,"Con el presupuesto del conjunto de anuncios",0,0,0,0,"En curso","7 días tras clic o 1 día tras visualización",0,,0,0
2026-09-05,2026-09-05,"5. Campaña de Seguidores",inactive,,,,"Con el presupuesto del conjunto de anuncios",0,0,0,0,"En curso","Configuración de atribución múltiple",0,,0,0
2026-09-05,2026-09-05,"Trafico Boxer web",inactive,,,,"Con el presupuesto del conjunto de anuncios",0,0,0,0,"En curso","7 días tras clic o 1 día tras visualización",0,,0,0
2026-09-05,2026-09-05,"Interacción Contenido - Feed",inactive,,,,"Con el presupuesto del conjunto de anuncios",0,0,0,0,"En curso","7 días tras clic o 1 día tras visualización",0,,0,0
2026-09-04,2026-09-04,"JY | Webinar Mostrador - 17 SEPT 2026",active,,,,"Con el presupuesto del conjunto de anuncios",0,1891.86,365,285,"En curso","7 días tras clic o 1 día tras visualización",5183.178082,0.273973,0.350877,0.821918
2026-09-04,2026-09-04,"JY | Viajes Presenciales Luciana",active,6,actions:lead,723.59166667,"Con el presupuesto del conjunto de anuncios",0,4341.55,869,713,"En curso","7 días tras clic o 1 día tras visualización",4996.029919,1.841197,1.963534,3.912543
2026-09-04,2026-09-04,"JY | Interaccion Boxer Taller",inactive,,,,"Con el presupuesto del conjunto de anuncios",0,0,0,0,"En curso","7 días tras clic o 1 día tras visualización",0,,0,0
2026-09-04,2026-09-04,"JY | Awareness Boxer Taller",active,38,profile_visit_view,42.91263158,"Con el presupuesto del conjunto de anuncios",0,1630.68,1551,1364,"En curso","1 día tras clic",1051.373308,2.578981,2.859238,2.514507
2026-09-04,2026-09-04,"JY | Conversiones - Copia - Boton a WhatsApp",inactive,,,,"Con el presupuesto del conjunto de anuncios",0,0,0,0,"En curso","7 días tras clic o 1 día tras visualización",0,,0,0
2026-09-04,2026-09-04,"JY | Remarketing",active,,,,"Con el presupuesto del conjunto de anuncios",0,4829.34,1279,1076,"En curso","7 días tras clic o 1 día tras visualización",3775.871775,0.547303,0.650558,0.781861
2026-09-04,2026-09-04,"JY | Conversiones",active,2,actions:lead,3568.19,"Con el presupuesto del conjunto de anuncios",0,7136.38,1335,1177,"En curso","7 días tras clic o 1 día tras visualización",5345.602996,1.348315,1.44435,1.797753
2026-09-04,2026-09-04,"JY | Awareness",active,46,profile_visit_view,44.88217391,"Con el presupuesto del conjunto de anuncios",0,2064.58,2409,2367,"En curso","1 día tras clic",857.027812,1.951017,1.816646,1.992528
2026-09-04,2026-09-04,"Clientes Potenciales - Alta Intencion GEM",inactive,,,,3500,Diario,0,0,0,"En curso","7 días tras clic o 1 día tras visualización",0,,0,0
2026-09-04,2026-09-04,"Yamil | Campaña de Formularios - CENTRO Argentina",inactive,,,,7000,Diario,0,0,0,"En curso","7 días tras clic o 1 día tras visualización",0,,0,0
2026-09-04,2026-09-04,"Yamil | Campaña de Formularios - NO Argentina",inactive,,,,5000,Diario,0,0,0,"En curso","7 días tras clic o 1 día tras visualización",0,,0,0
2026-09-04,2026-09-04,"2. Campaña de Conversiones - Copia",inactive,,,,"Con el presupuesto del conjunto de anuncios",0,0,0,0,"En curso","7 días tras clic o 1 día tras visualización",0,,0,0
2026-09-04,2026-09-04,"7. Clientes potenciales - formulario - Copia",inactive,,,,"Con el presupuesto del conjunto de anuncios",0,0,0,0,"En curso","7 días tras clic o 1 día tras visualización",0,,0,0
2026-09-04,2026-09-04,"5. Campaña de Seguidores",inactive,,,,"Con el presupuesto del conjunto de anuncios",0,0,0,0,"En curso","Configuración de atribución múltiple",0,,0,0
2026-09-04,2026-09-04,"Trafico Boxer web",inactive,,,,"Con el presupuesto del conjunto de anuncios",0,0,0,0,"En curso","7 días tras clic o 1 día tras visualización",0,,0,0
2026-09-04,2026-09-04,"Interacción Contenido - Feed",inactive,,,,"Con el presupuesto del conjunto de anuncios",0,0,0,0,"En curso","7 días tras clic o 1 día tras visualización",0,,0,0
2026-09-03,2026-09-03,"JY | Webinar Mostrador - 17 SEPT 2026",active,,,,"Con el presupuesto del conjunto de anuncios",0,1447.23,403,309,"En curso","7 días tras clic o 1 día tras visualización",3591.141439,0.248139,0.323625,0.496278
2026-09-03,2026-09-03,"JY | Viajes Presenciales Luciana",active,3,actions:lead,2704.95,"Con el presupuesto del conjunto de anuncios",0,8114.85,1129,915,"En curso","7 días tras clic o 1 día tras visualización",7187.643933,0.974314,1.202186,1.860053
2026-09-03,2026-09-03,"JY | Interaccion Boxer Taller",inactive,,,,"Con el presupuesto del conjunto de anuncios",0,0,0,0,"En curso","7 días tras clic o 1 día tras visualización",0,,0,0
2026-09-03,2026-09-03,"JY | Awareness Boxer Taller",active,31,profile_visit_view,40.42935484,"Con el presupuesto del conjunto de anuncios",0,1253.31,1219,1114,"En curso","1 día tras clic",1028.146021,2.461034,2.692998,2.461034
2026-09-03,2026-09-03,"JY | Conversiones - Copia - Boton a WhatsApp",inactive,,,,"Con el presupuesto del conjunto de anuncios",0,0,0,0,"En curso","7 días tras clic o 1 día tras visualización",0,,0,0
2026-09-03,2026-09-03,"JY | Remarketing",active,1,actions:lead,5122.46,"Con el presupuesto del conjunto de anuncios",0,5122.46,1626,1376,"En curso","7 días tras clic o 1 día tras visualización",3150.344403,0.922509,1.090116,1.537515
2026-09-03,2026-09-03,"JY | Conversiones",active,4,actions:lead,1640.3225,"Con el presupuesto del conjunto de anuncios",0,6561.29,1130,1019,"En curso","7 días tras clic o 1 día tras visualización",5806.451327,1.681416,1.864573,2.566372
2026-09-03,2026-09-03,"JY | Awareness",active,72,profile_visit_view,32.42486111,"Con el presupuesto del conjunto de anuncios",0,2334.59,2836,2751,"En curso","1 día tras clic",823.198166,2.750353,2.653581,2.715092
2026-09-03,2026-09-03,"Clientes Potenciales - Alta Intencion GEM",inactive,,,,3500,Diario,0,0,0,"En curso","7 días tras clic o 1 día tras visualización",0,,0,0
2026-09-03,2026-09-03,"Yamil | Campaña de Formularios - CENTRO Argentina",inactive,,,,7000,Diario,0,0,0,"En curso","7 días tras clic o 1 día tras visualización",0,,0,0
2026-09-03,2026-09-03,"Yamil | Campaña de Formularios - NO Argentina",inactive,,,,5000,Diario,0,0,0,"En curso","7 días tras clic o 1 día tras visualización",0,,0,0
2026-09-03,2026-09-03,"2. Campaña de Conversiones - Copia",inactive,,,,"Con el presupuesto del conjunto de anuncios",0,0,0,0,"En curso","7 días tras clic o 1 día tras visualización",0,,0,0
2026-09-03,2026-09-03,"7. Clientes potenciales - formulario - Copia",inactive,,,,"Con el presupuesto del conjunto de anuncios",0,0,0,0,"En curso","7 días tras clic o 1 día tras visualización",0,,0,0
2026-09-03,2026-09-03,"5. Campaña de Seguidores",inactive,,,,"Con el presupuesto del conjunto de anuncios",0,0,0,0,"En curso","Configuración de atribución múltiple",0,,0,0
2026-09-03,2026-09-03,"Trafico Boxer web",inactive,,,,"Con el presupuesto del conjunto de anuncios",0,0,0,0,"En curso","7 días tras clic o 1 día tras visualización",0,,0,0
2026-09-03,2026-09-03,"Interacción Contenido - Feed",inactive,,,,"Con el presupuesto del conjunto de anuncios",0,0,0,0,"En curso","7 días tras clic o 1 día tras visualización",0,,0,0
2026-09-02,2026-09-02,"JY | Webinar Mostrador - 17 SEPT 2026",active,,,,"Con el presupuesto del conjunto de anuncios",0,1097.64,234,208,"En curso","7 días tras clic o 1 día tras visualización",4690.769231,1.709402,1.923077,1.709402
2026-09-02,2026-09-02,"JY | Viajes Presenciales Luciana",active,3,actions:lead,2352.24666667,"Con el presupuesto del conjunto de anuncios",0,7056.74,964,819,"En curso","7 días tras clic o 1 día tras visualización",7320.26971,1.141079,1.343101,2.282158
2026-09-02,2026-09-02,"JY | Interaccion Boxer Taller",inactive,,,,"Con el presupuesto del conjunto de anuncios",0,0,0,0,"En curso","7 días tras clic o 1 día tras visualización",0,,0,0
2026-09-02,2026-09-02,"JY | Awareness Boxer Taller",active,35,profile_visit_view,56.12657143,"Con el presupuesto del conjunto de anuncios",0,1964.43,1860,1659,"En curso","1 día tras clic",1056.145161,2.096774,2.290536,2.043011
2026-09-02,2026-09-02,"JY | Conversiones - Copia - Boton a WhatsApp",inactive,6,actions:onsite_conversion.messaging_conversation_started_7d,587.26,"Con el presupuesto del conjunto de anuncios",0,3523.56,5554,5482,"En curso","7 días tras clic o 1 día tras visualización",634.418437,0.702197,0.109449,0.882247
2026-09-02,2026-09-02,"JY | Remarketing",active,1,actions:lead,5898.69,"Con el presupuesto del conjunto de anuncios",0,5898.69,1881,1595,"En curso","7 días tras clic o 1 día tras visualización",3135.933014,0.744285,0.877743,1.169591
2026-09-02,2026-09-02,"JY | Conversiones",active,4,actions:lead,2031.435,"Con el presupuesto del conjunto de anuncios",0,8125.74,1625,1478,"En curso","7 días tras clic o 1 día tras visualización",5000.455385,1.538462,1.623816,2.523077
2026-09-02,2026-09-02,"JY | Awareness",active,54,profile_visit_view,39.46092593,"Con el presupuesto del conjunto de anuncios",0,2130.89,2591,2459,"En curso","1 día tras clic",822.419915,2.161328,2.155348,2.122733
2026-09-02,2026-09-02,"Clientes Potenciales - Alta Intencion GEM",inactive,,,,3500,Diario,0,0,0,"En curso","7 días tras clic o 1 día tras visualización",0,,0,0
2026-09-02,2026-09-02,"Yamil | Campaña de Formularios - CENTRO Argentina",inactive,,,,7000,Diario,0,0,0,"En curso","7 días tras clic o 1 día tras visualización",0,,0,0
2026-09-02,2026-09-02,"Yamil | Campaña de Formularios - NO Argentina",inactive,,,,5000,Diario,0,0,0,"En curso","7 días tras clic o 1 día tras visualización",0,,0,0
2026-09-02,2026-09-02,"2. Campaña de Conversiones - Copia",inactive,,,,"Con el presupuesto del conjunto de anuncios",0,0,0,0,"En curso","7 días tras clic o 1 día tras visualización",0,,0,0
2026-09-02,2026-09-02,"7. Clientes potenciales - formulario - Copia",inactive,,,,"Con el presupuesto del conjunto de anuncios",0,0,0,0,"En curso","7 días tras clic o 1 día tras visualización",0,,0,0
2026-09-02,2026-09-02,"5. Campaña de Seguidores",inactive,,,,"Con el presupuesto del conjunto de anuncios",0,0,0,0,"En curso","Configuración de atribución múltiple",0,,0,0
2026-09-02,2026-09-02,"Trafico Boxer web",inactive,,,,"Con el presupuesto del conjunto de anuncios",0,0,0,0,"En curso","7 días tras clic o 1 día tras visualización",0,,0,0
2026-09-02,2026-09-02,"Interacción Contenido - Feed",inactive,,,,"Con el presupuesto del conjunto de anuncios",0,0,0,0,"En curso","7 días tras clic o 1 día tras visualización",0,,0,0
2026-09-01,2026-09-01,"JY | Webinar Mostrador - 17 SEPT 2026",active,,,,"Con el presupuesto del conjunto de anuncios",0,0,0,0,"En curso","7 días tras clic o 1 día tras visualización",0,,0,0
2026-09-01,2026-09-01,"JY | Viajes Presenciales Luciana",active,,,,"Con el presupuesto del conjunto de anuncios",0,0,0,0,"En curso","7 días tras clic o 1 día tras visualización",0,,0,0
2026-09-01,2026-09-01,"JY | Interaccion Boxer Taller",inactive,,,,"Con el presupuesto del conjunto de anuncios",0,0,0,0,"En curso","7 días tras clic o 1 día tras visualización",0,,0,0
2026-09-01,2026-09-01,"JY | Awareness Boxer Taller",active,51,profile_visit_view,47.48,"Con el presupuesto del conjunto de anuncios",0,2421.48,2236,2022,"En curso","1 día tras clic",1082.951699,2.280859,2.373887,2.191413
2026-09-01,2026-09-01,"JY | Conversiones - Copia - Boton a WhatsApp",inactive,3,actions:onsite_conversion.messaging_conversation_started_7d,1839.48666667,"Con el presupuesto del conjunto de anuncios",0,5518.46,4967,4720,"En curso","7 días tras clic o 1 día tras visualización",1111.024763,0.664385,0.127119,0.946245
2026-09-01,2026-09-01,"JY | Remarketing",active,3,actions:lead,2007.16333333,"Con el presupuesto del conjunto de anuncios",0,6021.49,2206,1716,"En curso","7 días tras clic o 1 día tras visualización",2729.596555,0.906618,1.107226,1.269266
2026-09-01,2026-09-01,"JY | Conversiones",active,1,actions:lead,5875.3,"Con el presupuesto del conjunto de anuncios",0,5875.3,1287,1140,"En curso","7 días tras clic o 1 día tras visualización",4565.112665,1.165501,1.315789,2.020202
2026-09-01,2026-09-01,"JY | Awareness",active,80,profile_visit_view,33.692375,"Con el presupuesto del conjunto de anuncios",0,2695.39,3146,3016,"En curso","1 día tras clic",856.767324,2.765416,2.685676,2.765416
2026-09-01,2026-09-01,"Clientes Potenciales - Alta Intencion GEM",inactive,,,,3500,Diario,0,0,0,"En curso","7 días tras clic o 1 día tras visualización",0,,0,0
2026-09-01,2026-09-01,"Yamil | Campaña de Formularios - CENTRO Argentina",inactive,,,,7000,Diario,0,0,0,"En curso","7 días tras clic o 1 día tras visualización",0,,0,0
2026-09-01,2026-09-01,"Yamil | Campaña de Formularios - NO Argentina",inactive,,,,5000,Diario,0,0,0,"En curso","7 días tras clic o 1 día tras visualización",0,,0,0
2026-09-01,2026-09-01,"2. Campaña de Conversiones - Copia",inactive,,,,"Con el presupuesto del conjunto de anuncios",0,0,0,0,"En curso","7 días tras clic o 1 día tras visualización",0,,0,0
2026-09-01,2026-09-01,"7. Clientes potenciales - formulario - Copia",inactive,,,,"Con el presupuesto del conjunto de anuncios",0,0,0,0,"En curso","7 días tras clic o 1 día tras visualización",0,,0,0
2026-09-01,2026-09-01,"5. Campaña de Seguidores",inactive,,,,"Con el presupuesto del conjunto de anuncios",0,0,0,0,"En curso","Configuración de atribución múltiple",0,,0,0
2026-09-01,2026-09-01,"Trafico Boxer web",inactive,,,,"Con el presupuesto del conjunto de anuncios",0,0,0,0,"En curso","7 días tras clic o 1 día tras visualización",0,,0,0
2026-09-01,2026-09-01,"Interacción Contenido - Feed",inactive,,,,"Con el presupuesto del conjunto de anuncios",0,0,0,0,"En curso","7 días tras clic o 1 día tras visualización",0,,0,0
2026-08-31,2026-08-31,"JY | Webinar Mostrador - 17 SEPT 2026",active,,,,"Con el presupuesto del conjunto de anuncios",0,0,0,0,"En curso","7 días tras clic o 1 día tras visualización",0,,0,0
2026-08-31,2026-08-31,"JY | Viajes Presenciales Luciana",active,,,,"Con el presupuesto del conjunto de anuncios",0,0,0,0,"En curso","7 días tras clic o 1 día tras visualización",0,,0,0
2026-08-31,2026-08-31,"JY | Interaccion Boxer Taller",inactive,,,,"Con el presupuesto del conjunto de anuncios",0,0,0,0,"En curso","7 días tras clic o 1 día tras visualización",0,,0,0
2026-08-31,2026-08-31,"JY | Awareness Boxer Taller",active,30,profile_visit_view,63.07266667,"Con el presupuesto del conjunto de anuncios",0,1892.18,1694,1591,"En curso","1 día tras clic",1116.989374,1.711924,1.822753,1.652893
2026-08-31,2026-08-31,"JY | Conversiones - Copia - Boton a WhatsApp",inactive,3,actions:onsite_conversion.messaging_conversation_started_7d,2140.2,"Con el presupuesto del conjunto de anuncios",0,6420.6,7782,7383,"En curso","7 días tras clic o 1 día tras visualización",825.057826,0.706759,0.054179,0.848111
2026-08-31,2026-08-31,"JY | Remarketing",active,1,actions:lead,7132.27,"Con el presupuesto del conjunto de anuncios",0,7132.27,2022,1599,"En curso","7 días tras clic o 1 día tras visualización",3527.334322,0.593472,0.750469,0.98912
2026-08-31,2026-08-31,"JY | Conversiones",active,2,actions:lead,3593.105,"Con el presupuesto del conjunto de anuncios",0,7186.21,1228,1117,"En curso","7 días tras clic o 1 día tras visualización",5851.962541,1.302932,1.342883,2.605863
2026-08-31,2026-08-31,"JY | Awareness",active,64,profile_visit_view,39.63359375,"Con el presupuesto del conjunto de anuncios",0,2536.55,3228,3185,"En curso","1 día tras clic",785.796159,2.04461,2.009419,2.075589
2026-08-31,2026-08-31,"Clientes Potenciales - Alta Intencion GEM",inactive,,,,3500,Diario,0,0,0,"En curso","7 días tras clic o 1 día tras visualización",0,,0,0
2026-08-31,2026-08-31,"Yamil | Campaña de Formularios - CENTRO Argentina",inactive,,,,7000,Diario,0,0,0,"En curso","7 días tras clic o 1 día tras visualización",0,,0,0
2026-08-31,2026-08-31,"Yamil | Campaña de Formularios - NO Argentina",inactive,,,,5000,Diario,0,0,0,"En curso","7 días tras clic o 1 día tras visualización",0,,0,0
2026-08-31,2026-08-31,"2. Campaña de Conversiones - Copia",inactive,,,,"Con el presupuesto del conjunto de anuncios",0,0,0,0,"En curso","7 días tras clic o 1 día tras visualización",0,,0,0
2026-08-31,2026-08-31,"7. Clientes potenciales - formulario - Copia",inactive,,,,"Con el presupuesto del conjunto de anuncios",0,1100.15,245,204,"En curso","7 días tras clic o 1 día tras visualización",4490.408163,0.408163,0.490196,2.44898
2026-08-31,2026-08-31,"5. Campaña de Seguidores",inactive,,,,"Con el presupuesto del conjunto de anuncios",0,0,0,0,"En curso","Configuración de atribución múltiple",0,,0,0
2026-08-31,2026-08-31,"Trafico Boxer web",inactive,,,,"Con el presupuesto del conjunto de anuncios",0,0,0,0,"En curso","7 días tras clic o 1 día tras visualización",0,,0,0
2026-08-31,2026-08-31,"Interacción Contenido - Feed",inactive,,,,"Con el presupuesto del conjunto de anuncios",0,0,0,0,"En curso","7 días tras clic o 1 día tras visualización",0,,0,0
2026-08-30,2026-08-30,"JY | Webinar Mostrador - 17 SEPT 2026",active,,,,"Con el presupuesto del conjunto de anuncios",0,0,0,0,"En curso","7 días tras clic o 1 día tras visualización",0,,0,0
2026-08-30,2026-08-30,"JY | Viajes Presenciales Luciana",active,,,,"Con el presupuesto del conjunto de anuncios",0,0,0,0,"En curso","7 días tras clic o 1 día tras visualización",0,,0,0
2026-08-30,2026-08-30,"JY | Interaccion Boxer Taller",inactive,,,,"Con el presupuesto del conjunto de anuncios",0,0,0,0,"En curso","7 días tras clic o 1 día tras visualización",0,,0,0
2026-08-30,2026-08-30,"JY | Awareness Boxer Taller",active,32,profile_visit_view,70.679375,"Con el presupuesto del conjunto de anuncios",0,2261.74,1988,1872,"En curso","1 día tras clic",1137.696177,1.65996,1.762821,1.559356
2026-08-30,2026-08-30,"JY | Conversiones - Copia - Boton a WhatsApp",inactive,4,actions:onsite_conversion.messaging_conversation_started_7d,1119.765,"Con el presupuesto del conjunto de anuncios",0,4479.06,3430,3430,"En curso","7 días tras clic o 1 día tras visualización",1305.848397,0.845481,0.116618,1.137026
2026-08-30,2026-08-30,"JY | Remarketing",active,3,actions:lead,2445.37333333,"Con el presupuesto del conjunto de anuncios",0,7336.12,2092,1628,"En curso","7 días tras clic o 1 día tras visualización",3506.749522,0.956023,1.228501,1.481836
2026-08-30,2026-08-30,"JY | Conversiones",active,4,actions:lead,2127.235,"Con el presupuesto del conjunto de anuncios",0,8508.94,1618,1456,"En curso","7 días tras clic o 1 día tras visualización",5258.924598,1.297899,1.373626,2.286774
2026-08-30,2026-08-30,"JY | Awareness",active,78,profile_visit_view,40.46897436,"Con el presupuesto del conjunto de anuncios",0,3156.58,4054,4054,"En curso","1 día tras clic",778.633448,1.998027,1.874692,1.97336
2026-08-30,2026-08-30,"Clientes Potenciales - Alta Intencion GEM",inactive,,,,3500,Diario,0,0,0,"En curso","7 días tras clic o 1 día tras visualización",0,,0,0
2026-08-30,2026-08-30,"Yamil | Campaña de Formularios - CENTRO Argentina",inactive,,,,7000,Diario,0,0,0,"En curso","7 días tras clic o 1 día tras visualización",0,,0,0
2026-08-30,2026-08-30,"Yamil | Campaña de Formularios - NO Argentina",inactive,,,,5000,Diario,0,0,0,"En curso","7 días tras clic o 1 día tras visualización",0,,0,0
2026-08-30,2026-08-30,"2. Campaña de Conversiones - Copia",inactive,,,,"Con el presupuesto del conjunto de anuncios",0,0,0,0,"En curso","7 días tras clic o 1 día tras visualización",0,,0,0
2026-08-30,2026-08-30,"7. Clientes potenciales - formulario - Copia",inactive,,,,"Con el presupuesto del conjunto de anuncios",0,3495.42,804,646,"En curso","7 días tras clic o 1 día tras visualización",4347.537313,0.373134,0.464396,0.870647
2026-08-30,2026-08-30,"5. Campaña de Seguidores",inactive,,,,"Con el presupuesto del conjunto de anuncios",0,0,0,0,"En curso","Configuración de atribución múltiple",0,,0,0
2026-08-30,2026-08-30,"Trafico Boxer web",inactive,,,,"Con el presupuesto del conjunto de anuncios",0,0,0,0,"En curso","7 días tras clic o 1 día tras visualización",0,,0,0
2026-08-30,2026-08-30,"Interacción Contenido - Feed",inactive,,,,"Con el presupuesto del conjunto de anuncios",0,0,0,0,"En curso","7 días tras clic o 1 día tras visualización",0,,0,0
2026-08-29,2026-08-29,"JY | Webinar Mostrador - 17 SEPT 2026",active,,,,"Con el presupuesto del conjunto de anuncios",0,0,0,0,"En curso","7 días tras clic o 1 día tras visualización",0,,0,0
2026-08-29,2026-08-29,"JY | Viajes Presenciales Luciana",active,,,,"Con el presupuesto del conjunto de anuncios",0,0,0,0,"En curso","7 días tras clic o 1 día tras visualización",0,,0,0
2026-08-29,2026-08-29,"JY | Interaccion Boxer Taller",inactive,,,,"Con el presupuesto del conjunto de anuncios",0,0,0,0,"En curso","7 días tras clic o 1 día tras visualización",0,,0,0
2026-08-29,2026-08-29,"JY | Awareness Boxer Taller",active,56,profile_visit_view,61.17446429,"Con el presupuesto del conjunto de anuncios",0,3425.77,2822,2679,"En curso","1 día tras clic",1213.951099,2.126152,2.164987,2.090716
2026-08-29,2026-08-29,"JY | Conversiones - Copia - Boton a WhatsApp",inactive,3,actions:onsite_conversion.messaging_conversation_started_7d,1549.2,"Con el presupuesto del conjunto de anuncios",0,4647.6,5006,4862,"En curso","7 días tras clic o 1 día tras visualización",928.405913,0.739113,0.143974,0.958849
2026-08-29,2026-08-29,"JY | Remarketing",active,3,actions:lead,1847.80333333,"Con el presupuesto del conjunto de anuncios",0,5543.41,1685,1462,"En curso","7 días tras clic o 1 día tras visualización",3289.857567,0.771513,0.889193,1.48368
2026-08-29,2026-08-29,"JY | Conversiones",active,1,actions:lead,6314.77,"Con el presupuesto del conjunto de anuncios",0,6314.77,1263,1154,"En curso","7 días tras clic o 1 día tras visualización",4999.817894,0.712589,0.779896,1.821061
2026-08-29,2026-08-29,"JY | Awareness",active,70,profile_visit_view,33.92928571,"Con el presupuesto del conjunto de anuncios",0,2375.05,2794,2793,"En curso","1 día tras clic",850.053686,2.684324,2.434658,2.576951
2026-08-29,2026-08-29,"Clientes Potenciales - Alta Intencion GEM",inactive,,,,3500,Diario,0,0,0,"En curso","7 días tras clic o 1 día tras visualización",0,,0,0
2026-08-29,2026-08-29,"Yamil | Campaña de Formularios - CENTRO Argentina",inactive,,,,7000,Diario,0,0,0,"En curso","7 días tras clic o 1 día tras visualización",0,,0,0
2026-08-29,2026-08-29,"Yamil | Campaña de Formularios - NO Argentina",inactive,,,,5000,Diario,0,0,0,"En curso","7 días tras clic o 1 día tras visualización",0,,0,0
2026-08-29,2026-08-29,"2. Campaña de Conversiones - Copia",inactive,,,,"Con el presupuesto del conjunto de anuncios",0,0,0,0,"En curso","7 días tras clic o 1 día tras visualización",0,,0,0
2026-08-29,2026-08-29,"7. Clientes potenciales - formulario - Copia",inactive,,,,"Con el presupuesto del conjunto de anuncios",0,10154.29,2522,1806,"En curso","7 días tras clic o 1 día tras visualización",4026.284695,0.634417,0.830565,0.991277
2026-08-29,2026-08-29,"5. Campaña de Seguidores",inactive,,,,"Con el presupuesto del conjunto de anuncios",0,0,0,0,"En curso","Configuración de atribución múltiple",0,,0,0
2026-08-29,2026-08-29,"Trafico Boxer web",inactive,,,,"Con el presupuesto del conjunto de anuncios",0,0,0,0,"En curso","7 días tras clic o 1 día tras visualización",0,,0,0
2026-08-29,2026-08-29,"Interacción Contenido - Feed",inactive,,,,"Con el presupuesto del conjunto de anuncios",0,0,0,0,"En curso","7 días tras clic o 1 día tras visualización",0,,0,0
2026-08-28,2026-08-28,"JY | Webinar Mostrador - 17 SEPT 2026",active,,,,"Con el presupuesto del conjunto de anuncios",0,0,0,0,"En curso","7 días tras clic o 1 día tras visualización",0,,0,0
2026-08-28,2026-08-28,"JY | Viajes Presenciales Luciana",active,,,,"Con el presupuesto del conjunto de anuncios",0,0,0,0,"En curso","7 días tras clic o 1 día tras visualización",0,,0,0
2026-08-28,2026-08-28,"JY | Interaccion Boxer Taller",inactive,,,,"Con el presupuesto del conjunto de anuncios",0,0,0,0,"En curso","7 días tras clic o 1 día tras visualización",0,,0,0
2026-08-28,2026-08-28,"JY | Awareness Boxer Taller",active,22,profile_visit_view,156.33181818,"Con el presupuesto del conjunto de anuncios",0,3439.3,1207,1193,"En curso","1 día tras clic",2849.461475,1.822701,1.844091,1.822701
2026-08-28,2026-08-28,"JY | Conversiones - Copia - Boton a WhatsApp",inactive,3,actions:onsite_conversion.messaging_conversation_started_7d,1685.21333333,"Con el presupuesto del conjunto de anuncios",0,5055.64,3830,3643,"En curso","7 días tras clic o 1 día tras visualización",1320.010444,0.731071,0.247049,0.913838
2026-08-28,2026-08-28,"JY | Remarketing",active,2,actions:lead,2943.71,"Con el presupuesto del conjunto de anuncios",0,5887.42,1678,1370,"En curso","7 días tras clic o 1 día tras visualización",3508.593564,0.953516,1.094891,1.430274
2026-08-28,2026-08-28,"JY | Conversiones",active,2,actions:lead,3268.425,"Con el presupuesto del conjunto de anuncios",0,6536.85,1382,1205,"En curso","7 días tras clic o 1 día tras visualización",4729.992764,0.940666,1.078838,1.95369
2026-08-28,2026-08-28,"JY | Awareness",active,52,profile_visit_view,49.00980769,"Con el presupuesto del conjunto de anuncios",0,2548.51,3004,2997,"En curso","1 día tras clic",848.37217,1.664447,1.668335,1.664447
2026-08-28,2026-08-28,"Clientes Potenciales - Alta Intencion GEM",inactive,,,,3500,Diario,0,0,0,"En curso","7 días tras clic o 1 día tras visualización",0,,0,0
2026-08-28,2026-08-28,"Yamil | Campaña de Formularios - CENTRO Argentina",inactive,,,,7000,Diario,0,0,0,"En curso","7 días tras clic o 1 día tras visualización",0,,0,0
2026-08-28,2026-08-28,"Yamil | Campaña de Formularios - NO Argentina",inactive,,,,5000,Diario,0,0,0,"En curso","7 días tras clic o 1 día tras visualización",0,,0,0
2026-08-28,2026-08-28,"2. Campaña de Conversiones - Copia",inactive,,,,"Con el presupuesto del conjunto de anuncios",0,0,0,0,"En curso","7 días tras clic o 1 día tras visualización",0,,0,0
2026-08-28,2026-08-28,"7. Clientes potenciales - formulario - Copia",inactive,2,actions:lead,4925.275,"Con el presupuesto del conjunto de anuncios",0,9850.55,1983,1394,"En curso","7 días tras clic o 1 día tras visualización",4967.498739,0.554715,0.645624,0.907716
2026-08-28,2026-08-28,"5. Campaña de Seguidores",inactive,,,,"Con el presupuesto del conjunto de anuncios",0,0,0,0,"En curso","Configuración de atribución múltiple",0,,0,0
2026-08-28,2026-08-28,"Trafico Boxer web",inactive,,,,"Con el presupuesto del conjunto de anuncios",0,0,0,0,"En curso","7 días tras clic o 1 día tras visualización",0,,0,0
2026-08-28,2026-08-28,"Interacción Contenido - Feed",inactive,,,,"Con el presupuesto del conjunto de anuncios",0,0,0,0,"En curso","7 días tras clic o 1 día tras visualización",0,,0,0
2026-08-27,2026-08-27,"JY | Webinar Mostrador - 17 SEPT 2026",active,,,,"Con el presupuesto del conjunto de anuncios",0,0,0,0,"En curso","7 días tras clic o 1 día tras visualización",0,,0,0
2026-08-27,2026-08-27,"JY | Viajes Presenciales Luciana",active,,,,"Con el presupuesto del conjunto de anuncios",0,0,0,0,"En curso","7 días tras clic o 1 día tras visualización",0,,0,0
2026-08-27,2026-08-27,"JY | Interaccion Boxer Taller",inactive,,,,"Con el presupuesto del conjunto de anuncios",0,0,0,0,"En curso","7 días tras clic o 1 día tras visualización",0,,0,0
2026-08-27,2026-08-27,"JY | Awareness Boxer Taller",active,12,profile_visit_view,291.50583333,"Con el presupuesto del conjunto de anuncios",0,3498.07,1091,1091,"En curso","1 día tras clic",3206.296975,1.283226,1.283226,3.116407
2026-08-27,2026-08-27,"JY | Conversiones - Copia - Boton a WhatsApp",inactive,3,actions:onsite_conversion.messaging_conversation_started_7d,1583.24,"Con el presupuesto del conjunto de anuncios",0,4749.72,3154,2863,"En curso","7 días tras clic o 1 día tras visualización",1505.93532,0.538998,0.104785,0.729233
2026-08-27,2026-08-27,"JY | Remarketing",active,3,actions:lead,2074.49333333,"Con el presupuesto del conjunto de anuncios",0,6223.48,1771,1480,"En curso","7 días tras clic o 1 día tras visualización",3514.105025,1.07284,1.283784,1.750423
2026-08-27,2026-08-27,"JY | Conversiones",active,3,actions:lead,2072.27,"Con el presupuesto del conjunto de anuncios",0,6216.81,1044,921,"En curso","7 días tras clic o 1 día tras visualización",5954.798851,1.340996,1.302932,2.586207
2026-08-27,2026-08-27,"JY | Awareness",active,58,profile_visit_view,37.88775862,"Con el presupuesto del conjunto de anuncios",0,2197.49,2611,2608,"En curso","1 día tras clic",841.627729,2.412869,2.147239,2.374569
2026-08-27,2026-08-27,"Clientes Potenciales - Alta Intencion GEM",inactive,,,,3500,Diario,0,0,0,"En curso","7 días tras clic o 1 día tras visualización",0,,0,0
2026-08-27,2026-08-27,"Yamil | Campaña de Formularios - CENTRO Argentina",inactive,,,,7000,Diario,0,0,0,"En curso","7 días tras clic o 1 día tras visualización",0,,0,0
2026-08-27,2026-08-27,"Yamil | Campaña de Formularios - NO Argentina",inactive,,,,5000,Diario,0,0,0,"En curso","7 días tras clic o 1 día tras visualización",0,,0,0
2026-08-27,2026-08-27,"2. Campaña de Conversiones - Copia",inactive,,,,"Con el presupuesto del conjunto de anuncios",0,0,0,0,"En curso","7 días tras clic o 1 día tras visualización",0,,0,0
2026-08-27,2026-08-27,"7. Clientes potenciales - formulario - Copia",inactive,1,actions:lead,4459.33,"Con el presupuesto del conjunto de anuncios",0,4459.33,1009,720,"En curso","7 días tras clic o 1 día tras visualización",4419.554014,0.594648,0.833333,0.99108
2026-08-27,2026-08-27,"5. Campaña de Seguidores",inactive,,,,"Con el presupuesto del conjunto de anuncios",0,0,0,0,"En curso","Configuración de atribución múltiple",0,,0,0
2026-08-27,2026-08-27,"Trafico Boxer web",inactive,,,,"Con el presupuesto del conjunto de anuncios",0,0,0,0,"En curso","7 días tras clic o 1 día tras visualización",0,,0,0
2026-08-27,2026-08-27,"Interacción Contenido - Feed",inactive,,,,"Con el presupuesto del conjunto de anuncios",0,0,0,0,"En curso","7 días tras clic o 1 día tras visualización",0,,0,0
2026-08-26,2026-08-26,"JY | Webinar Mostrador - 17 SEPT 2026",active,,,,"Con el presupuesto del conjunto de anuncios",0,0,0,0,"En curso","7 días tras clic o 1 día tras visualización",0,,0,0
2026-08-26,2026-08-26,"JY | Viajes Presenciales Luciana",active,,,,"Con el presupuesto del conjunto de anuncios",0,0,0,0,"En curso","7 días tras clic o 1 día tras visualización",0,,0,0
2026-08-26,2026-08-26,"JY | Interaccion Boxer Taller",inactive,,,,"Con el presupuesto del conjunto de anuncios",0,0,0,0,"En curso","7 días tras clic o 1 día tras visualización",0,,0,0
2026-08-26,2026-08-26,"JY | Awareness Boxer Taller",active,1,profile_visit_view,757.59,"Con el presupuesto del conjunto de anuncios",0,757.59,219,219,"En curso","1 día tras clic",3459.315068,0.456621,0.456621,1.826484
2026-08-26,2026-08-26,"JY | Conversiones - Copia - Boton a WhatsApp",inactive,5,actions:onsite_conversion.messaging_conversation_started_7d,1146.464,"Con el presupuesto del conjunto de anuncios",0,5732.32,5968,5791,"En curso","7 días tras clic o 1 día tras visualización",960.509383,0.703753,0.120877,0.854558
2026-08-26,2026-08-26,"JY | Remarketing",active,2,actions:lead,3225.87,"Con el presupuesto del conjunto de anuncios",0,6451.74,1776,1505,"En curso","7 días tras clic o 1 día tras visualización",3632.736486,0.900901,1.063123,1.463964
2026-08-26,2026-08-26,"JY | Conversiones",active,1,actions:lead,6420.27,"Con el presupuesto del conjunto de anuncios",0,6420.27,1099,969,"En curso","7 días tras clic o 1 día tras visualización",5841.919927,1.273885,1.444788,2.638763
2026-08-26,2026-08-26,"JY | Awareness",active,75,profile_visit_view,34.32546667,"Con el presupuesto del conjunto de anuncios",0,2574.41,3039,3014,"En curso","1 día tras clic",847.124054,2.402106,2.322495,2.402106
2026-08-26,2026-08-26,"Clientes Potenciales - Alta Intencion GEM",inactive,,,,3500,Diario,0,0,0,"En curso","7 días tras clic o 1 día tras visualización",0,,0,0
2026-08-26,2026-08-26,"Yamil | Campaña de Formularios - CENTRO Argentina",inactive,,,,7000,Diario,0,0,0,"En curso","7 días tras clic o 1 día tras visualización",0,,0,0
2026-08-26,2026-08-26,"Yamil | Campaña de Formularios - NO Argentina",inactive,,,,5000,Diario,0,0,0,"En curso","7 días tras clic o 1 día tras visualización",0,,0,0
2026-08-26,2026-08-26,"2. Campaña de Conversiones - Copia",inactive,,,,"Con el presupuesto del conjunto de anuncios",0,0,0,0,"En curso","7 días tras clic o 1 día tras visualización",0,,0,0
2026-08-26,2026-08-26,"7. Clientes potenciales - formulario - Copia",inactive,,,,"Con el presupuesto del conjunto de anuncios",0,0,0,0,"En curso","7 días tras clic o 1 día tras visualización",0,,0,0
2026-08-26,2026-08-26,"5. Campaña de Seguidores",inactive,,,,"Con el presupuesto del conjunto de anuncios",0,0,0,0,"En curso","Configuración de atribución múltiple",0,,0,0
2026-08-26,2026-08-26,"Trafico Boxer web",inactive,,,,"Con el presupuesto del conjunto de anuncios",0,0,0,0,"En curso","7 días tras clic o 1 día tras visualización",0,,0,0
2026-08-26,2026-08-26,"Interacción Contenido - Feed",inactive,,,,"Con el presupuesto del conjunto de anuncios",0,0,0,0,"En curso","7 días tras clic o 1 día tras visualización",0,,0,0
2026-08-25,2026-08-25,"JY | Webinar Mostrador - 17 SEPT 2026",active,,,,"Con el presupuesto del conjunto de anuncios",0,0,0,0,"En curso","7 días tras clic o 1 día tras visualización",0,,0,0
2026-08-25,2026-08-25,"JY | Viajes Presenciales Luciana",active,,,,"Con el presupuesto del conjunto de anuncios",0,0,0,0,"En curso","7 días tras clic o 1 día tras visualización",0,,0,0
2026-08-25,2026-08-25,"JY | Interaccion Boxer Taller",inactive,,,,"Con el presupuesto del conjunto de anuncios",0,0,0,0,"En curso","7 días tras clic o 1 día tras visualización",0,,0,0
2026-08-25,2026-08-25,"JY | Awareness Boxer Taller",active,1,profile_visit_view,300.29,"Con el presupuesto del conjunto de anuncios",0,300.29,143,143,"En curso","1 día tras clic",2099.93007,0.699301,0.699301,2.097902
2026-08-25,2026-08-25,"JY | Conversiones - Copia - Boton a WhatsApp",inactive,2,actions:onsite_conversion.messaging_conversation_started_7d,2534.565,"Con el presupuesto del conjunto de anuncios",0,5069.13,3785,3429,"En curso","7 días tras clic o 1 día tras visualización",1339.268164,0.660502,0.145815,0.977543
2026-08-25,2026-08-25,"JY | Remarketing",active,2,actions:lead,2900,"Con el presupuesto del conjunto de anuncios",0,5800,1709,1370,"En curso","7 días tras clic o 1 día tras visualización",3393.797542,0.93622,1.094891,1.579871
2026-08-25,2026-08-25,"JY | Conversiones",active,3,actions:lead,2429.15666667,"Con el presupuesto del conjunto de anuncios",0,7287.47,1109,972,"En curso","7 días tras clic o 1 día tras visualización",6571.208296,1.082056,1.234568,2.07394
2026-08-25,2026-08-25,"JY | Awareness",active,57,profile_visit_view,38.55578947,"Con el presupuesto del conjunto de anuncios",0,2197.68,2898,2846,"En curso","1 día tras clic",758.343685,1.759834,1.791989,1.794341
2026-08-25,2026-08-25,"Clientes Potenciales - Alta Intencion GEM",inactive,,,,3500,Diario,0,0,0,"En curso","7 días tras clic o 1 día tras visualización",0,,0,0
2026-08-25,2026-08-25,"Yamil | Campaña de Formularios - CENTRO Argentina",inactive,,,,7000,Diario,0,0,0,"En curso","7 días tras clic o 1 día tras visualización",0,,0,0
2026-08-25,2026-08-25,"Yamil | Campaña de Formularios - NO Argentina",inactive,,,,5000,Diario,0,0,0,"En curso","7 días tras clic o 1 día tras visualización",0,,0,0
2026-08-25,2026-08-25,"2. Campaña de Conversiones - Copia",inactive,,,,"Con el presupuesto del conjunto de anuncios",0,0,0,0,"En curso","7 días tras clic o 1 día tras visualización",0,,0,0
2026-08-25,2026-08-25,"7. Clientes potenciales - formulario - Copia",inactive,,,,"Con el presupuesto del conjunto de anuncios",0,1176.85,290,239,"En curso","7 días tras clic o 1 día tras visualización",4058.103448,0.344828,0.41841,0.689655
2026-08-25,2026-08-25,"5. Campaña de Seguidores",inactive,,,,"Con el presupuesto del conjunto de anuncios",0,0,0,0,"En curso","Configuración de atribución múltiple",0,,0,0
2026-08-25,2026-08-25,"Trafico Boxer web",inactive,,,,"Con el presupuesto del conjunto de anuncios",0,0,0,0,"En curso","7 días tras clic o 1 día tras visualización",0,,0,0
2026-08-25,2026-08-25,"Interacción Contenido - Feed",inactive,,,,"Con el presupuesto del conjunto de anuncios",0,0,0,0,"En curso","7 días tras clic o 1 día tras visualización",0,,0,0
2026-08-24,2026-08-24,"JY | Webinar Mostrador - 17 SEPT 2026",active,,,,"Con el presupuesto del conjunto de anuncios",0,0,0,0,"En curso","7 días tras clic o 1 día tras visualización",0,,0,0
2026-08-24,2026-08-24,"JY | Viajes Presenciales Luciana",active,,,,"Con el presupuesto del conjunto de anuncios",0,0,0,0,"En curso","7 días tras clic o 1 día tras visualización",0,,0,0
2026-08-24,2026-08-24,"JY | Interaccion Boxer Taller",inactive,,,,"Con el presupuesto del conjunto de anuncios",0,0,0,0,"En curso","7 días tras clic o 1 día tras visualización",0,,0,0
2026-08-24,2026-08-24,"JY | Awareness Boxer Taller",active,6,profile_visit_view,319.94833333,"Con el presupuesto del conjunto de anuncios",0,1919.69,558,556,"En curso","1 día tras clic",3440.30466,1.075269,1.079137,2.329749
2026-08-24,2026-08-24,"JY | Conversiones - Copia - Boton a WhatsApp",inactive,5,actions:onsite_conversion.messaging_conversation_started_7d,1026.16,"Con el presupuesto del conjunto de anuncios",0,5130.8,2326,1333,"En curso","7 días tras clic o 1 día tras visualización",2205.846948,0.730868,0.750188,1.203783
2026-08-24,2026-08-24,"JY | Remarketing",active,,,,"Con el presupuesto del conjunto de anuncios",0,5372.57,1546,1316,"En curso","7 días tras clic o 1 día tras visualización",3475.142303,1.164295,1.291793,1.552393
2026-08-24,2026-08-24,"JY | Conversiones",active,5,actions:lead,1492.958,"Con el presupuesto del conjunto de anuncios",0,7464.79,1081,925,"En curso","7 días tras clic o 1 día tras visualización",6905.448659,1.387604,1.621622,2.40518
2026-08-24,2026-08-24,"JY | Awareness",active,89,profile_visit_view,29.34033708,"Con el presupuesto del conjunto de anuncios",0,2611.29,3341,3296,"En curso","1 día tras clic",781.589345,2.544148,2.457524,2.544148
2026-08-24,2026-08-24,"Clientes Potenciales - Alta Intencion GEM",inactive,,,,3500,Diario,0,0,0,"En curso","7 días tras clic o 1 día tras visualización",0,,0,0
2026-08-24,2026-08-24,"Yamil | Campaña de Formularios - CENTRO Argentina",inactive,,,,7000,Diario,0,0,0,"En curso","7 días tras clic o 1 día tras visualización",0,,0,0
2026-08-24,2026-08-24,"Yamil | Campaña de Formularios - NO Argentina",inactive,,,,5000,Diario,0,0,0,"En curso","7 días tras clic o 1 día tras visualización",0,,0,0
2026-08-24,2026-08-24,"2. Campaña de Conversiones - Copia",inactive,,,,"Con el presupuesto del conjunto de anuncios",0,0,0,0,"En curso","7 días tras clic o 1 día tras visualización",0,,0,0
2026-08-24,2026-08-24,"7. Clientes potenciales - formulario - Copia",inactive,,,,"Con el presupuesto del conjunto de anuncios",0,3186.67,950,767,"En curso","7 días tras clic o 1 día tras visualización",3354.389474,1.473684,1.564537,2.315789
2026-08-24,2026-08-24,"5. Campaña de Seguidores",inactive,,,,"Con el presupuesto del conjunto de anuncios",0,0,0,0,"En curso","Configuración de atribución múltiple",0,,0,0
2026-08-24,2026-08-24,"Trafico Boxer web",inactive,,,,"Con el presupuesto del conjunto de anuncios",0,0,0,0,"En curso","7 días tras clic o 1 día tras visualización",0,,0,0
2026-08-24,2026-08-24,"Interacción Contenido - Feed",inactive,,,,"Con el presupuesto del conjunto de anuncios",0,0,0,0,"En curso","7 días tras clic o 1 día tras visualización",0,,0,0
2026-08-23,2026-08-23,"JY | Webinar Mostrador - 17 SEPT 2026",active,,,,"Con el presupuesto del conjunto de anuncios",0,0,0,0,"En curso","7 días tras clic o 1 día tras visualización",0,,0,0
2026-08-23,2026-08-23,"JY | Viajes Presenciales Luciana",active,,,,"Con el presupuesto del conjunto de anuncios",0,0,0,0,"En curso","7 días tras clic o 1 día tras visualización",0,,0,0
2026-08-23,2026-08-23,"JY | Interaccion Boxer Taller",inactive,,,,"Con el presupuesto del conjunto de anuncios",0,0,0,0,"En curso","7 días tras clic o 1 día tras visualización",0,,0,0
2026-08-23,2026-08-23,"JY | Awareness Boxer Taller",active,2,profile_visit_view,114.87,"Con el presupuesto del conjunto de anuncios",0,229.74,94,94,"En curso","1 día tras clic",2444.042553,2.12766,2.12766,2.12766
2026-08-23,2026-08-23,"JY | Conversiones - Copia - Boton a WhatsApp",inactive,2,actions:onsite_conversion.messaging_conversation_started_7d,2230.25,"Con el presupuesto del conjunto de anuncios",0,4460.5,5055,4544,"En curso","7 días tras clic o 1 día tras visualización",882.39367,0.731949,0.132042,0.811078
2026-08-23,2026-08-23,"JY | Remarketing",active,1,actions:lead,6539.44,"Con el presupuesto del conjunto de anuncios",0,6539.44,1738,1430,"En curso","7 días tras clic o 1 día tras visualización",3762.623705,0.632911,0.769231,1.265823
2026-08-23,2026-08-23,"JY | Conversiones",active,3,actions:lead,2884.27,"Con el presupuesto del conjunto de anuncios",0,8652.81,1336,1216,"En curso","7 días tras clic o 1 día tras visualización",6476.654192,1.272455,1.151316,2.47006
2026-08-23,2026-08-23,"JY | Awareness",active,80,profile_visit_view,37.350625,"Con el presupuesto del conjunto de anuncios",0,2988.05,3701,3701,"En curso","1 día tras clic",807.362875,2.134558,2.080519,2.107539
2026-08-23,2026-08-23,"Clientes Potenciales - Alta Intencion GEM",inactive,,,,3500,Diario,0,0,0,"En curso","7 días tras clic o 1 día tras visualización",0,,0,0
2026-08-23,2026-08-23,"Yamil | Campaña de Formularios - CENTRO Argentina",inactive,,,,7000,Diario,0,0,0,"En curso","7 días tras clic o 1 día tras visualización",0,,0,0
2026-08-23,2026-08-23,"Yamil | Campaña de Formularios - NO Argentina",inactive,,,,5000,Diario,0,0,0,"En curso","7 días tras clic o 1 día tras visualización",0,,0,0
2026-08-23,2026-08-23,"2. Campaña de Conversiones - Copia",inactive,,,,"Con el presupuesto del conjunto de anuncios",0,0,0,0,"En curso","7 días tras clic o 1 día tras visualización",0,,0,0
2026-08-23,2026-08-23,"7. Clientes potenciales - formulario - Copia",inactive,3,actions:lead,1832.99333333,"Con el presupuesto del conjunto de anuncios",0,5498.98,2051,1777,"En curso","7 días tras clic o 1 día tras visualización",2681.121404,0.682594,0.787845,1.755241
2026-08-23,2026-08-23,"5. Campaña de Seguidores",inactive,,,,"Con el presupuesto del conjunto de anuncios",0,0,0,0,"En curso","Configuración de atribución múltiple",0,,0,0
2026-08-23,2026-08-23,"Trafico Boxer web",inactive,,,,"Con el presupuesto del conjunto de anuncios",0,0,0,0,"En curso","7 días tras clic o 1 día tras visualización",0,,0,0
2026-08-23,2026-08-23,"Interacción Contenido - Feed",inactive,,,,"Con el presupuesto del conjunto de anuncios",0,0,0,0,"En curso","7 días tras clic o 1 día tras visualización",0,,0,0
2026-08-22,2026-08-22,"JY | Webinar Mostrador - 17 SEPT 2026",active,,,,"Con el presupuesto del conjunto de anuncios",0,0,0,0,"En curso","7 días tras clic o 1 día tras visualización",0,,0,0
2026-08-22,2026-08-22,"JY | Viajes Presenciales Luciana",active,,,,"Con el presupuesto del conjunto de anuncios",0,0,0,0,"En curso","7 días tras clic o 1 día tras visualización",0,,0,0
2026-08-22,2026-08-22,"JY | Interaccion Boxer Taller",inactive,,,,"Con el presupuesto del conjunto de anuncios",0,0,0,0,"En curso","7 días tras clic o 1 día tras visualización",0,,0,0
2026-08-22,2026-08-22,"JY | Awareness Boxer Taller",active,11,profile_visit_view,309.24,"Con el presupuesto del conjunto de anuncios",0,3401.64,991,991,"En curso","1 día tras clic",3432.532795,1.210898,1.210898,3.128153
2026-08-22,2026-08-22,"JY | Conversiones - Copia - Boton a WhatsApp",inactive,1,actions:onsite_conversion.messaging_conversation_started_7d,2947.17,"Con el presupuesto del conjunto de anuncios",0,2947.17,2306,2256,"En curso","7 días tras clic o 1 día tras visualización",1278.044232,0.563747,0.177305,0.607112
2026-08-22,2026-08-22,"JY | Remarketing",active,1,actions:lead,4786.14,"Con el presupuesto del conjunto de anuncios",0,4786.14,1568,1292,"En curso","7 días tras clic o 1 día tras visualización",3052.385204,1.27551,1.470588,1.658163
2026-08-22,2026-08-22,"JY | Conversiones",active,,,,"Con el presupuesto del conjunto de anuncios",0,4056.36,659,607,"En curso","7 días tras clic o 1 día tras visualización",6155.326252,1.365706,1.317957,2.124431
2026-08-22,2026-08-22,"JY | Awareness",active,64,profile_visit_view,36.4309375,"Con el presupuesto del conjunto de anuncios",0,2331.58,2737,2711,"En curso","1 día tras clic",851.874315,2.192181,2.139432,2.192181
2026-08-22,2026-08-22,"Clientes Potenciales - Alta Intencion GEM",inactive,,,,3500,Diario,0,0,0,"En curso","7 días tras clic o 1 día tras visualización",0,,0,0
2026-08-22,2026-08-22,"Yamil | Campaña de Formularios - CENTRO Argentina",inactive,,,,7000,Diario,0,0,0,"En curso","7 días tras clic o 1 día tras visualización",0,,0,0
2026-08-22,2026-08-22,"Yamil | Campaña de Formularios - NO Argentina",inactive,,,,5000,Diario,0,0,0,"En curso","7 días tras clic o 1 día tras visualización",0,,0,0
2026-08-22,2026-08-22,"2. Campaña de Conversiones - Copia",inactive,,,,"Con el presupuesto del conjunto de anuncios",0,0,0,0,"En curso","7 días tras clic o 1 día tras visualización",0,,0,0
2026-08-22,2026-08-22,"7. Clientes potenciales - formulario - Copia",inactive,,,,"Con el presupuesto del conjunto de anuncios",0,3450.58,1356,1178,"En curso","7 días tras clic o 1 día tras visualización",2544.675516,0.811209,0.933786,1.843658
2026-08-22,2026-08-22,"5. Campaña de Seguidores",inactive,,,,"Con el presupuesto del conjunto de anuncios",0,0,0,0,"En curso","Configuración de atribución múltiple",0,,0,0
2026-08-22,2026-08-22,"Trafico Boxer web",inactive,,,,"Con el presupuesto del conjunto de anuncios",0,0,0,0,"En curso","7 días tras clic o 1 día tras visualización",0,,0,0
2026-08-22,2026-08-22,"Interacción Contenido - Feed",inactive,,,,"Con el presupuesto del conjunto de anuncios",0,0,0,0,"En curso","7 días tras clic o 1 día tras visualización",0,,0,0
2026-08-21,2026-08-21,"JY | Webinar Mostrador - 17 SEPT 2026",active,,,,"Con el presupuesto del conjunto de anuncios",0,0,0,0,"En curso","7 días tras clic o 1 día tras visualización",0,,0,0
2026-08-21,2026-08-21,"JY | Viajes Presenciales Luciana",active,,,,"Con el presupuesto del conjunto de anuncios",0,0,0,0,"En curso","7 días tras clic o 1 día tras visualización",0,,0,0
2026-08-21,2026-08-21,"JY | Interaccion Boxer Taller",inactive,,,,"Con el presupuesto del conjunto de anuncios",0,0,0,0,"En curso","7 días tras clic o 1 día tras visualización",0,,0,0
2026-08-21,2026-08-21,"JY | Awareness Boxer Taller",active,2,profile_visit_view,252.63,"Con el presupuesto del conjunto de anuncios",0,505.26,137,137,"En curso","1 día tras clic",3688.029197,1.459854,1.459854,2.919708
2026-08-21,2026-08-21,"JY | Conversiones - Copia - Boton a WhatsApp",inactive,6,actions:onsite_conversion.messaging_conversation_started_7d,687.47333333,"Con el presupuesto del conjunto de anuncios",0,4124.84,4759,4747,"En curso","7 días tras clic o 1 día tras visualización",866.745115,0.903551,0.084264,1.092667
2026-08-21,2026-08-21,"JY | Remarketing",active,1,actions:lead,5402.64,"Con el presupuesto del conjunto de anuncios",0,5402.64,1512,1223,"En curso","7 días tras clic o 1 día tras visualización",3573.174603,1.124339,1.390025,1.587302
2026-08-21,2026-08-21,"JY | Conversiones",active,3,actions:lead,3181.09333333,"Con el presupuesto del conjunto de anuncios",0,9543.28,2211,1952,"En curso","7 días tras clic o 1 día tras visualización",4316.27318,0.633198,0.717213,0.995025
2026-08-21,2026-08-21,"JY | Awareness",active,54,profile_visit_view,44.99888889,"Con el presupuesto del conjunto de anuncios",0,2429.94,2922,2785,"En curso","1 día tras clic",831.601643,1.676934,1.759425,1.676934
2026-08-21,2026-08-21,"Clientes Potenciales - Alta Intencion GEM",inactive,,,,3500,Diario,0,0,0,"En curso","7 días tras clic o 1 día tras visualización",0,,0,0
2026-08-21,2026-08-21,"Yamil | Campaña de Formularios - CENTRO Argentina",inactive,,,,7000,Diario,0,0,0,"En curso","7 días tras clic o 1 día tras visualización",0,,0,0
2026-08-21,2026-08-21,"Yamil | Campaña de Formularios - NO Argentina",inactive,,,,5000,Diario,0,0,0,"En curso","7 días tras clic o 1 día tras visualización",0,,0,0
2026-08-21,2026-08-21,"2. Campaña de Conversiones - Copia",inactive,,,,"Con el presupuesto del conjunto de anuncios",0,0,0,0,"En curso","7 días tras clic o 1 día tras visualización",0,,0,0
2026-08-21,2026-08-21,"7. Clientes potenciales - formulario - Copia",inactive,2,actions:lead,3345.78,"Con el presupuesto del conjunto de anuncios",0,6691.56,1890,1670,"En curso","7 días tras clic o 1 día tras visualización",3540.507937,0.899471,1.017964,1.693122
2026-08-21,2026-08-21,"5. Campaña de Seguidores",inactive,,,,"Con el presupuesto del conjunto de anuncios",0,0,0,0,"En curso","Configuración de atribución múltiple",0,,0,0
2026-08-21,2026-08-21,"Trafico Boxer web",inactive,,,,"Con el presupuesto del conjunto de anuncios",0,0,0,0,"En curso","7 días tras clic o 1 día tras visualización",0,,0,0
2026-08-21,2026-08-21,"Interacción Contenido - Feed",inactive,,,,"Con el presupuesto del conjunto de anuncios",0,0,0,0,"En curso","7 días tras clic o 1 día tras visualización",0,,0,0
2026-08-20,2026-08-20,"JY | Webinar Mostrador - 17 SEPT 2026",active,,,,"Con el presupuesto del conjunto de anuncios",0,0,0,0,"En curso","7 días tras clic o 1 día tras visualización",0,,0,0
2026-08-20,2026-08-20,"JY | Viajes Presenciales Luciana",active,,,,"Con el presupuesto del conjunto de anuncios",0,0,0,0,"En curso","7 días tras clic o 1 día tras visualización",0,,0,0
2026-08-20,2026-08-20,"JY | Interaccion Boxer Taller",inactive,,,,"Con el presupuesto del conjunto de anuncios",0,0,0,0,"En curso","7 días tras clic o 1 día tras visualización",0,,0,0
2026-08-20,2026-08-20,"JY | Awareness Boxer Taller",active,1,profile_visit_view,110.7,"Con el presupuesto del conjunto de anuncios",0,110.7,41,41,"En curso","1 día tras clic",2700,2.439024,2.439024,4.878049
2026-08-20,2026-08-20,"JY | Conversiones - Copia - Boton a WhatsApp",inactive,3,actions:onsite_conversion.messaging_conversation_started_7d,1698.27,"Con el presupuesto del conjunto de anuncios",0,5094.81,4048,4016,"En curso","7 días tras clic o 1 día tras visualización",1258.599308,0.815217,0.099602,1.037549
2026-08-20,2026-08-20,"JY | Remarketing",active,1,actions:lead,5736.51,"Con el presupuesto del conjunto de anuncios",0,5736.51,1594,1318,"En curso","7 días tras clic o 1 día tras visualización",3598.814304,1.003764,1.213961,1.819322
2026-08-20,2026-08-20,"JY | Conversiones",active,2,actions:lead,3371.97,"Con el presupuesto del conjunto de anuncios",0,6743.94,1947,1756,"En curso","7 días tras clic o 1 día tras visualización",3463.75963,0.97586,1.082005,1.181305
2026-08-20,2026-08-20,"JY | Awareness",active,84,profile_visit_view,31.77059524,"Con el presupuesto del conjunto de anuncios",0,2668.73,3220,3116,"En curso","1 día tras clic",828.798137,2.795031,2.663671,2.670807
2026-08-20,2026-08-20,"Clientes Potenciales - Alta Intencion GEM",inactive,,,,3500,Diario,0,0,0,"En curso","7 días tras clic o 1 día tras visualización",0,,0,0
2026-08-20,2026-08-20,"Yamil | Campaña de Formularios - CENTRO Argentina",inactive,,,,7000,Diario,0,0,0,"En curso","7 días tras clic o 1 día tras visualización",0,,0,0
2026-08-20,2026-08-20,"Yamil | Campaña de Formularios - NO Argentina",inactive,,,,5000,Diario,0,0,0,"En curso","7 días tras clic o 1 día tras visualización",0,,0,0
2026-08-20,2026-08-20,"2. Campaña de Conversiones - Copia",inactive,,,,"Con el presupuesto del conjunto de anuncios",0,0,0,0,"En curso","7 días tras clic o 1 día tras visualización",0,,0,0
2026-08-20,2026-08-20,"7. Clientes potenciales - formulario - Copia",inactive,2,actions:lead,4920.87,"Con el presupuesto del conjunto de anuncios",0,9841.74,2285,1799,"En curso","7 días tras clic o 1 día tras visualización",4307.107221,0.875274,0.944969,1.838074
2026-08-20,2026-08-20,"5. Campaña de Seguidores",inactive,,,,"Con el presupuesto del conjunto de anuncios",0,0,0,0,"En curso","Configuración de atribución múltiple",0,,0,0
2026-08-20,2026-08-20,"Trafico Boxer web",inactive,,,,"Con el presupuesto del conjunto de anuncios",0,0,0,0,"En curso","7 días tras clic o 1 día tras visualización",0,,0,0
2026-08-20,2026-08-20,"Interacción Contenido - Feed",inactive,,,,"Con el presupuesto del conjunto de anuncios",0,0,0,0,"En curso","7 días tras clic o 1 día tras visualización",0,,0,0
2026-08-19,2026-08-19,"JY | Webinar Mostrador - 17 SEPT 2026",active,,,,"Con el presupuesto del conjunto de anuncios",0,0,0,0,"En curso","7 días tras clic o 1 día tras visualización",0,,0,0
2026-08-19,2026-08-19,"JY | Viajes Presenciales Luciana",active,,,,"Con el presupuesto del conjunto de anuncios",0,0,0,0,"En curso","7 días tras clic o 1 día tras visualización",0,,0,0
2026-08-19,2026-08-19,"JY | Interaccion Boxer Taller",inactive,,,,"Con el presupuesto del conjunto de anuncios",0,575.27,182,176,"En curso","7 días tras clic o 1 día tras visualización",3160.824176,,0,1.098901
2026-08-19,2026-08-19,"JY | Awareness Boxer Taller",active,6,profile_visit_view,450.225,"Con el presupuesto del conjunto de anuncios",0,2701.35,811,811,"En curso","1 día tras clic",3330.887793,0.986437,0.986437,2.7127
2026-08-19,2026-08-19,"JY | Conversiones - Copia - Boton a WhatsApp",inactive,4,actions:onsite_conversion.messaging_conversation_started_7d,1528.425,"Con el presupuesto del conjunto de anuncios",0,6113.7,4322,4138,"En curso","7 días tras clic o 1 día tras visualización",1414.553447,0.763535,0.169164,0.971772
2026-08-19,2026-08-19,"JY | Remarketing",active,1,actions:lead,6589.09,"Con el presupuesto del conjunto de anuncios",0,6589.09,1818,1462,"En curso","7 días tras clic o 1 día tras visualización",3624.361936,1.485149,1.709986,1.870187
2026-08-19,2026-08-19,"JY | Conversiones",active,,,,"Con el presupuesto del conjunto de anuncios",0,6434.09,1930,1751,"En curso","7 días tras clic o 1 día tras visualización",3333.725389,1.036269,1.142204,1.502591
2026-08-19,2026-08-19,"JY | Awareness",active,53,profile_visit_view,41.18490566,"Con el presupuesto del conjunto de anuncios",0,2182.8,2680,2641,"En curso","1 día tras clic",814.477612,1.977612,1.855358,1.977612
2026-08-19,2026-08-19,"Clientes Potenciales - Alta Intencion GEM",inactive,,,,3500,Diario,0,0,0,"En curso","7 días tras clic o 1 día tras visualización",0,,0,0
2026-08-19,2026-08-19,"Yamil | Campaña de Formularios - CENTRO Argentina",inactive,,,,7000,Diario,0,0,0,"En curso","7 días tras clic o 1 día tras visualización",0,,0,0
2026-08-19,2026-08-19,"Yamil | Campaña de Formularios - NO Argentina",inactive,,,,5000,Diario,0,0,0,"En curso","7 días tras clic o 1 día tras visualización",0,,0,0
2026-08-19,2026-08-19,"2. Campaña de Conversiones - Copia",inactive,,,,"Con el presupuesto del conjunto de anuncios",0,0,0,0,"En curso","7 días tras clic o 1 día tras visualización",0,,0,0
2026-08-19,2026-08-19,"7. Clientes potenciales - formulario - Copia",inactive,5,actions:lead,1571.444,"Con el presupuesto del conjunto de anuncios",0,7857.22,2258,1777,"En curso","7 días tras clic o 1 día tras visualización",3479.725421,0.797166,1.012943,1.638618
2026-08-19,2026-08-19,"5. Campaña de Seguidores",inactive,,,,"Con el presupuesto del conjunto de anuncios",0,0,0,0,"En curso","Configuración de atribución múltiple",0,,0,0
2026-08-19,2026-08-19,"Trafico Boxer web",inactive,,,,"Con el presupuesto del conjunto de anuncios",0,0,0,0,"En curso","7 días tras clic o 1 día tras visualización",0,,0,0
2026-08-19,2026-08-19,"Interacción Contenido - Feed",inactive,,,,"Con el presupuesto del conjunto de anuncios",0,0,0,0,"En curso","7 días tras clic o 1 día tras visualización",0,,0,0
2026-08-18,2026-08-18,"JY | Webinar Mostrador - 17 SEPT 2026",active,,,,"Con el presupuesto del conjunto de anuncios",0,0,0,0,"En curso","7 días tras clic o 1 día tras visualización",0,,0,0
2026-08-18,2026-08-18,"JY | Viajes Presenciales Luciana",active,,,,"Con el presupuesto del conjunto de anuncios",0,0,0,0,"En curso","7 días tras clic o 1 día tras visualización",0,,0,0
2026-08-18,2026-08-18,"JY | Interaccion Boxer Taller",inactive,1,actions:onsite_conversion.messaging_conversation_started_7d,1111.03,"Con el presupuesto del conjunto de anuncios",0,1111.03,637,613,"En curso","7 días tras clic o 1 día tras visualización",1744.160126,0.156986,0.163132,0.470958
2026-08-18,2026-08-18,"JY | Awareness Boxer Taller",active,6,profile_visit_view,583.33333333,"Con el presupuesto del conjunto de anuncios",0,3500,1082,1079,"En curso","1 día tras clic",3234.750462,0.739372,0.741427,2.772643
2026-08-18,2026-08-18,"JY | Conversiones - Copia - Boton a WhatsApp",inactive,2,actions:onsite_conversion.messaging_conversation_started_7d,2899.105,"Con el presupuesto del conjunto de anuncios",0,5798.21,3888,3636,"En curso","7 días tras clic o 1 día tras visualización",1491.309156,0.668724,0.220022,0.951646
2026-08-18,2026-08-18,"JY | Remarketing",active,2,actions:lead,3156.535,"Con el presupuesto del conjunto de anuncios",0,6313.07,1935,1543,"En curso","7 días tras clic o 1 día tras visualización",3262.568475,0.981912,1.166559,1.498708
2026-08-18,2026-08-18,"JY | Conversiones",active,,,,"Con el presupuesto del conjunto de anuncios",0,7368.94,2356,2055,"En curso","7 días tras clic o 1 día tras visualización",3127.733447,0.636672,0.729927,1.188455
2026-08-18,2026-08-18,"JY | Awareness",active,43,profile_visit_view,50.42767442,"Con el presupuesto del conjunto de anuncios",0,2168.39,2951,2896,"En curso","1 día tras clic",734.798373,1.49102,1.450276,1.49102
2026-08-18,2026-08-18,"Clientes Potenciales - Alta Intencion GEM",inactive,,,,3500,Diario,0,0,0,"En curso","7 días tras clic o 1 día tras visualización",0,,0,0
2026-08-18,2026-08-18,"Yamil | Campaña de Formularios - CENTRO Argentina",inactive,,,,7000,Diario,0,0,0,"En curso","7 días tras clic o 1 día tras visualización",0,,0,0
2026-08-18,2026-08-18,"Yamil | Campaña de Formularios - NO Argentina",inactive,,,,5000,Diario,0,0,0,"En curso","7 días tras clic o 1 día tras visualización",0,,0,0
2026-08-18,2026-08-18,"2. Campaña de Conversiones - Copia",inactive,,,,"Con el presupuesto del conjunto de anuncios",0,0,0,0,"En curso","7 días tras clic o 1 día tras visualización",0,,0,0
2026-08-18,2026-08-18,"7. Clientes potenciales - formulario - Copia",inactive,1,actions:lead,8652.7,"Con el presupuesto del conjunto de anuncios",0,8652.7,2584,2150,"En curso","7 días tras clic o 1 día tras visualización",3348.568111,0.503096,0.55814,1.393189
2026-08-18,2026-08-18,"5. Campaña de Seguidores",inactive,,,,"Con el presupuesto del conjunto de anuncios",0,0,0,0,"En curso","Configuración de atribución múltiple",0,,0,0
2026-08-18,2026-08-18,"Trafico Boxer web",inactive,,,,"Con el presupuesto del conjunto de anuncios",0,0,0,0,"En curso","7 días tras clic o 1 día tras visualización",0,,0,0
2026-08-18,2026-08-18,"Interacción Contenido - Feed",inactive,,,,"Con el presupuesto del conjunto de anuncios",0,0,0,0,"En curso","7 días tras clic o 1 día tras visualización",0,,0,0
2026-08-17,2026-08-17,"JY | Webinar Mostrador - 17 SEPT 2026",active,,,,"Con el presupuesto del conjunto de anuncios",0,0,0,0,"En curso","7 días tras clic o 1 día tras visualización",0,,0,0
2026-08-17,2026-08-17,"JY | Viajes Presenciales Luciana",active,,,,"Con el presupuesto del conjunto de anuncios",0,0,0,0,"En curso","7 días tras clic o 1 día tras visualización",0,,0,0
2026-08-17,2026-08-17,"JY | Interaccion Boxer Taller",inactive,1,actions:onsite_conversion.messaging_conversation_started_7d,2007.9,"Con el presupuesto del conjunto de anuncios",0,2007.9,1611,1560,"En curso","7 días tras clic o 1 día tras visualización",1246.368715,0.806952,0.128205,1.738051
2026-08-17,2026-08-17,"JY | Awareness Boxer Taller",active,2,profile_visit_view,157.695,"Con el presupuesto del conjunto de anuncios",0,315.39,77,77,"En curso","1 día tras clic",4095.974026,2.597403,2.597403,3.896104
2026-08-17,2026-08-17,"JY | Conversiones - Copia - Boton a WhatsApp",inactive,2,actions:onsite_conversion.messaging_conversation_started_7d,3182.405,"Con el presupuesto del conjunto de anuncios",0,6364.81,4225,3739,"En curso","7 días tras clic o 1 día tras visualización",1506.463905,0.757396,0.080235,0.994083
2026-08-17,2026-08-17,"JY | Remarketing",active,1,actions:lead,6623.3,"Con el presupuesto del conjunto de anuncios",0,6623.3,1631,1320,"En curso","7 días tras clic o 1 día tras visualización",4060.882894,0.613121,0.681818,0.980993
2026-08-17,2026-08-17,"JY | Conversiones",active,1,actions:lead,7668.88,"Con el presupuesto del conjunto de anuncios",0,7668.88,2336,2023,"En curso","7 días tras clic o 1 día tras visualización",3282.910959,1.027397,1.087494,1.412671
2026-08-17,2026-08-17,"JY | Awareness",active,88,profile_visit_view,31.74306818,"Con el presupuesto del conjunto de anuncios",0,2793.39,4072,4072,"En curso","1 día tras clic",685.999509,2.03831,1.964637,2.013752
2026-08-17,2026-08-17,"Clientes Potenciales - Alta Intencion GEM",inactive,,,,3500,Diario,0,0,0,"En curso","7 días tras clic o 1 día tras visualización",0,,0,0
2026-08-17,2026-08-17,"Yamil | Campaña de Formularios - CENTRO Argentina",inactive,,,,7000,Diario,0,0,0,"En curso","7 días tras clic o 1 día tras visualización",0,,0,0
2026-08-17,2026-08-17,"Yamil | Campaña de Formularios - NO Argentina",inactive,,,,5000,Diario,0,0,0,"En curso","7 días tras clic o 1 día tras visualización",0,,0,0
2026-08-17,2026-08-17,"2. Campaña de Conversiones - Copia",inactive,,,,"Con el presupuesto del conjunto de anuncios",0,0,0,0,"En curso","7 días tras clic o 1 día tras visualización",0,,0,0
2026-08-17,2026-08-17,"7. Clientes potenciales - formulario - Copia",inactive,3,actions:lead,1744.54333333,"Con el presupuesto del conjunto de anuncios",0,5233.63,1606,1478,"En curso","7 días tras clic o 1 día tras visualización",3258.798257,1.307597,1.420839,2.739726
2026-08-17,2026-08-17,"5. Campaña de Seguidores",inactive,,,,"Con el presupuesto del conjunto de anuncios",0,0,0,0,"En curso","Configuración de atribución múltiple",0,,0,0
2026-08-17,2026-08-17,"Trafico Boxer web",inactive,,,,"Con el presupuesto del conjunto de anuncios",0,0,0,0,"En curso","7 días tras clic o 1 día tras visualización",0,,0,0
2026-08-17,2026-08-17,"Interacción Contenido - Feed",inactive,,,,"Con el presupuesto del conjunto de anuncios",0,0,0,0,"En curso","7 días tras clic o 1 día tras visualización",0,,0,0
2026-08-16,2026-08-16,"JY | Webinar Mostrador - 17 SEPT 2026",active,,,,"Con el presupuesto del conjunto de anuncios",0,0,0,0,"En curso","7 días tras clic o 1 día tras visualización",0,,0,0
2026-08-16,2026-08-16,"JY | Viajes Presenciales Luciana",active,,,,"Con el presupuesto del conjunto de anuncios",0,0,0,0,"En curso","7 días tras clic o 1 día tras visualización",0,,0,0
2026-08-16,2026-08-16,"JY | Interaccion Boxer Taller",inactive,1,actions:onsite_conversion.messaging_conversation_started_7d,1656.52,"Con el presupuesto del conjunto de anuncios",0,1656.52,2842,2842,"En curso","7 días tras clic o 1 día tras visualización",582.871217,0.59817,0.070373,1.020408
2026-08-16,2026-08-16,"JY | Awareness Boxer Taller",active,4,profile_visit_view,167.835,"Con el presupuesto del conjunto de anuncios",0,671.34,144,144,"En curso","1 día tras clic",4662.083333,2.777778,2.777778,4.166667
2026-08-16,2026-08-16,"JY | Conversiones - Copia - Boton a WhatsApp",inactive,2,actions:onsite_conversion.messaging_conversation_started_7d,2276.995,"Con el presupuesto del conjunto de anuncios",0,4553.99,3963,3790,"En curso","7 días tras clic o 1 día tras visualización",1149.126924,0.656069,0.05277,0.832703
2026-08-16,2026-08-16,"JY | Remarketing",active,2,actions:lead,3257.515,"Con el presupuesto del conjunto de anuncios",0,6515.03,1491,1191,"En curso","7 días tras clic o 1 día tras visualización",4369.570758,1.073105,1.343409,1.341382
2026-08-16,2026-08-16,"JY | Conversiones",active,3,actions:lead,2394.79666667,"Con el presupuesto del conjunto de anuncios",0,7184.39,2054,1818,"En curso","7 días tras clic o 1 día tras visualización",3497.755599,1.265823,1.430143,1.801363
2026-08-16,2026-08-16,"JY | Awareness",active,92,profile_visit_view,31.78804348,"Con el presupuesto del conjunto de anuncios",0,2924.5,3944,3894,"En curso","1 día tras clic",741.506085,2.383367,2.259887,2.332657
2026-08-16,2026-08-16,"Clientes Potenciales - Alta Intencion GEM",inactive,,,,3500,Diario,0,0,0,"En curso","7 días tras clic o 1 día tras visualización",0,,0,0
2026-08-16,2026-08-16,"Yamil | Campaña de Formularios - CENTRO Argentina",inactive,,,,7000,Diario,0,0,0,"En curso","7 días tras clic o 1 día tras visualización",0,,0,0
2026-08-16,2026-08-16,"Yamil | Campaña de Formularios - NO Argentina",inactive,,,,5000,Diario,0,0,0,"En curso","7 días tras clic o 1 día tras visualización",0,,0,0
2026-08-16,2026-08-16,"2. Campaña de Conversiones - Copia",inactive,,,,"Con el presupuesto del conjunto de anuncios",0,0,0,0,"En curso","7 días tras clic o 1 día tras visualización",0,,0,0
2026-08-16,2026-08-16,"7. Clientes potenciales - formulario - Copia",inactive,2,actions:lead,2434.705,"Con el presupuesto del conjunto de anuncios",0,4869.41,1672,1560,"En curso","7 días tras clic o 1 día tras visualización",2912.326555,1.016746,1.089744,2.392345
2026-08-16,2026-08-16,"5. Campaña de Seguidores",inactive,,,,"Con el presupuesto del conjunto de anuncios",0,0,0,0,"En curso","Configuración de atribución múltiple",0,,0,0
2026-08-16,2026-08-16,"Trafico Boxer web",inactive,,,,"Con el presupuesto del conjunto de anuncios",0,0,0,0,"En curso","7 días tras clic o 1 día tras visualización",0,,0,0
2026-08-16,2026-08-16,"Interacción Contenido - Feed",inactive,,,,"Con el presupuesto del conjunto de anuncios",0,0,0,0,"En curso","7 días tras clic o 1 día tras visualización",0,,0,0
2026-08-15,2026-08-15,"JY | Webinar Mostrador - 17 SEPT 2026",active,,,,"Con el presupuesto del conjunto de anuncios",0,0,0,0,"En curso","7 días tras clic o 1 día tras visualización",0,,0,0
2026-08-15,2026-08-15,"JY | Viajes Presenciales Luciana",active,,,,"Con el presupuesto del conjunto de anuncios",0,0,0,0,"En curso","7 días tras clic o 1 día tras visualización",0,,0,0
2026-08-15,2026-08-15,"JY | Interaccion Boxer Taller",inactive,,,,"Con el presupuesto del conjunto de anuncios",0,2535.15,1540,1426,"En curso","7 días tras clic o 1 día tras visualización",1646.201299,0.25974,0.210379,0.714286
2026-08-15,2026-08-15,"JY | Awareness Boxer Taller",active,10,profile_visit_view,286.734,"Con el presupuesto del conjunto de anuncios",0,2867.34,825,811,"En curso","1 día tras clic",3475.563636,1.212121,1.233046,2.666667
2026-08-15,2026-08-15,"JY | Conversiones - Copia - Boton a WhatsApp",inactive,1,actions:onsite_conversion.messaging_conversation_started_7d,4873.42,"Con el presupuesto del conjunto de anuncios",0,4873.42,3272,3128,"En curso","7 días tras clic o 1 día tras visualización",1489.43154,0.611247,0.063939,0.825183
2026-08-15,2026-08-15,"JY | Remarketing",active,,,,"Con el presupuesto del conjunto de anuncios",0,5521.02,1261,1061,"En curso","7 días tras clic o 1 día tras visualización",4378.287074,0.951626,1.131008,1.506741
2026-08-15,2026-08-15,"JY | Conversiones",active,,,,"Con el presupuesto del conjunto de anuncios",0,6057.07,2024,1912,"En curso","7 días tras clic o 1 día tras visualización",2992.623518,1.333992,1.359833,1.679842
2026-08-15,2026-08-15,"JY | Awareness",active,57,profile_visit_view,41.04859649,"Con el presupuesto del conjunto de anuncios",0,2339.77,3014,3014,"En curso","1 día tras clic",776.300597,1.824818,1.824818,1.857996
2026-08-15,2026-08-15,"Clientes Potenciales - Alta Intencion GEM",inactive,,,,3500,Diario,0,0,0,"En curso","7 días tras clic o 1 día tras visualización",0,,0,0
2026-08-15,2026-08-15,"Yamil | Campaña de Formularios - CENTRO Argentina",inactive,,,,7000,Diario,0,0,0,"En curso","7 días tras clic o 1 día tras visualización",0,,0,0
2026-08-15,2026-08-15,"Yamil | Campaña de Formularios - NO Argentina",inactive,,,,5000,Diario,0,0,0,"En curso","7 días tras clic o 1 día tras visualización",0,,0,0
2026-08-15,2026-08-15,"2. Campaña de Conversiones - Copia",inactive,,,,"Con el presupuesto del conjunto de anuncios",0,0,0,0,"En curso","7 días tras clic o 1 día tras visualización",0,,0,0
2026-08-15,2026-08-15,"7. Clientes potenciales - formulario - Copia",inactive,,,,"Con el presupuesto del conjunto de anuncios",0,2603.03,1138,1093,"En curso","7 días tras clic o 1 día tras visualización",2287.372583,0.702988,0.73193,1.757469
2026-08-15,2026-08-15,"5. Campaña de Seguidores",inactive,,,,"Con el presupuesto del conjunto de anuncios",0,0,0,0,"En curso","Configuración de atribución múltiple",0,,0,0
2026-08-15,2026-08-15,"Trafico Boxer web",inactive,,,,"Con el presupuesto del conjunto de anuncios",0,0,0,0,"En curso","7 días tras clic o 1 día tras visualización",0,,0,0
2026-08-15,2026-08-15,"Interacción Contenido - Feed",inactive,,,,"Con el presupuesto del conjunto de anuncios",0,0,0,0,"En curso","7 días tras clic o 1 día tras visualización",0,,0,0
2026-08-14,2026-08-14,"JY | Webinar Mostrador - 17 SEPT 2026",active,,,,"Con el presupuesto del conjunto de anuncios",0,0,0,0,"En curso","7 días tras clic o 1 día tras visualización",0,,0,0
2026-08-14,2026-08-14,"JY | Viajes Presenciales Luciana",active,,,,"Con el presupuesto del conjunto de anuncios",0,0,0,0,"En curso","7 días tras clic o 1 día tras visualización",0,,0,0
2026-08-14,2026-08-14,"JY | Interaccion Boxer Taller",inactive,,,,"Con el presupuesto del conjunto de anuncios",0,717.1,527,510,"En curso","7 días tras clic o 1 día tras visualización",1360.721063,0.759013,0.196078,1.897533
2026-08-14,2026-08-14,"JY | Awareness Boxer Taller",active,4,profile_visit_view,113.965,"Con el presupuesto del conjunto de anuncios",0,455.86,135,135,"En curso","1 día tras clic",3376.740741,2.962963,2.962963,2.962963
2026-08-14,2026-08-14,"JY | Conversiones - Copia - Boton a WhatsApp",inactive,4,actions:onsite_conversion.messaging_conversation_started_7d,1140.745,"Con el presupuesto del conjunto de anuncios",0,4562.98,3711,3390,"En curso","7 días tras clic o 1 día tras visualización",1229.582323,0.646726,0.147493,0.808407
2026-08-14,2026-08-14,"JY | Remarketing",active,1,actions:lead,5447.85,"Con el presupuesto del conjunto de anuncios",0,5447.85,1461,1168,"En curso","7 días tras clic o 1 día tras visualización",3728.850103,1.505818,1.883562,1.916496
2026-08-14,2026-08-14,"JY | Conversiones",active,2,actions:lead,3676.415,"Con el presupuesto del conjunto de anuncios",0,7352.83,2582,2249,"En curso","7 días tras clic o 1 día tras visualización",2847.726569,1.16189,1.333926,1.471727
2026-08-14,2026-08-14,"JY | Awareness",active,63,profile_visit_view,33.94936508,"Con el presupuesto del conjunto de anuncios",0,2138.81,2631,2542,"En curso","1 día tras clic",812.926644,2.31851,2.360346,2.31851
2026-08-14,2026-08-14,"Clientes Potenciales - Alta Intencion GEM",inactive,,,,3500,Diario,0,0,0,"En curso","7 días tras clic o 1 día tras visualización",0,,0,0
2026-08-14,2026-08-14,"Yamil | Campaña de Formularios - CENTRO Argentina",inactive,,,,7000,Diario,0,0,0,"En curso","7 días tras clic o 1 día tras visualización",0,,0,0
2026-08-14,2026-08-14,"Yamil | Campaña de Formularios - NO Argentina",inactive,,,,5000,Diario,0,0,0,"En curso","7 días tras clic o 1 día tras visualización",0,,0,0
2026-08-14,2026-08-14,"2. Campaña de Conversiones - Copia",inactive,,,,"Con el presupuesto del conjunto de anuncios",0,0,0,0,"En curso","7 días tras clic o 1 día tras visualización",0,,0,0
2026-08-14,2026-08-14,"7. Clientes potenciales - formulario - Copia",inactive,,,,"Con el presupuesto del conjunto de anuncios",0,3861.3,1574,1458,"En curso","7 días tras clic o 1 día tras visualización",2453.17662,0.508259,0.548697,1.778907
2026-08-14,2026-08-14,"5. Campaña de Seguidores",inactive,,,,"Con el presupuesto del conjunto de anuncios",0,0,0,0,"En curso","Configuración de atribución múltiple",0,,0,0
2026-08-14,2026-08-14,"Trafico Boxer web",inactive,,,,"Con el presupuesto del conjunto de anuncios",0,0,0,0,"En curso","7 días tras clic o 1 día tras visualización",0,,0,0
2026-08-14,2026-08-14,"Interacción Contenido - Feed",inactive,,,,"Con el presupuesto del conjunto de anuncios",0,0,0,0,"En curso","7 días tras clic o 1 día tras visualización",0,,0,0
2026-08-13,2026-08-13,"JY | Webinar Mostrador - 17 SEPT 2026",active,,,,"Con el presupuesto del conjunto de anuncios",0,0,0,0,"En curso","7 días tras clic o 1 día tras visualización",0,,0,0
2026-08-13,2026-08-13,"JY | Viajes Presenciales Luciana",active,,,,"Con el presupuesto del conjunto de anuncios",0,0,0,0,"En curso","7 días tras clic o 1 día tras visualización",0,,0,0
2026-08-13,2026-08-13,"JY | Interaccion Boxer Taller",inactive,,,,"Con el presupuesto del conjunto de anuncios",0,373.62,922,901,"En curso","7 días tras clic o 1 día tras visualización",405.227766,0.759219,0,1.518438
2026-08-13,2026-08-13,"JY | Awareness Boxer Taller",active,3,profile_visit_view,123.38,"Con el presupuesto del conjunto de anuncios",0,370.14,176,176,"En curso","1 día tras clic",2103.068182,1.704545,1.704545,3.409091
2026-08-13,2026-08-13,"JY | Conversiones - Copia - Boton a WhatsApp",inactive,2,actions:onsite_conversion.messaging_conversation_started_7d,2266.055,"Con el presupuesto del conjunto de anuncios",0,4532.11,3085,2831,"En curso","7 días tras clic o 1 día tras visualización",1469.079417,0.583468,0.070646,0.907618
2026-08-13,2026-08-13,"JY | Remarketing",active,,,,"Con el presupuesto del conjunto de anuncios",0,5293.16,1607,1256,"En curso","7 días tras clic o 1 día tras visualización",3293.814561,1.182327,1.512739,1.555694
2026-08-13,2026-08-13,"JY | Conversiones",active,2,actions:lead,3476.34,"Con el presupuesto del conjunto de anuncios",0,6952.68,2427,2161,"En curso","7 días tras clic o 1 día tras visualización",2864.721879,1.112485,1.249422,1.606922
2026-08-13,2026-08-13,"JY | Awareness",active,56,profile_visit_view,38.72196429,"Con el presupuesto del conjunto de anuncios",0,2168.43,2725,2655,"En curso","1 día tras clic",795.754128,1.981651,1.958569,1.944954
2026-08-13,2026-08-13,"Clientes Potenciales - Alta Intencion GEM",inactive,,,,3500,Diario,0,0,0,"En curso","7 días tras clic o 1 día tras visualización",0,,0,0
2026-08-13,2026-08-13,"Yamil | Campaña de Formularios - CENTRO Argentina",inactive,,,,7000,Diario,0,0,0,"En curso","7 días tras clic o 1 día tras visualización",0,,0,0
2026-08-13,2026-08-13,"Yamil | Campaña de Formularios - NO Argentina",inactive,,,,5000,Diario,0,0,0,"En curso","7 días tras clic o 1 día tras visualización",0,,0,0
2026-08-13,2026-08-13,"2. Campaña de Conversiones - Copia",inactive,,,,"Con el presupuesto del conjunto de anuncios",0,0,0,0,"En curso","7 días tras clic o 1 día tras visualización",0,,0,0
2026-08-13,2026-08-13,"7. Clientes potenciales - formulario - Copia",inactive,3,actions:lead,1946.23666667,"Con el presupuesto del conjunto de anuncios",0,5838.71,2002,1742,"En curso","7 días tras clic o 1 día tras visualización",2916.438561,1.248751,1.377727,2.197802
2026-08-13,2026-08-13,"5. Campaña de Seguidores",inactive,,,,"Con el presupuesto del conjunto de anuncios",0,0,0,0,"En curso","Configuración de atribución múltiple",0,,0,0
2026-08-13,2026-08-13,"Trafico Boxer web",inactive,,,,"Con el presupuesto del conjunto de anuncios",0,0,0,0,"En curso","7 días tras clic o 1 día tras visualización",0,,0,0
2026-08-13,2026-08-13,"Interacción Contenido - Feed",inactive,,,,"Con el presupuesto del conjunto de anuncios",0,0,0,0,"En curso","7 días tras clic o 1 día tras visualización",0,,0,0
2026-08-12,2026-08-12,"JY | Webinar Mostrador - 17 SEPT 2026",active,,,,"Con el presupuesto del conjunto de anuncios",0,0,0,0,"En curso","7 días tras clic o 1 día tras visualización",0,,0,0
2026-08-12,2026-08-12,"JY | Viajes Presenciales Luciana",active,,,,"Con el presupuesto del conjunto de anuncios",0,0,0,0,"En curso","7 días tras clic o 1 día tras visualización",0,,0,0
2026-08-12,2026-08-12,"JY | Interaccion Boxer Taller",inactive,,,,"Con el presupuesto del conjunto de anuncios",0,0,0,0,"En curso","7 días tras clic o 1 día tras visualización",0,,0,0
2026-08-12,2026-08-12,"JY | Awareness Boxer Taller",active,10,profile_visit_view,350,"Con el presupuesto del conjunto de anuncios",0,3500,1228,1200,"En curso","1 día tras clic",2850.162866,1.140065,1.166667,1.872964
2026-08-12,2026-08-12,"JY | Conversiones - Copia - Boton a WhatsApp",inactive,1,actions:onsite_conversion.messaging_conversation_started_7d,4646.51,"Con el presupuesto del conjunto de anuncios",0,4646.51,4053,3798,"En curso","7 días tras clic o 1 día tras visualización",1146.437207,0.6415,0.052659,0.789539
2026-08-12,2026-08-12,"JY | Remarketing",active,2,actions:lead,2964.45,"Con el presupuesto del conjunto de anuncios",0,5928.9,1530,1203,"En curso","7 días tras clic o 1 día tras visualización",3875.098039,1.30719,1.66251,1.699346
2026-08-12,2026-08-12,"JY | Conversiones",active,1,actions:lead,6787.88,"Con el presupuesto del conjunto de anuncios",0,6787.88,2245,2011,"En curso","7 días tras clic o 1 día tras visualización",3023.554566,1.024499,1.14371,1.737194
2026-08-12,2026-08-12,"JY | Awareness",active,48,profile_visit_view,45.54083333,"Con el presupuesto del conjunto de anuncios",0,2185.96,2942,2928,"En curso","1 día tras clic",743.018355,1.699524,1.673497,1.733515
2026-08-12,2026-08-12,"Clientes Potenciales - Alta Intencion GEM",inactive,,,,3500,Diario,0,0,0,"En curso","7 días tras clic o 1 día tras visualización",0,,0,0
2026-08-12,2026-08-12,"Yamil | Campaña de Formularios - CENTRO Argentina",inactive,,,,7000,Diario,0,0,0,"En curso","7 días tras clic o 1 día tras visualización",0,,0,0
2026-08-12,2026-08-12,"Yamil | Campaña de Formularios - NO Argentina",inactive,,,,5000,Diario,0,0,0,"En curso","7 días tras clic o 1 día tras visualización",0,,0,0
2026-08-12,2026-08-12,"2. Campaña de Conversiones - Copia",inactive,,,,"Con el presupuesto del conjunto de anuncios",0,0,0,0,"En curso","7 días tras clic o 1 día tras visualización",0,,0,0
2026-08-12,2026-08-12,"7. Clientes potenciales - formulario - Copia",inactive,4,actions:lead,1812.5575,"Con el presupuesto del conjunto de anuncios",0,7250.23,2455,2048,"En curso","7 días tras clic o 1 día tras visualización",2953.250509,1.099796,1.318359,2.281059
2026-08-12,2026-08-12,"5. Campaña de Seguidores",inactive,,,,"Con el presupuesto del conjunto de anuncios",0,0,0,0,"En curso","Configuración de atribución múltiple",0,,0,0
2026-08-12,2026-08-12,"Trafico Boxer web",inactive,,,,"Con el presupuesto del conjunto de anuncios",0,0,0,0,"En curso","7 días tras clic o 1 día tras visualización",0,,0,0
2026-08-12,2026-08-12,"Interacción Contenido - Feed",inactive,,,,"Con el presupuesto del conjunto de anuncios",0,0,0,0,"En curso","7 días tras clic o 1 día tras visualización",0,,0,0
2026-08-11,2026-08-11,"JY | Webinar Mostrador - 17 SEPT 2026",active,,,,"Con el presupuesto del conjunto de anuncios",0,0,0,0,"En curso","7 días tras clic o 1 día tras visualización",0,,0,0
2026-08-11,2026-08-11,"JY | Viajes Presenciales Luciana",active,,,,"Con el presupuesto del conjunto de anuncios",0,0,0,0,"En curso","7 días tras clic o 1 día tras visualización",0,,0,0
2026-08-11,2026-08-11,"JY | Interaccion Boxer Taller",inactive,,,,"Con el presupuesto del conjunto de anuncios",0,0,0,0,"En curso","7 días tras clic o 1 día tras visualización",0,,0,0
2026-08-11,2026-08-11,"JY | Awareness Boxer Taller",active,14,profile_visit_view,250,"Con el presupuesto del conjunto de anuncios",0,3500,1240,1240,"En curso","1 día tras clic",2822.580645,1.290323,1.290323,2.741935
2026-08-11,2026-08-11,"JY | Conversiones - Copia - Boton a WhatsApp",inactive,2,actions:onsite_conversion.messaging_conversation_started_7d,2946.865,"Con el presupuesto del conjunto de anuncios",0,5893.73,3275,2391,"En curso","7 días tras clic o 1 día tras visualización",1799.612214,0.458015,0.250941,0.885496
2026-08-11,2026-08-11,"JY | Remarketing",active,1,actions:lead,6052.33,"Con el presupuesto del conjunto de anuncios",0,6052.33,1846,1560,"En curso","7 días tras clic o 1 día tras visualización",3278.618635,0.975081,1.153846,1.191766
2026-08-11,2026-08-11,"JY | Conversiones",active,,,,"Con el presupuesto del conjunto de anuncios",0,6942.83,2327,2102,"En curso","7 días tras clic o 1 día tras visualización",2983.596906,1.074345,1.189343,1.332187
2026-08-11,2026-08-11,"JY | Awareness",active,59,profile_visit_view,41.78762712,"Con el presupuesto del conjunto de anuncios",0,2465.47,3506,3379,"En curso","1 día tras clic",703.214489,1.654307,1.627701,1.682829
2026-08-11,2026-08-11,"Clientes Potenciales - Alta Intencion GEM",inactive,,,,3500,Diario,0,0,0,"En curso","7 días tras clic o 1 día tras visualización",0,,0,0
2026-08-11,2026-08-11,"Yamil | Campaña de Formularios - CENTRO Argentina",inactive,,,,7000,Diario,0,0,0,"En curso","7 días tras clic o 1 día tras visualización",0,,0,0
2026-08-11,2026-08-11,"Yamil | Campaña de Formularios - NO Argentina",inactive,,,,5000,Diario,0,0,0,"En curso","7 días tras clic o 1 día tras visualización",0,,0,0
2026-08-11,2026-08-11,"2. Campaña de Conversiones - Copia",inactive,,,,"Con el presupuesto del conjunto de anuncios",0,0,0,0,"En curso","7 días tras clic o 1 día tras visualización",0,,0,0
2026-08-11,2026-08-11,"7. Clientes potenciales - formulario - Copia",inactive,2,actions:lead,4423.175,"Con el presupuesto del conjunto de anuncios",0,8846.35,3212,2649,"En curso","7 días tras clic o 1 día tras visualización",2754.156289,1.15193,1.321253,1.867995
2026-08-11,2026-08-11,"5. Campaña de Seguidores",inactive,,,,"Con el presupuesto del conjunto de anuncios",0,0,0,0,"En curso","Configuración de atribución múltiple",0,,0,0
2026-08-11,2026-08-11,"Trafico Boxer web",inactive,,,,"Con el presupuesto del conjunto de anuncios",0,0,0,0,"En curso","7 días tras clic o 1 día tras visualización",0,,0,0
2026-08-11,2026-08-11,"Interacción Contenido - Feed",inactive,,,,"Con el presupuesto del conjunto de anuncios",0,0,0,0,"En curso","7 días tras clic o 1 día tras visualización",0,,0,0
2026-08-10,2026-08-10,"JY | Webinar Mostrador - 17 SEPT 2026",active,,,,"Con el presupuesto del conjunto de anuncios",0,0,0,0,"En curso","7 días tras clic o 1 día tras visualización",0,,0,0
2026-08-10,2026-08-10,"JY | Viajes Presenciales Luciana",active,,,,"Con el presupuesto del conjunto de anuncios",0,0,0,0,"En curso","7 días tras clic o 1 día tras visualización",0,,0,0
2026-08-10,2026-08-10,"JY | Interaccion Boxer Taller",inactive,,,,"Con el presupuesto del conjunto de anuncios",0,0,0,0,"En curso","7 días tras clic o 1 día tras visualización",0,,0,0
2026-08-10,2026-08-10,"JY | Awareness Boxer Taller",active,,,,"Con el presupuesto del conjunto de anuncios",0,161.99,56,56,"En curso","1 día tras clic",2892.678571,,0,0
2026-08-10,2026-08-10,"JY | Conversiones - Copia - Boton a WhatsApp",inactive,1,actions:onsite_conversion.messaging_conversation_started_7d,5799.93,"Con el presupuesto del conjunto de anuncios",0,5799.93,3843,3521,"En curso","7 días tras clic o 1 día tras visualización",1509.21936,0.468384,0.170406,0.962789
2026-08-10,2026-08-10,"JY | Remarketing",active,1,actions:lead,6571.09,"Con el presupuesto del conjunto de anuncios",0,6571.09,2710,2150,"En curso","7 días tras clic o 1 día tras visualización",2424.756458,1.107011,1.209302,1.217712
2026-08-10,2026-08-10,"JY | Conversiones",active,,,,"Con el presupuesto del conjunto de anuncios",0,6438.85,2347,2051,"En curso","7 días tras clic o 1 día tras visualización",2743.438432,0.766937,0.780107,1.150405
2026-08-10,2026-08-10,"JY | Awareness",active,80,profile_visit_view,36.69875,"Con el presupuesto del conjunto de anuncios",0,2935.9,4283,4261,"En curso","1 día tras clic",685.477469,1.891198,1.854025,1.86785
2026-08-10,2026-08-10,"Clientes Potenciales - Alta Intencion GEM",inactive,,,,3500,Diario,0,0,0,"En curso","7 días tras clic o 1 día tras visualización",0,,0,0
2026-08-10,2026-08-10,"Yamil | Campaña de Formularios - CENTRO Argentina",inactive,,,,7000,Diario,0,0,0,"En curso","7 días tras clic o 1 día tras visualización",0,,0,0
2026-08-10,2026-08-10,"Yamil | Campaña de Formularios - NO Argentina",inactive,,,,5000,Diario,0,0,0,"En curso","7 días tras clic o 1 día tras visualización",0,,0,0
2026-08-10,2026-08-10,"2. Campaña de Conversiones - Copia",inactive,,,,"Con el presupuesto del conjunto de anuncios",0,0,0,0,"En curso","7 días tras clic o 1 día tras visualización",0,,0,0
2026-08-10,2026-08-10,"7. Clientes potenciales - formulario - Copia",inactive,8,actions:lead,1488.62625,"Con el presupuesto del conjunto de anuncios",0,11909.01,4571,3726,"En curso","7 días tras clic o 1 día tras visualización",2605.340188,0.787574,0.939345,1.640779
2026-08-10,2026-08-10,"5. Campaña de Seguidores",inactive,,,,"Con el presupuesto del conjunto de anuncios",0,0,0,0,"En curso","Configuración de atribución múltiple",0,,0,0
2026-08-10,2026-08-10,"Trafico Boxer web",inactive,,,,"Con el presupuesto del conjunto de anuncios",0,0,0,0,"En curso","7 días tras clic o 1 día tras visualización",0,,0,0
2026-08-10,2026-08-10,"Interacción Contenido - Feed",inactive,,,,"Con el presupuesto del conjunto de anuncios",0,0,0,0,"En curso","7 días tras clic o 1 día tras visualización",0,,0,0
2026-08-09,2026-08-09,"JY | Webinar Mostrador - 17 SEPT 2026",active,,,,"Con el presupuesto del conjunto de anuncios",0,0,0,0,"En curso","7 días tras clic o 1 día tras visualización",0,,0,0
2026-08-09,2026-08-09,"JY | Viajes Presenciales Luciana",active,,,,"Con el presupuesto del conjunto de anuncios",0,0,0,0,"En curso","7 días tras clic o 1 día tras visualización",0,,0,0
2026-08-09,2026-08-09,"JY | Interaccion Boxer Taller",inactive,,,,"Con el presupuesto del conjunto de anuncios",0,0,0,0,"En curso","7 días tras clic o 1 día tras visualización",0,,0,0
2026-08-09,2026-08-09,"JY | Awareness Boxer Taller",active,2,profile_visit_view,422.095,"Con el presupuesto del conjunto de anuncios",0,844.19,268,267,"En curso","1 día tras clic",3149.962687,0.746269,0.749064,1.492537
2026-08-09,2026-08-09,"JY | Conversiones - Copia - Boton a WhatsApp",inactive,,,,"Con el presupuesto del conjunto de anuncios",0,4308.59,935,817,"En curso","7 días tras clic o 1 día tras visualización",4608.117647,0.427807,0.489596,1.176471
2026-08-09,2026-08-09,"JY | Remarketing",active,1,actions:lead,6892.5,"Con el presupuesto del conjunto de anuncios",0,6892.5,2346,1850,"En curso","7 días tras clic o 1 día tras visualización",2937.97954,1.150895,1.405405,1.40665
2026-08-09,2026-08-09,"JY | Conversiones",active,,,,"Con el presupuesto del conjunto de anuncios",0,8092.24,2511,2227,"En curso","7 días tras clic o 1 día tras visualización",3222.716049,1.274393,1.392007,1.951414
2026-08-09,2026-08-09,"JY | Awareness",active,85,profile_visit_view,38.27141176,"Con el presupuesto del conjunto de anuncios",0,3253.07,5089,5057,"En curso","1 día tras clic",639.235606,1.630969,1.621515,1.630969
2026-08-09,2026-08-09,"Clientes Potenciales - Alta Intencion GEM",inactive,,,,3500,Diario,0,0,0,"En curso","7 días tras clic o 1 día tras visualización",0,,0,0
2026-08-09,2026-08-09,"Yamil | Campaña de Formularios - CENTRO Argentina",inactive,,,,7000,Diario,0,0,0,"En curso","7 días tras clic o 1 día tras visualización",0,,0,0
2026-08-09,2026-08-09,"Yamil | Campaña de Formularios - NO Argentina",inactive,,,,5000,Diario,0,0,0,"En curso","7 días tras clic o 1 día tras visualización",0,,0,0
2026-08-09,2026-08-09,"2. Campaña de Conversiones - Copia",inactive,,,,"Con el presupuesto del conjunto de anuncios",0,0,0,0,"En curso","7 días tras clic o 1 día tras visualización",0,,0,0
2026-08-09,2026-08-09,"7. Clientes potenciales - formulario - Copia",inactive,10,actions:lead,1834.552,"Con el presupuesto del conjunto de anuncios",0,18345.52,5843,4669,"En curso","7 días tras clic o 1 día tras visualización",3139.743283,0.804381,0.985222,1.574534
2026-08-09,2026-08-09,"5. Campaña de Seguidores",inactive,,,,"Con el presupuesto del conjunto de anuncios",0,0,0,0,"En curso","Configuración de atribución múltiple",0,,0,0
2026-08-09,2026-08-09,"Trafico Boxer web",inactive,,,,"Con el presupuesto del conjunto de anuncios",0,0,0,0,"En curso","7 días tras clic o 1 día tras visualización",0,,0,0
2026-08-09,2026-08-09,"Interacción Contenido - Feed",inactive,,,,"Con el presupuesto del conjunto de anuncios",0,0,0,0,"En curso","7 días tras clic o 1 día tras visualización",0,,0,0
2026-08-08,2026-08-08,"JY | Webinar Mostrador - 17 SEPT 2026",active,,,,"Con el presupuesto del conjunto de anuncios",0,0,0,0,"En curso","7 días tras clic o 1 día tras visualización",0,,0,0
2026-08-08,2026-08-08,"JY | Viajes Presenciales Luciana",active,,,,"Con el presupuesto del conjunto de anuncios",0,0,0,0,"En curso","7 días tras clic o 1 día tras visualización",0,,0,0
2026-08-08,2026-08-08,"JY | Interaccion Boxer Taller",inactive,,,,"Con el presupuesto del conjunto de anuncios",0,0,0,0,"En curso","7 días tras clic o 1 día tras visualización",0,,0,0
2026-08-08,2026-08-08,"JY | Awareness Boxer Taller",active,6,profile_visit_view,100.3,"Con el presupuesto del conjunto de anuncios",0,601.8,330,330,"En curso","1 día tras clic",1823.636364,1.818182,1.818182,2.424242
2026-08-08,2026-08-08,"JY | Conversiones - Copia - Boton a WhatsApp",inactive,,,,"Con el presupuesto del conjunto de anuncios",0,3698.56,998,843,"En curso","7 días tras clic o 1 día tras visualización",3705.971944,0.1002,0.118624,0.601202
2026-08-08,2026-08-08,"JY | Remarketing",active,1,actions:lead,5851.92,"Con el presupuesto del conjunto de anuncios",0,5851.92,1867,1619,"En curso","7 días tras clic o 1 día tras visualización",3134.397429,1.339047,1.544163,1.553294
2026-08-08,2026-08-08,"JY | Conversiones",active,1,actions:lead,6548.01,"Con el presupuesto del conjunto de anuncios",0,6548.01,2160,2006,"En curso","7 días tras clic o 1 día tras visualización",3031.486111,1.018519,1.09671,1.435185
2026-08-08,2026-08-08,"JY | Awareness",active,64,profile_visit_view,41.13734375,"Con el presupuesto del conjunto de anuncios",0,2632.79,3197,3147,"En curso","1 día tras clic",823.518924,1.939318,1.938354,1.908039
2026-08-08,2026-08-08,"Clientes Potenciales - Alta Intencion GEM",inactive,,,,3500,Diario,0,0,0,"En curso","7 días tras clic o 1 día tras visualización",0,,0,0
2026-08-08,2026-08-08,"Yamil | Campaña de Formularios - CENTRO Argentina",inactive,,,,7000,Diario,0,0,0,"En curso","7 días tras clic o 1 día tras visualización",0,,0,0
2026-08-08,2026-08-08,"Yamil | Campaña de Formularios - NO Argentina",inactive,,,,5000,Diario,0,0,0,"En curso","7 días tras clic o 1 día tras visualización",0,,0,0
2026-08-08,2026-08-08,"2. Campaña de Conversiones - Copia",inactive,,,,"Con el presupuesto del conjunto de anuncios",0,0,0,0,"En curso","7 días tras clic o 1 día tras visualización",0,,0,0
2026-08-08,2026-08-08,"7. Clientes potenciales - formulario - Copia",inactive,7,actions:lead,2269.30571429,"Con el presupuesto del conjunto de anuncios",0,15885.14,4946,4149,"En curso","7 días tras clic o 1 día tras visualización",3211.714517,0.768298,0.891781,1.415285
2026-08-08,2026-08-08,"5. Campaña de Seguidores",inactive,,,,"Con el presupuesto del conjunto de anuncios",0,0,0,0,"En curso","Configuración de atribución múltiple",0,,0,0
2026-08-08,2026-08-08,"Trafico Boxer web",inactive,,,,"Con el presupuesto del conjunto de anuncios",0,0,0,0,"En curso","7 días tras clic o 1 día tras visualización",0,,0,0
2026-08-08,2026-08-08,"Interacción Contenido - Feed",inactive,,,,"Con el presupuesto del conjunto de anuncios",0,0,0,0,"En curso","7 días tras clic o 1 día tras visualización",0,,0,0
2026-08-07,2026-08-07,"JY | Webinar Mostrador - 17 SEPT 2026",active,,,,"Con el presupuesto del conjunto de anuncios",0,0,0,0,"En curso","7 días tras clic o 1 día tras visualización",0,,0,0
2026-08-07,2026-08-07,"JY | Viajes Presenciales Luciana",active,,,,"Con el presupuesto del conjunto de anuncios",0,0,0,0,"En curso","7 días tras clic o 1 día tras visualización",0,,0,0
2026-08-07,2026-08-07,"JY | Interaccion Boxer Taller",inactive,,,,"Con el presupuesto del conjunto de anuncios",0,0,0,0,"En curso","7 días tras clic o 1 día tras visualización",0,,0,0
2026-08-07,2026-08-07,"JY | Awareness Boxer Taller",active,8,profile_visit_view,437.5,"Con el presupuesto del conjunto de anuncios",0,3500,1232,1218,"En curso","1 día tras clic",2840.909091,0.811688,0.821018,2.353896
2026-08-07,2026-08-07,"JY | Conversiones - Copia - Boton a WhatsApp",inactive,2,actions:onsite_conversion.messaging_conversation_started_7d,2196.1,"Con el presupuesto del conjunto de anuncios",0,4392.2,1272,1067,"En curso","7 días tras clic o 1 día tras visualización",3452.987421,0.393082,0.468604,0.943396
2026-08-07,2026-08-07,"JY | Remarketing",active,,,,"Con el presupuesto del conjunto de anuncios",0,5579.64,1849,1582,"En curso","7 días tras clic o 1 día tras visualización",3017.652785,1.081666,1.264223,1.297999
2026-08-07,2026-08-07,"JY | Conversiones",active,,,,"Con el presupuesto del conjunto de anuncios",0,6126.9,2334,2025,"En curso","7 días tras clic o 1 día tras visualización",2625.064267,0.814053,0.938272,1.113967
2026-08-07,2026-08-07,"JY | Awareness",active,49,profile_visit_view,42.88714286,"Con el presupuesto del conjunto de anuncios",0,2101.47,2717,2627,"En curso","1 día tras clic",773.452337,2.061097,1.827179,1.913876
2026-08-07,2026-08-07,"Clientes Potenciales - Alta Intencion GEM",inactive,,,,3500,Diario,0,0,0,"En curso","7 días tras clic o 1 día tras visualización",0,,0,0
2026-08-07,2026-08-07,"Yamil | Campaña de Formularios - CENTRO Argentina",inactive,,,,7000,Diario,0,0,0,"En curso","7 días tras clic o 1 día tras visualización",0,,0,0
2026-08-07,2026-08-07,"Yamil | Campaña de Formularios - NO Argentina",inactive,,,,5000,Diario,0,0,0,"En curso","7 días tras clic o 1 día tras visualización",0,,0,0
2026-08-07,2026-08-07,"2. Campaña de Conversiones - Copia",inactive,,,,"Con el presupuesto del conjunto de anuncios",0,0,0,0,"En curso","7 días tras clic o 1 día tras visualización",0,,0,0
2026-08-07,2026-08-07,"7. Clientes potenciales - formulario - Copia",inactive,5,actions:lead,2638.936,"Con el presupuesto del conjunto de anuncios",0,13194.68,4280,3504,"En curso","7 días tras clic o 1 día tras visualización",3082.869159,0.864486,1.027397,1.542056
2026-08-07,2026-08-07,"5. Campaña de Seguidores",inactive,,,,"Con el presupuesto del conjunto de anuncios",0,0,0,0,"En curso","Configuración de atribución múltiple",0,,0,0
2026-08-07,2026-08-07,"Trafico Boxer web",inactive,,,,"Con el presupuesto del conjunto de anuncios",0,0,0,0,"En curso","7 días tras clic o 1 día tras visualización",0,,0,0
2026-08-07,2026-08-07,"Interacción Contenido - Feed",inactive,,,,"Con el presupuesto del conjunto de anuncios",0,0,0,0,"En curso","7 días tras clic o 1 día tras visualización",0,,0,0
2026-08-06,2026-08-06,"JY | Webinar Mostrador - 17 SEPT 2026",active,,,,"Con el presupuesto del conjunto de anuncios",0,0,0,0,"En curso","7 días tras clic o 1 día tras visualización",0,,0,0
2026-08-06,2026-08-06,"JY | Viajes Presenciales Luciana",active,,,,"Con el presupuesto del conjunto de anuncios",0,0,0,0,"En curso","7 días tras clic o 1 día tras visualización",0,,0,0
2026-08-06,2026-08-06,"JY | Interaccion Boxer Taller",inactive,,,,"Con el presupuesto del conjunto de anuncios",0,0,0,0,"En curso","7 días tras clic o 1 día tras visualización",0,,0,0
2026-08-06,2026-08-06,"JY | Awareness Boxer Taller",active,,,,"Con el presupuesto del conjunto de anuncios",0,176.93,58,58,"En curso","1 día tras clic",3050.517241,,0,0
2026-08-06,2026-08-06,"JY | Conversiones - Copia - Boton a WhatsApp",inactive,3,actions:onsite_conversion.messaging_conversation_started_7d,1525.53,"Con el presupuesto del conjunto de anuncios",0,4576.59,957,770,"En curso","7 días tras clic o 1 día tras visualización",4782.225705,0.417973,0.519481,1.880878
2026-08-06,2026-08-06,"JY | Remarketing",active,2,actions:lead,3158.605,"Con el presupuesto del conjunto de anuncios",0,6317.21,2191,1723,"En curso","7 días tras clic o 1 día tras visualización",2883.254222,1.049749,1.334881,1.506162
2026-08-06,2026-08-06,"JY | Conversiones",active,,,,"Con el presupuesto del conjunto de anuncios",0,7596.63,2926,2412,"En curso","7 días tras clic o 1 día tras visualización",2596.250854,0.683527,0.787728,1.264525
2026-08-06,2026-08-06,"JY | Awareness",active,75,profile_visit_view,32.61773333,"Con el presupuesto del conjunto de anuncios",0,2446.33,3685,3579,"En curso","1 día tras clic",663.861601,1.981004,1.955854,1.981004
2026-08-06,2026-08-06,"Clientes Potenciales - Alta Intencion GEM",inactive,,,,3500,Diario,0,0,0,"En curso","7 días tras clic o 1 día tras visualización",0,,0,0
2026-08-06,2026-08-06,"Yamil | Campaña de Formularios - CENTRO Argentina",inactive,,,,7000,Diario,0,0,0,"En curso","7 días tras clic o 1 día tras visualización",0,,0,0
2026-08-06,2026-08-06,"Yamil | Campaña de Formularios - NO Argentina",inactive,,,,5000,Diario,0,0,0,"En curso","7 días tras clic o 1 día tras visualización",0,,0,0
2026-08-06,2026-08-06,"2. Campaña de Conversiones - Copia",inactive,,,,"Con el presupuesto del conjunto de anuncios",0,0,0,0,"En curso","7 días tras clic o 1 día tras visualización",0,,0,0
2026-08-06,2026-08-06,"7. Clientes potenciales - formulario - Copia",inactive,12,actions:lead,1211.59083333,"Con el presupuesto del conjunto de anuncios",0,14539.09,5307,4006,"En curso","7 días tras clic o 1 día tras visualización",2739.606181,0.960995,1.248128,1.714716
2026-08-06,2026-08-06,"5. Campaña de Seguidores",inactive,,,,"Con el presupuesto del conjunto de anuncios",0,0,0,0,"En curso","Configuración de atribución múltiple",0,,0,0
2026-08-06,2026-08-06,"Trafico Boxer web",inactive,,,,"Con el presupuesto del conjunto de anuncios",0,0,0,0,"En curso","7 días tras clic o 1 día tras visualización",0,,0,0
2026-08-06,2026-08-06,"Interacción Contenido - Feed",inactive,,,,"Con el presupuesto del conjunto de anuncios",0,0,0,0,"En curso","7 días tras clic o 1 día tras visualización",0,,0,0
2026-08-05,2026-08-05,"JY | Webinar Mostrador - 17 SEPT 2026",active,,,,"Con el presupuesto del conjunto de anuncios",0,0,0,0,"En curso","7 días tras clic o 1 día tras visualización",0,,0,0
2026-08-05,2026-08-05,"JY | Viajes Presenciales Luciana",active,,,,"Con el presupuesto del conjunto de anuncios",0,0,0,0,"En curso","7 días tras clic o 1 día tras visualización",0,,0,0
2026-08-05,2026-08-05,"JY | Interaccion Boxer Taller",inactive,,,,"Con el presupuesto del conjunto de anuncios",0,0,0,0,"En curso","7 días tras clic o 1 día tras visualización",0,,0,0
2026-08-05,2026-08-05,"JY | Awareness Boxer Taller",active,0,profile_visit_view,,"Con el presupuesto del conjunto de anuncios",0,446.17,138,137,"En curso","1 día tras clic",3233.115942,0.724638,0.729927,1.449275
2026-08-05,2026-08-05,"JY | Conversiones - Copia - Boton a WhatsApp",inactive,1,actions:onsite_conversion.messaging_conversation_started_7d,5176.97,"Con el presupuesto del conjunto de anuncios",0,5176.97,1238,1058,"En curso","7 días tras clic o 1 día tras visualización",4181.720517,0.484653,0.567108,0.969305
2026-08-05,2026-08-05,"JY | Remarketing",active,1,actions:lead,5284.04,"Con el presupuesto del conjunto de anuncios",0,5284.04,1951,1643,"En curso","7 días tras clic o 1 día tras visualización",2708.375192,1.127627,1.339014,1.588929
2026-08-05,2026-08-05,"JY | Conversiones",active,,,,"Con el presupuesto del conjunto de anuncios",0,6133.65,2667,2293,"En curso","7 días tras clic o 1 día tras visualización",2299.831271,0.824897,0.959442,1.424822
2026-08-05,2026-08-05,"JY | Awareness",active,64,profile_visit_view,36.05203125,"Con el presupuesto del conjunto de anuncios",0,2307.33,3293,3266,"En curso","1 día tras clic",700.677194,2.004251,1.990202,1.973884
2026-08-05,2026-08-05,"Clientes Potenciales - Alta Intencion GEM",inactive,,,,3500,Diario,0,0,0,"En curso","7 días tras clic o 1 día tras visualización",0,,0,0
2026-08-05,2026-08-05,"Yamil | Campaña de Formularios - CENTRO Argentina",inactive,,,,7000,Diario,0,0,0,"En curso","7 días tras clic o 1 día tras visualización",0,,0,0
2026-08-05,2026-08-05,"Yamil | Campaña de Formularios - NO Argentina",inactive,,,,5000,Diario,0,0,0,"En curso","7 días tras clic o 1 día tras visualización",0,,0,0
2026-08-05,2026-08-05,"2. Campaña de Conversiones - Copia",inactive,,,,"Con el presupuesto del conjunto de anuncios",0,0,0,0,"En curso","7 días tras clic o 1 día tras visualización",0,,0,0
2026-08-05,2026-08-05,"7. Clientes potenciales - formulario - Copia",inactive,6,actions:lead,2429.975,"Con el presupuesto del conjunto de anuncios",0,14579.85,5053,3678,"En curso","7 días tras clic o 1 día tras visualización",2885.38492,0.791609,1.005982,1.444686
2026-08-05,2026-08-05,"5. Campaña de Seguidores",inactive,,,,"Con el presupuesto del conjunto de anuncios",0,0,0,0,"En curso","Configuración de atribución múltiple",0,,0,0
2026-08-05,2026-08-05,"Trafico Boxer web",inactive,,,,"Con el presupuesto del conjunto de anuncios",0,0,0,0,"En curso","7 días tras clic o 1 día tras visualización",0,,0,0
2026-08-05,2026-08-05,"Interacción Contenido - Feed",inactive,,,,"Con el presupuesto del conjunto de anuncios",0,0,0,0,"En curso","7 días tras clic o 1 día tras visualización",0,,0,0
2026-08-04,2026-08-04,"JY | Webinar Mostrador - 17 SEPT 2026",active,,,,"Con el presupuesto del conjunto de anuncios",0,0,0,0,"En curso","7 días tras clic o 1 día tras visualización",0,,0,0
2026-08-04,2026-08-04,"JY | Viajes Presenciales Luciana",active,,,,"Con el presupuesto del conjunto de anuncios",0,0,0,0,"En curso","7 días tras clic o 1 día tras visualización",0,,0,0
2026-08-04,2026-08-04,"JY | Interaccion Boxer Taller",inactive,,,,"Con el presupuesto del conjunto de anuncios",0,0,0,0,"En curso","7 días tras clic o 1 día tras visualización",0,,0,0
2026-08-04,2026-08-04,"JY | Awareness Boxer Taller",active,3,profile_visit_view,468.60666667,"Con el presupuesto del conjunto de anuncios",0,1405.82,379,365,"En curso","1 día tras clic",3709.287599,0.791557,0.821918,1.583113
2026-08-04,2026-08-04,"JY | Conversiones - Copia - Boton a WhatsApp",inactive,1,actions:onsite_conversion.messaging_conversation_started_7d,6130.73,"Con el presupuesto del conjunto de anuncios",0,6130.73,1163,993,"En curso","7 días tras clic o 1 día tras visualización",5271.478934,0.171969,0.20141,1.633706
2026-08-04,2026-08-04,"JY | Remarketing",active,3,actions:lead,2209.58,"Con el presupuesto del conjunto de anuncios",0,6628.74,2443,1894,"En curso","7 días tras clic o 1 día tras visualización",2713.360622,1.227998,1.531151,1.719198
2026-08-04,2026-08-04,"JY | Conversiones",active,1,actions:lead,7588.39,"Con el presupuesto del conjunto de anuncios",0,7588.39,3165,2754,"En curso","7 días tras clic o 1 día tras visualización",2397.595577,0.979463,1.125635,1.421801
2026-08-04,2026-08-04,"JY | Awareness",active,93,profile_visit_view,32.55268817,"Con el presupuesto del conjunto de anuncios",0,3027.4,4865,4731,"En curso","1 día tras clic",622.281603,1.952724,1.944621,1.932169
2026-08-04,2026-08-04,"Clientes Potenciales - Alta Intencion GEM",inactive,,,,3500,Diario,0,0,0,"En curso","7 días tras clic o 1 día tras visualización",0,,0,0
2026-08-04,2026-08-04,"Yamil | Campaña de Formularios - CENTRO Argentina",inactive,,,,7000,Diario,0,0,0,"En curso","7 días tras clic o 1 día tras visualización",0,,0,0
2026-08-04,2026-08-04,"Yamil | Campaña de Formularios - NO Argentina",inactive,,,,5000,Diario,0,0,0,"En curso","7 días tras clic o 1 día tras visualización",0,,0,0
2026-08-04,2026-08-04,"2. Campaña de Conversiones - Copia",inactive,,,,"Con el presupuesto del conjunto de anuncios",0,0,0,0,"En curso","7 días tras clic o 1 día tras visualización",0,,0,0
2026-08-04,2026-08-04,"7. Clientes potenciales - formulario - Copia",inactive,11,actions:lead,1292.67272727,"Con el presupuesto del conjunto de anuncios",0,14219.4,4333,3324,"En curso","7 días tras clic o 1 día tras visualización",3281.652435,0.969305,1.233454,1.707824
2026-08-04,2026-08-04,"5. Campaña de Seguidores",inactive,,,,"Con el presupuesto del conjunto de anuncios",0,0,0,0,"En curso","Configuración de atribución múltiple",0,,0,0
2026-08-04,2026-08-04,"Trafico Boxer web",inactive,,,,"Con el presupuesto del conjunto de anuncios",0,0,0,0,"En curso","7 días tras clic o 1 día tras visualización",0,,0,0
2026-08-04,2026-08-04,"Interacción Contenido - Feed",inactive,,,,"Con el presupuesto del conjunto de anuncios",0,0,0,0,"En curso","7 días tras clic o 1 día tras visualización",0,,0,0
2026-08-03,2026-08-03,"JY | Webinar Mostrador - 17 SEPT 2026",active,,,,"Con el presupuesto del conjunto de anuncios",0,0,0,0,"En curso","7 días tras clic o 1 día tras visualización",0,,0,0
2026-08-03,2026-08-03,"JY | Viajes Presenciales Luciana",active,,,,"Con el presupuesto del conjunto de anuncios",0,0,0,0,"En curso","7 días tras clic o 1 día tras visualización",0,,0,0
2026-08-03,2026-08-03,"JY | Interaccion Boxer Taller",inactive,,,,"Con el presupuesto del conjunto de anuncios",0,0,0,0,"En curso","7 días tras clic o 1 día tras visualización",0,,0,0
2026-08-03,2026-08-03,"JY | Awareness Boxer Taller",active,35,profile_visit_view,24.09542857,"Con el presupuesto del conjunto de anuncios",0,843.34,2434,2434,"En curso","1 día tras clic",346.483155,1.396878,1.396878,1.396878
2026-08-03,2026-08-03,"JY | Conversiones - Copia - Boton a WhatsApp",inactive,4,actions:onsite_conversion.messaging_conversation_started_7d,1490.2375,"Con el presupuesto del conjunto de anuncios",0,5960.95,917,819,"En curso","7 días tras clic o 1 día tras visualización",6500.490731,1.526718,1.709402,2.290076
2026-08-03,2026-08-03,"JY | Remarketing",active,1,actions:lead,6190.59,"Con el presupuesto del conjunto de anuncios",0,6190.59,1860,1520,"En curso","7 días tras clic o 1 día tras visualización",3328.274194,0.698925,0.855263,1.182796
2026-08-03,2026-08-03,"JY | Conversiones",active,2,actions:lead,3248.555,"Con el presupuesto del conjunto de anuncios",0,6497.11,2680,2300,"En curso","7 días tras clic o 1 día tras visualización",2424.294776,1.156716,1.347826,1.641791
2026-08-03,2026-08-03,"JY | Awareness",active,43,profile_visit_view,47.77116279,"Con el presupuesto del conjunto de anuncios",0,2054.16,3269,3229,"En curso","1 día tras clic",628.37565,1.468339,1.300712,1.407158
2026-08-03,2026-08-03,"Clientes Potenciales - Alta Intencion GEM",inactive,,,,3500,Diario,0,0,0,"En curso","7 días tras clic o 1 día tras visualización",0,,0,0
2026-08-03,2026-08-03,"Yamil | Campaña de Formularios - CENTRO Argentina",inactive,,,,7000,Diario,0,0,0,"En curso","7 días tras clic o 1 día tras visualización",0,,0,0
2026-08-03,2026-08-03,"Yamil | Campaña de Formularios - NO Argentina",inactive,,,,5000,Diario,0,0,0,"En curso","7 días tras clic o 1 día tras visualización",0,,0,0
2026-08-03,2026-08-03,"2. Campaña de Conversiones - Copia",inactive,,,,"Con el presupuesto del conjunto de anuncios",0,0,0,0,"En curso","7 días tras clic o 1 día tras visualización",0,,0,0
2026-08-03,2026-08-03,"7. Clientes potenciales - formulario - Copia",inactive,7,actions:lead,1607.30857143,"Con el presupuesto del conjunto de anuncios",0,11251.16,4410,3189,"En curso","7 días tras clic o 1 día tras visualización",2551.283447,0.612245,0.84666,1.292517
2026-08-03,2026-08-03,"5. Campaña de Seguidores",inactive,,,,"Con el presupuesto del conjunto de anuncios",0,0,0,0,"En curso","Configuración de atribución múltiple",0,,0,0
2026-08-03,2026-08-03,"Trafico Boxer web",inactive,,,,"Con el presupuesto del conjunto de anuncios",0,0,0,0,"En curso","7 días tras clic o 1 día tras visualización",0,,0,0
2026-08-03,2026-08-03,"Interacción Contenido - Feed",inactive,,,,"Con el presupuesto del conjunto de anuncios",0,0,0,0,"En curso","7 días tras clic o 1 día tras visualización",0,,0,0
2026-08-02,2026-08-02,"JY | Webinar Mostrador - 17 SEPT 2026",active,,,,"Con el presupuesto del conjunto de anuncios",0,0,0,0,"En curso","7 días tras clic o 1 día tras visualización",0,,0,0
2026-08-02,2026-08-02,"JY | Viajes Presenciales Luciana",active,,,,"Con el presupuesto del conjunto de anuncios",0,0,0,0,"En curso","7 días tras clic o 1 día tras visualización",0,,0,0
2026-08-02,2026-08-02,"JY | Interaccion Boxer Taller",inactive,,,,"Con el presupuesto del conjunto de anuncios",0,0,0,0,"En curso","7 días tras clic o 1 día tras visualización",0,,0,0
2026-08-02,2026-08-02,"JY | Awareness Boxer Taller",active,103,profile_visit_view,22.73320388,"Con el presupuesto del conjunto de anuncios",0,2341.52,6716,6329,"En curso","1 día tras clic",348.648005,1.548541,1.64323,1.548541
2026-08-02,2026-08-02,"JY | Conversiones - Copia - Boton a WhatsApp",inactive,,,,"Con el presupuesto del conjunto de anuncios",0,4977.17,1367,1115,"En curso","7 días tras clic o 1 día tras visualización",3640.943672,0.219459,0.179372,1.170446
2026-08-02,2026-08-02,"JY | Remarketing",active,,,,"Con el presupuesto del conjunto de anuncios",0,6131.79,1824,1501,"En curso","7 días tras clic o 1 día tras visualización",3361.726974,1.041667,1.265823,1.535088
2026-08-02,2026-08-02,"JY | Conversiones",active,3,actions:lead,2799.49666667,"Con el presupuesto del conjunto de anuncios",0,8398.49,3343,2848,"En curso","7 días tras clic o 1 día tras visualización",2512.261442,1.017051,1.19382,1.764882
2026-08-02,2026-08-02,"JY | Awareness",active,77,profile_visit_view,38.05792208,"Con el presupuesto del conjunto de anuncios",0,2930.46,4369,4111,"En curso","1 día tras clic",670.7393,1.739529,1.800049,1.762417
2026-08-02,2026-08-02,"Clientes Potenciales - Alta Intencion GEM",inactive,,,,3500,Diario,0,0,0,"En curso","7 días tras clic o 1 día tras visualización",0,,0,0
2026-08-02,2026-08-02,"Yamil | Campaña de Formularios - CENTRO Argentina",inactive,,,,7000,Diario,0,0,0,"En curso","7 días tras clic o 1 día tras visualización",0,,0,0
2026-08-02,2026-08-02,"Yamil | Campaña de Formularios - NO Argentina",inactive,,,,5000,Diario,0,0,0,"En curso","7 días tras clic o 1 día tras visualización",0,,0,0
2026-08-02,2026-08-02,"2. Campaña de Conversiones - Copia",inactive,,,,"Con el presupuesto del conjunto de anuncios",0,0,0,0,"En curso","7 días tras clic o 1 día tras visualización",0,,0,0
2026-08-02,2026-08-02,"7. Clientes potenciales - formulario - Copia",inactive,6,actions:lead,2158.07166667,"Con el presupuesto del conjunto de anuncios",0,12948.43,5105,3490,"En curso","7 días tras clic o 1 día tras visualización",2536.421156,0.646425,0.859599,1.527914
2026-08-02,2026-08-02,"5. Campaña de Seguidores",inactive,,,,"Con el presupuesto del conjunto de anuncios",0,0,0,0,"En curso","Configuración de atribución múltiple",0,,0,0
2026-08-02,2026-08-02,"Trafico Boxer web",inactive,,,,"Con el presupuesto del conjunto de anuncios",0,0,0,0,"En curso","7 días tras clic o 1 día tras visualización",0,,0,0
2026-08-02,2026-08-02,"Interacción Contenido - Feed",inactive,,,,"Con el presupuesto del conjunto de anuncios",0,0,0,0,"En curso","7 días tras clic o 1 día tras visualización",0,,0,0
2026-08-01,2026-08-01,"JY | Webinar Mostrador - 17 SEPT 2026",active,,,,"Con el presupuesto del conjunto de anuncios",0,0,0,0,"En curso","7 días tras clic o 1 día tras visualización",0,,0,0
2026-08-01,2026-08-01,"JY | Viajes Presenciales Luciana",active,,,,"Con el presupuesto del conjunto de anuncios",0,0,0,0,"En curso","7 días tras clic o 1 día tras visualización",0,,0,0
2026-08-01,2026-08-01,"JY | Interaccion Boxer Taller",inactive,,,,"Con el presupuesto del conjunto de anuncios",0,0,0,0,"En curso","7 días tras clic o 1 día tras visualización",0,,0,0
2026-08-01,2026-08-01,"JY | Awareness Boxer Taller",active,76,profile_visit_view,24.11302632,"Con el presupuesto del conjunto de anuncios",0,1832.59,4702,4702,"En curso","1 día tras clic",389.746916,1.637601,1.616333,1.595066
2026-08-01,2026-08-01,"JY | Conversiones - Copia - Boton a WhatsApp",inactive,1,actions:onsite_conversion.messaging_conversation_started_7d,3472.96,"Con el presupuesto del conjunto de anuncios",0,3472.96,1228,1023,"En curso","7 días tras clic o 1 día tras visualización",2828.143322,0.2443,0.293255,0.488599
2026-08-01,2026-08-01,"JY | Remarketing",active,,,,"Con el presupuesto del conjunto de anuncios",0,4643.74,1655,1418,"En curso","7 días tras clic o 1 día tras visualización",2805.885196,0.906344,0.987306,1.208459
2026-08-01,2026-08-01,"JY | Conversiones",active,3,actions:lead,2325.7,"Con el presupuesto del conjunto de anuncios",0,6977.1,3271,2878,"En curso","7 días tras clic o 1 día tras visualización",2133.017426,1.039437,1.181376,1.436869
2026-08-01,2026-08-01,"JY | Awareness",active,61,profile_visit_view,35.86016393,"Con el presupuesto del conjunto de anuncios",0,2187.47,3264,3240,"En curso","1 día tras clic",670.18076,1.89951,1.882716,1.960784
2026-08-01,2026-08-01,"Clientes Potenciales - Alta Intencion GEM",inactive,,,,3500,Diario,0,0,0,"En curso","7 días tras clic o 1 día tras visualización",0,,0,0
2026-08-01,2026-08-01,"Yamil | Campaña de Formularios - CENTRO Argentina",inactive,,,,7000,Diario,0,0,0,"En curso","7 días tras clic o 1 día tras visualización",0,,0,0
2026-08-01,2026-08-01,"Yamil | Campaña de Formularios - NO Argentina",inactive,,,,5000,Diario,0,0,0,"En curso","7 días tras clic o 1 día tras visualización",0,,0,0
2026-08-01,2026-08-01,"2. Campaña de Conversiones - Copia",inactive,,,,"Con el presupuesto del conjunto de anuncios",0,0,0,0,"En curso","7 días tras clic o 1 día tras visualización",0,,0,0
2026-08-01,2026-08-01,"7. Clientes potenciales - formulario - Copia",inactive,7,actions:lead,1362.48142857,"Con el presupuesto del conjunto de anuncios",0,9537.37,3195,2279,"En curso","7 días tras clic o 1 día tras visualización",2985.092332,0.970266,1.316367,1.752739
2026-08-01,2026-08-01,"5. Campaña de Seguidores",inactive,,,,"Con el presupuesto del conjunto de anuncios",0,0,0,0,"En curso","Configuración de atribución múltiple",0,,0,0
2026-08-01,2026-08-01,"Trafico Boxer web",inactive,,,,"Con el presupuesto del conjunto de anuncios",0,0,0,0,"En curso","7 días tras clic o 1 día tras visualización",0,,0,0
2026-08-01,2026-08-01,"Interacción Contenido - Feed",inactive,,,,"Con el presupuesto del conjunto de anuncios",0,0,0,0,"En curso","7 días tras clic o 1 día tras visualización",0,,0,0
2026-07-31,2026-07-31,"JY | Webinar Mostrador - 17 SEPT 2026",active,,,,"Con el presupuesto del conjunto de anuncios",0,0,0,0,"En curso","7 días tras clic o 1 día tras visualización",0,,0,0
2026-07-31,2026-07-31,"JY | Viajes Presenciales Luciana",active,,,,"Con el presupuesto del conjunto de anuncios",0,0,0,0,"En curso","7 días tras clic o 1 día tras visualización",0,,0,0
2026-07-31,2026-07-31,"JY | Interaccion Boxer Taller",inactive,,,,"Con el presupuesto del conjunto de anuncios",0,0,0,0,"En curso","7 días tras clic o 1 día tras visualización",0,,0,0
2026-07-31,2026-07-31,"JY | Awareness Boxer Taller",active,87,profile_visit_view,26.44655172,"Con el presupuesto del conjunto de anuncios",0,2300.85,5423,5272,"En curso","1 día tras clic",424.276231,1.659598,1.707132,1.659598
2026-07-31,2026-07-31,"JY | Conversiones - Copia - Boton a WhatsApp",inactive,2,actions:onsite_conversion.messaging_conversation_started_7d,2548.62,"Con el presupuesto del conjunto de anuncios",0,5097.24,1412,1134,"En curso","7 días tras clic o 1 día tras visualización",3609.943343,0.708215,0.881834,1.983003
2026-07-31,2026-07-31,"JY | Remarketing",active,2,actions:lead,2776.48,"Con el presupuesto del conjunto de anuncios",0,5552.96,1948,1610,"En curso","7 días tras clic o 1 día tras visualización",2850.595483,0.924025,1.118012,1.180698
2026-07-31,2026-07-31,"JY | Conversiones",active,,,,"Con el presupuesto del conjunto de anuncios",0,5912.79,2573,2373,"En curso","7 días tras clic o 1 día tras visualización",2298.013991,0.310921,0.337126,0.816168
2026-07-31,2026-07-31,"JY | Awareness",active,64,profile_visit_view,38.61375,"Con el presupuesto del conjunto de anuncios",0,2471.28,3141,3140,"En curso","1 día tras clic",786.78128,2.005731,1.942675,2.037568
2026-07-31,2026-07-31,"Clientes Potenciales - Alta Intencion GEM",inactive,,,,3500,Diario,0,0,0,"En curso","7 días tras clic o 1 día tras visualización",0,,0,0
2026-07-31,2026-07-31,"Yamil | Campaña de Formularios - CENTRO Argentina",inactive,,,,7000,Diario,0,0,0,"En curso","7 días tras clic o 1 día tras visualización",0,,0,0
2026-07-31,2026-07-31,"Yamil | Campaña de Formularios - NO Argentina",inactive,,,,5000,Diario,0,0,0,"En curso","7 días tras clic o 1 día tras visualización",0,,0,0
2026-07-31,2026-07-31,"2. Campaña de Conversiones - Copia",inactive,,,,"Con el presupuesto del conjunto de anuncios",0,0,0,0,"En curso","7 días tras clic o 1 día tras visualización",0,,0,0
2026-07-31,2026-07-31,"7. Clientes potenciales - formulario - Copia",inactive,11,actions:lead,1246.94272727,"Con el presupuesto del conjunto de anuncios",0,13716.37,4787,3256,"En curso","7 días tras clic o 1 día tras visualización",2865.337372,1.211615,1.750614,2.026321
2026-07-31,2026-07-31,"5. Campaña de Seguidores",inactive,,,,"Con el presupuesto del conjunto de anuncios",0,0,0,0,"En curso","Configuración de atribución múltiple",0,,0,0
2026-07-31,2026-07-31,"Trafico Boxer web",inactive,,,,"Con el presupuesto del conjunto de anuncios",0,0,0,0,"En curso","7 días tras clic o 1 día tras visualización",0,,0,0
2026-07-31,2026-07-31,"Interacción Contenido - Feed",inactive,,,,"Con el presupuesto del conjunto de anuncios",0,0,0,0,"En curso","7 días tras clic o 1 día tras visualización",0,,0,0
2026-07-30,2026-07-30,"JY | Webinar Mostrador - 17 SEPT 2026",active,,,,"Con el presupuesto del conjunto de anuncios",0,0,0,0,"En curso","7 días tras clic o 1 día tras visualización",0,,0,0
2026-07-30,2026-07-30,"JY | Viajes Presenciales Luciana",active,,,,"Con el presupuesto del conjunto de anuncios",0,0,0,0,"En curso","7 días tras clic o 1 día tras visualización",0,,0,0
2026-07-30,2026-07-30,"JY | Interaccion Boxer Taller",inactive,,,,"Con el presupuesto del conjunto de anuncios",0,0,0,0,"En curso","7 días tras clic o 1 día tras visualización",0,,0,0
2026-07-30,2026-07-30,"JY | Awareness Boxer Taller",active,49,profile_visit_view,33.77938776,"Con el presupuesto del conjunto de anuncios",0,1655.19,3322,3306,"En curso","1 día tras clic",498.251054,1.444913,1.451906,1.444913
2026-07-30,2026-07-30,"JY | Conversiones - Copia - Boton a WhatsApp",inactive,2,actions:onsite_conversion.messaging_conversation_started_7d,2386.645,"Con el presupuesto del conjunto de anuncios",0,4773.29,1178,909,"En curso","7 días tras clic o 1 día tras visualización",4052.028862,0.509338,0.660066,1.697793
2026-07-30,2026-07-30,"JY | Remarketing",active,1,actions:lead,5435.28,"Con el presupuesto del conjunto de anuncios",0,5435.28,1667,1426,"En curso","7 días tras clic o 1 día tras visualización",3260.515897,1.439712,1.683029,2.09958
2026-07-30,2026-07-30,"JY | Conversiones",active,,,,"Con el presupuesto del conjunto de anuncios",0,6350.43,2725,2388,"En curso","7 días tras clic o 1 día tras visualización",2330.433028,0.623853,0.670017,1.100917
2026-07-30,2026-07-30,"JY | Awareness",active,58,profile_visit_view,47.49362069,"Con el presupuesto del conjunto de anuncios",0,2754.63,3351,3301,"En curso","1 día tras clic",822.032229,1.850194,1.817631,1.850194
2026-07-30,2026-07-30,"Clientes Potenciales - Alta Intencion GEM",inactive,,,,3500,Diario,0,0,0,"En curso","7 días tras clic o 1 día tras visualización",0,,0,0
2026-07-30,2026-07-30,"Yamil | Campaña de Formularios - CENTRO Argentina",inactive,,,,7000,Diario,0,0,0,"En curso","7 días tras clic o 1 día tras visualización",0,,0,0
2026-07-30,2026-07-30,"Yamil | Campaña de Formularios - NO Argentina",inactive,,,,5000,Diario,0,0,0,"En curso","7 días tras clic o 1 día tras visualización",0,,0,0
2026-07-30,2026-07-30,"2. Campaña de Conversiones - Copia",inactive,,,,"Con el presupuesto del conjunto de anuncios",0,0,0,0,"En curso","7 días tras clic o 1 día tras visualización",0,,0,0
2026-07-30,2026-07-30,"7. Clientes potenciales - formulario - Copia",inactive,9,actions:lead,1228.43,"Con el presupuesto del conjunto de anuncios",0,11055.87,3608,2669,"En curso","7 días tras clic o 1 día tras visualización",3064.265521,0.970067,1.161484,1.801552
2026-07-30,2026-07-30,"5. Campaña de Seguidores",inactive,,,,"Con el presupuesto del conjunto de anuncios",0,0,0,0,"En curso","Configuración de atribución múltiple",0,,0,0
2026-07-30,2026-07-30,"Trafico Boxer web",inactive,,,,"Con el presupuesto del conjunto de anuncios",0,0,0,0,"En curso","7 días tras clic o 1 día tras visualización",0,,0,0
2026-07-30,2026-07-30,"Interacción Contenido - Feed",inactive,,,,"Con el presupuesto del conjunto de anuncios",0,0,0,0,"En curso","7 días tras clic o 1 día tras visualización",0,,0,0
2026-07-29,2026-07-29,"JY | Webinar Mostrador - 17 SEPT 2026",active,,,,"Con el presupuesto del conjunto de anuncios",0,0,0,0,"En curso","7 días tras clic o 1 día tras visualización",0,,0,0
2026-07-29,2026-07-29,"JY | Viajes Presenciales Luciana",active,,,,"Con el presupuesto del conjunto de anuncios",0,0,0,0,"En curso","7 días tras clic o 1 día tras visualización",0,,0,0
2026-07-29,2026-07-29,"JY | Interaccion Boxer Taller",inactive,,,,"Con el presupuesto del conjunto de anuncios",0,0,0,0,"En curso","7 días tras clic o 1 día tras visualización",0,,0,0
2026-07-29,2026-07-29,"JY | Awareness Boxer Taller",active,42,profile_visit_view,39.13547619,"Con el presupuesto del conjunto de anuncios",0,1643.69,3006,3006,"En curso","1 día tras clic",546.803061,1.430472,1.430472,1.497006
2026-07-29,2026-07-29,"JY | Conversiones - Copia - Boton a WhatsApp",inactive,,,,"Con el presupuesto del conjunto de anuncios",0,4240.86,951,800,"En curso","7 días tras clic o 1 día tras visualización",4459.369085,0.210305,0.25,1.051525
2026-07-29,2026-07-29,"JY | Remarketing",active,1,actions:lead,6795.96,"Con el presupuesto del conjunto de anuncios",0,6795.96,2425,1960,"En curso","7 días tras clic o 1 día tras visualización",2802.457732,1.195876,1.377551,1.56701
2026-07-29,2026-07-29,"JY | Conversiones",active,1,actions:lead,6268.92,"Con el presupuesto del conjunto de anuncios",0,6268.92,3155,2696,"En curso","7 días tras clic o 1 día tras visualización",1986.979398,0.697306,0.816024,1.172742
2026-07-29,2026-07-29,"JY | Awareness",active,47,profile_visit_view,45.14787234,"Con el presupuesto del conjunto de anuncios",0,2121.95,2672,2590,"En curso","1 día tras clic",794.142964,1.833832,1.776062,1.871257
2026-07-29,2026-07-29,"Clientes Potenciales - Alta Intencion GEM",inactive,,,,3500,Diario,0,0,0,"En curso","7 días tras clic o 1 día tras visualización",0,,0,0
2026-07-29,2026-07-29,"Yamil | Campaña de Formularios - CENTRO Argentina",inactive,,,,7000,Diario,0,0,0,"En curso","7 días tras clic o 1 día tras visualización",0,,0,0
2026-07-29,2026-07-29,"Yamil | Campaña de Formularios - NO Argentina",inactive,,,,5000,Diario,0,0,0,"En curso","7 días tras clic o 1 día tras visualización",0,,0,0
2026-07-29,2026-07-29,"2. Campaña de Conversiones - Copia",inactive,,,,"Con el presupuesto del conjunto de anuncios",0,0,0,0,"En curso","7 días tras clic o 1 día tras visualización",0,,0,0
2026-07-29,2026-07-29,"7. Clientes potenciales - formulario - Copia",inactive,1,actions:lead,4993.45,"Con el presupuesto del conjunto de anuncios",0,4993.45,2485,1987,"En curso","7 días tras clic o 1 día tras visualización",2009.43662,0.603622,0.754907,1.327968
2026-07-29,2026-07-29,"5. Campaña de Seguidores",inactive,,,,"Con el presupuesto del conjunto de anuncios",0,0,0,0,"En curso","Configuración de atribución múltiple",0,,0,0
2026-07-29,2026-07-29,"Trafico Boxer web",inactive,,,,"Con el presupuesto del conjunto de anuncios",0,0,0,0,"En curso","7 días tras clic o 1 día tras visualización",0,,0,0
2026-07-29,2026-07-29,"Interacción Contenido - Feed",inactive,,,,"Con el presupuesto del conjunto de anuncios",0,0,0,0,"En curso","7 días tras clic o 1 día tras visualización",0,,0,0
2026-07-28,2026-07-28,"JY | Webinar Mostrador - 17 SEPT 2026",active,,,,"Con el presupuesto del conjunto de anuncios",0,0,0,0,"En curso","7 días tras clic o 1 día tras visualización",0,,0,0
2026-07-28,2026-07-28,"JY | Viajes Presenciales Luciana",active,,,,"Con el presupuesto del conjunto de anuncios",0,0,0,0,"En curso","7 días tras clic o 1 día tras visualización",0,,0,0
2026-07-28,2026-07-28,"JY | Interaccion Boxer Taller",inactive,,,,"Con el presupuesto del conjunto de anuncios",0,0,0,0,"En curso","7 días tras clic o 1 día tras visualización",0,,0,0
2026-07-28,2026-07-28,"JY | Awareness Boxer Taller",active,47,profile_visit_view,36.24340426,"Con el presupuesto del conjunto de anuncios",0,1703.44,4030,4030,"En curso","1 día tras clic",422.689826,1.215881,1.215881,1.265509
2026-07-28,2026-07-28,"JY | Conversiones - Copia - Boton a WhatsApp",inactive,,,,"Con el presupuesto del conjunto de anuncios",0,5798.59,1004,811,"En curso","7 días tras clic o 1 día tras visualización",5775.488048,0.199203,0.246609,0.796813
2026-07-28,2026-07-28,"JY | Remarketing",active,3,actions:lead,1919.27,"Con el presupuesto del conjunto de anuncios",0,5757.81,1930,1668,"En curso","7 días tras clic o 1 día tras visualización",2983.321244,1.19171,1.139089,1.554404
2026-07-28,2026-07-28,"JY | Conversiones",active,2,actions:lead,3553.64,"Con el presupuesto del conjunto de anuncios",0,7107.28,3667,3114,"En curso","7 días tras clic o 1 día tras visualización",1938.172893,0.545405,0.642261,1.036269
2026-07-28,2026-07-28,"JY | Awareness",active,61,profile_visit_view,39.52590164,"Con el presupuesto del conjunto de anuncios",0,2411.08,3435,3376,"En curso","1 día tras clic",701.915575,1.921397,1.806872,1.892285
2026-07-28,2026-07-28,"Clientes Potenciales - Alta Intencion GEM",inactive,,,,3500,Diario,0,0,0,"En curso","7 días tras clic o 1 día tras visualización",0,,0,0
2026-07-28,2026-07-28,"Yamil | Campaña de Formularios - CENTRO Argentina",inactive,,,,7000,Diario,0,0,0,"En curso","7 días tras clic o 1 día tras visualización",0,,0,0
2026-07-28,2026-07-28,"Yamil | Campaña de Formularios - NO Argentina",inactive,,,,5000,Diario,0,0,0,"En curso","7 días tras clic o 1 día tras visualización",0,,0,0
2026-07-28,2026-07-28,"2. Campaña de Conversiones - Copia",inactive,,,,"Con el presupuesto del conjunto de anuncios",0,0,0,0,"En curso","7 días tras clic o 1 día tras visualización",0,,0,0
2026-07-28,2026-07-28,"7. Clientes potenciales - formulario - Copia",inactive,4,actions:lead,2097.97,"Con el presupuesto del conjunto de anuncios",0,8391.88,3324,2622,"En curso","7 días tras clic o 1 día tras visualización",2524.632972,0.812274,0.991609,1.624549
2026-07-28,2026-07-28,"5. Campaña de Seguidores",inactive,,,,"Con el presupuesto del conjunto de anuncios",0,0,0,0,"En curso","Configuración de atribución múltiple",0,,0,0
2026-07-28,2026-07-28,"Trafico Boxer web",inactive,,,,"Con el presupuesto del conjunto de anuncios",0,0,0,0,"En curso","7 días tras clic o 1 día tras visualización",0,,0,0
2026-07-28,2026-07-28,"Interacción Contenido - Feed",inactive,,,,"Con el presupuesto del conjunto de anuncios",0,0,0,0,"En curso","7 días tras clic o 1 día tras visualización",0,,0,0
2026-07-27,2026-07-27,"JY | Webinar Mostrador - 17 SEPT 2026",active,,,,"Con el presupuesto del conjunto de anuncios",0,0,0,0,"En curso","7 días tras clic o 1 día tras visualización",0,,0,0
2026-07-27,2026-07-27,"JY | Viajes Presenciales Luciana",active,,,,"Con el presupuesto del conjunto de anuncios",0,0,0,0,"En curso","7 días tras clic o 1 día tras visualización",0,,0,0
2026-07-27,2026-07-27,"JY | Interaccion Boxer Taller",inactive,,,,"Con el presupuesto del conjunto de anuncios",0,0,0,0,"En curso","7 días tras clic o 1 día tras visualización",0,,0,0
2026-07-27,2026-07-27,"JY | Awareness Boxer Taller",active,77,profile_visit_view,30.0112987,"Con el presupuesto del conjunto de anuncios",0,2310.87,5148,5042,"En curso","1 día tras clic",448.886946,1.631702,1.666006,1.651127
2026-07-27,2026-07-27,"JY | Conversiones - Copia - Boton a WhatsApp",inactive,3,actions:onsite_conversion.messaging_conversation_started_7d,2466.71333333,"Con el presupuesto del conjunto de anuncios",0,7400.14,781,635,"En curso","7 días tras clic o 1 día tras visualización",9475.211268,0.896287,1.102362,1.792574
2026-07-27,2026-07-27,"JY | Remarketing",active,1,actions:lead,7125.46,"Con el presupuesto del conjunto de anuncios",0,7125.46,3139,2341,"En curso","7 días tras clic o 1 día tras visualización",2269.9777,0.923861,1.110636,1.369863
2026-07-27,2026-07-27,"JY | Conversiones",active,5,actions:lead,1675.67,"Con el presupuesto del conjunto de anuncios",0,8378.35,4220,3550,"En curso","7 días tras clic o 1 día tras visualización",1985.390995,0.56872,0.676056,0.971564
2026-07-27,2026-07-27,"JY | Awareness",active,74,profile_visit_view,35.29810811,"Con el presupuesto del conjunto de anuncios",0,2612.06,3910,3739,"En curso","1 día tras clic",668.046036,1.892583,1.979139,1.918159
2026-07-27,2026-07-27,"Clientes Potenciales - Alta Intencion GEM",inactive,,,,3500,Diario,0,0,0,"En curso","7 días tras clic o 1 día tras visualización",0,,0,0
2026-07-27,2026-07-27,"Yamil | Campaña de Formularios - CENTRO Argentina",inactive,,,,7000,Diario,0,0,0,"En curso","7 días tras clic o 1 día tras visualización",0,,0,0
2026-07-27,2026-07-27,"Yamil | Campaña de Formularios - NO Argentina",inactive,,,,5000,Diario,0,0,0,"En curso","7 días tras clic o 1 día tras visualización",0,,0,0
2026-07-27,2026-07-27,"2. Campaña de Conversiones - Copia",inactive,,,,"Con el presupuesto del conjunto de anuncios",0,0,0,0,"En curso","7 días tras clic o 1 día tras visualización",0,,0,0
2026-07-27,2026-07-27,"7. Clientes potenciales - formulario - Copia",inactive,4,actions:lead,2551.69,"Con el presupuesto del conjunto de anuncios",0,10206.76,4537,3382,"En curso","7 días tras clic o 1 día tras visualización",2249.671589,0.66123,0.857481,1.476747
2026-07-27,2026-07-27,"5. Campaña de Seguidores",inactive,,,,"Con el presupuesto del conjunto de anuncios",0,0,0,0,"En curso","Configuración de atribución múltiple",0,,0,0
2026-07-27,2026-07-27,"Trafico Boxer web",inactive,,,,"Con el presupuesto del conjunto de anuncios",0,0,0,0,"En curso","7 días tras clic o 1 día tras visualización",0,,0,0
2026-07-27,2026-07-27,"Interacción Contenido - Feed",inactive,,,,"Con el presupuesto del conjunto de anuncios",0,0,0,0,"En curso","7 días tras clic o 1 día tras visualización",0,,0,0
2026-07-26,2026-07-26,"JY | Webinar Mostrador - 17 SEPT 2026",active,,,,"Con el presupuesto del conjunto de anuncios",0,0,0,0,"En curso","7 días tras clic o 1 día tras visualización",0,,0,0
2026-07-26,2026-07-26,"JY | Viajes Presenciales Luciana",active,,,,"Con el presupuesto del conjunto de anuncios",0,0,0,0,"En curso","7 días tras clic o 1 día tras visualización",0,,0,0
2026-07-26,2026-07-26,"JY | Interaccion Boxer Taller",inactive,,,,"Con el presupuesto del conjunto de anuncios",0,0,0,0,"En curso","7 días tras clic o 1 día tras visualización",0,,0,0
2026-07-26,2026-07-26,"JY | Awareness Boxer Taller",active,50,profile_visit_view,51.0334,"Con el presupuesto del conjunto de anuncios",0,2551.67,3823,3799,"En curso","1 día tras clic",667.452263,1.412503,1.421427,1.464818
2026-07-26,2026-07-26,"JY | Conversiones - Copia - Boton a WhatsApp",inactive,2,actions:onsite_conversion.messaging_conversation_started_7d,2091.03,"Con el presupuesto del conjunto de anuncios",0,4182.06,626,531,"En curso","7 días tras clic o 1 día tras visualización",6680.607029,0.479233,0.564972,1.4377
2026-07-26,2026-07-26,"JY | Remarketing",active,3,actions:lead,2188.50666667,"Con el presupuesto del conjunto de anuncios",0,6565.52,2507,1970,"En curso","7 días tras clic o 1 día tras visualización",2618.87515,0.837655,0.964467,1.356203
2026-07-26,2026-07-26,"JY | Conversiones",active,1,actions:lead,7973.18,"Con el presupuesto del conjunto de anuncios",0,7973.18,4009,3329,"En curso","7 días tras clic o 1 día tras visualización",1988.820155,0.648541,0.781015,1.172362
2026-07-26,2026-07-26,"JY | Awareness",active,81,profile_visit_view,36.30530864,"Con el presupuesto del conjunto de anuncios",0,2940.73,4306,4306,"En curso","1 día tras clic",682.937761,1.97399,1.881096,1.950766
2026-07-26,2026-07-26,"Clientes Potenciales - Alta Intencion GEM",inactive,,,,3500,Diario,0,0,0,"En curso","7 días tras clic o 1 día tras visualización",0,,0,0
2026-07-26,2026-07-26,"Yamil | Campaña de Formularios - CENTRO Argentina",inactive,,,,7000,Diario,0,0,0,"En curso","7 días tras clic o 1 día tras visualización",0,,0,0
2026-07-26,2026-07-26,"Yamil | Campaña de Formularios - NO Argentina",inactive,,,,5000,Diario,0,0,0,"En curso","7 días tras clic o 1 día tras visualización",0,,0,0
2026-07-26,2026-07-26,"2. Campaña de Conversiones - Copia",inactive,,,,"Con el presupuesto del conjunto de anuncios",0,0,0,0,"En curso","7 días tras clic o 1 día tras visualización",0,,0,0
2026-07-26,2026-07-26,"7. Clientes potenciales - formulario - Copia",inactive,5,actions:lead,1916.202,"Con el presupuesto del conjunto de anuncios",0,9581.01,4300,3448,"En curso","7 días tras clic o 1 día tras visualización",2228.14186,0.813953,0.986079,1.604651
2026-07-26,2026-07-26,"5. Campaña de Seguidores",inactive,,,,"Con el presupuesto del conjunto de anuncios",0,0,0,0,"En curso","Configuración de atribución múltiple",0,,0,0
2026-07-26,2026-07-26,"Trafico Boxer web",inactive,,,,"Con el presupuesto del conjunto de anuncios",0,0,0,0,"En curso","7 días tras clic o 1 día tras visualización",0,,0,0
2026-07-26,2026-07-26,"Interacción Contenido - Feed",inactive,,,,"Con el presupuesto del conjunto de anuncios",0,0,0,0,"En curso","7 días tras clic o 1 día tras visualización",0,,0,0
2026-07-25,2026-07-25,"JY | Webinar Mostrador - 17 SEPT 2026",active,,,,"Con el presupuesto del conjunto de anuncios",0,0,0,0,"En curso","7 días tras clic o 1 día tras visualización",0,,0,0
2026-07-25,2026-07-25,"JY | Viajes Presenciales Luciana",active,,,,"Con el presupuesto del conjunto de anuncios",0,0,0,0,"En curso","7 días tras clic o 1 día tras visualización",0,,0,0
2026-07-25,2026-07-25,"JY | Interaccion Boxer Taller",inactive,,,,"Con el presupuesto del conjunto de anuncios",0,0,0,0,"En curso","7 días tras clic o 1 día tras visualización",0,,0,0
2026-07-25,2026-07-25,"JY | Awareness Boxer Taller",active,45,profile_visit_view,47.514,"Con el presupuesto del conjunto de anuncios",0,2138.13,3057,3040,"En curso","1 día tras clic",699.421001,1.504743,1.513158,1.733726
2026-07-25,2026-07-25,"JY | Conversiones - Copia - Boton a WhatsApp",inactive,1,actions:onsite_conversion.messaging_conversation_started_7d,4203.22,"Con el presupuesto del conjunto de anuncios",0,4203.22,1011,849,"En curso","7 días tras clic o 1 día tras visualización",4157.487636,0.593472,0.706714,1.48368
2026-07-25,2026-07-25,"JY | Remarketing",active,,,,"Con el presupuesto del conjunto de anuncios",0,5218.06,1900,1539,"En curso","7 días tras clic o 1 día tras visualización",2746.347368,1.052632,1.299545,1.210526
2026-07-25,2026-07-25,"JY | Conversiones",active,2,actions:lead,3185.365,"Con el presupuesto del conjunto de anuncios",0,6370.73,3134,2713,"En curso","7 días tras clic o 1 día tras visualización",2032.779196,0.574346,0.663472,0.957243
2026-07-25,2026-07-25,"JY | Awareness",active,64,profile_visit_view,39.77078125,"Con el presupuesto del conjunto de anuncios",0,2545.33,3565,3565,"En curso","1 día tras clic",713.97756,1.851332,1.795231,1.851332
2026-07-25,2026-07-25,"Clientes Potenciales - Alta Intencion GEM",inactive,,,,3500,Diario,0,0,0,"En curso","7 días tras clic o 1 día tras visualización",0,,0,0
2026-07-25,2026-07-25,"Yamil | Campaña de Formularios - CENTRO Argentina",inactive,,,,7000,Diario,0,0,0,"En curso","7 días tras clic o 1 día tras visualización",0,,0,0
2026-07-25,2026-07-25,"Yamil | Campaña de Formularios - NO Argentina",inactive,,,,5000,Diario,0,0,0,"En curso","7 días tras clic o 1 día tras visualización",0,,0,0
2026-07-25,2026-07-25,"2. Campaña de Conversiones - Copia",inactive,,,,"Con el presupuesto del conjunto de anuncios",0,0,0,0,"En curso","7 días tras clic o 1 día tras visualización",0,,0,0
2026-07-25,2026-07-25,"7. Clientes potenciales - formulario - Copia",inactive,1,actions:lead,7067.39,"Con el presupuesto del conjunto de anuncios",0,7067.39,2703,2223,"En curso","7 días tras clic o 1 día tras visualización",2614.646689,0.739919,0.899685,1.368849
2026-07-25,2026-07-25,"5. Campaña de Seguidores",inactive,,,,"Con el presupuesto del conjunto de anuncios",0,0,0,0,"En curso","Configuración de atribución múltiple",0,,0,0
2026-07-25,2026-07-25,"Trafico Boxer web",inactive,,,,"Con el presupuesto del conjunto de anuncios",0,0,0,0,"En curso","7 días tras clic o 1 día tras visualización",0,,0,0
2026-07-25,2026-07-25,"Interacción Contenido - Feed",inactive,,,,"Con el presupuesto del conjunto de anuncios",0,0,0,0,"En curso","7 días tras clic o 1 día tras visualización",0,,0,0
2026-07-24,2026-07-24,"JY | Webinar Mostrador - 17 SEPT 2026",active,,,,"Con el presupuesto del conjunto de anuncios",0,0,0,0,"En curso","7 días tras clic o 1 día tras visualización",0,,0,0
2026-07-24,2026-07-24,"JY | Viajes Presenciales Luciana",active,,,,"Con el presupuesto del conjunto de anuncios",0,0,0,0,"En curso","7 días tras clic o 1 día tras visualización",0,,0,0
2026-07-24,2026-07-24,"JY | Interaccion Boxer Taller",inactive,,,,"Con el presupuesto del conjunto de anuncios",0,0,0,0,"En curso","7 días tras clic o 1 día tras visualización",0,,0,0
2026-07-24,2026-07-24,"JY | Awareness Boxer Taller",active,18,profile_visit_view,93.17222222,"Con el presupuesto del conjunto de anuncios",0,1677.1,1046,1014,"En curso","1 día tras clic",1603.34608,1.720841,1.775148,2.676864
2026-07-24,2026-07-24,"JY | Conversiones - Copia - Boton a WhatsApp",inactive,,,,"Con el presupuesto del conjunto de anuncios",0,4747.43,1317,1029,"En curso","7 días tras clic o 1 día tras visualización",3604.730448,0.683371,0.777454,1.670463
2026-07-24,2026-07-24,"JY | Remarketing",active,,,,"Con el presupuesto del conjunto de anuncios",0,6248.45,2354,2011,"En curso","7 días tras clic o 1 día tras visualización",2654.396771,1.104503,1.292889,1.359388
2026-07-24,2026-07-24,"JY | Conversiones",active,2,actions:lead,3183.495,"Con el presupuesto del conjunto de anuncios",0,6366.99,3265,2751,"En curso","7 días tras clic o 1 día tras visualización",1950.073507,0.85758,1.017812,1.43951
2026-07-24,2026-07-24,"JY | Awareness",active,40,profile_visit_view,54.369,"Con el presupuesto del conjunto de anuncios",0,2174.76,2751,2751,"En curso","1 día tras clic",790.534351,1.454017,1.381316,1.563068
2026-07-24,2026-07-24,"Clientes Potenciales - Alta Intencion GEM",inactive,,,,3500,Diario,0,0,0,"En curso","7 días tras clic o 1 día tras visualización",0,,0,0
2026-07-24,2026-07-24,"Yamil | Campaña de Formularios - CENTRO Argentina",inactive,,,,7000,Diario,0,0,0,"En curso","7 días tras clic o 1 día tras visualización",0,,0,0
2026-07-24,2026-07-24,"Yamil | Campaña de Formularios - NO Argentina",inactive,,,,5000,Diario,0,0,0,"En curso","7 días tras clic o 1 día tras visualización",0,,0,0
2026-07-24,2026-07-24,"2. Campaña de Conversiones - Copia",inactive,,,,"Con el presupuesto del conjunto de anuncios",0,0,0,0,"En curso","7 días tras clic o 1 día tras visualización",0,,0,0
2026-07-24,2026-07-24,"7. Clientes potenciales - formulario - Copia",inactive,1,actions:lead,7434.18,"Con el presupuesto del conjunto de anuncios",0,7434.18,2861,2363,"En curso","7 días tras clic o 1 día tras visualización",2598.455086,0.594198,0.677105,1.502971
2026-07-24,2026-07-24,"5. Campaña de Seguidores",inactive,,,,"Con el presupuesto del conjunto de anuncios",0,0,0,0,"En curso","Configuración de atribución múltiple",0,,0,0
2026-07-24,2026-07-24,"Trafico Boxer web",inactive,,,,"Con el presupuesto del conjunto de anuncios",0,0,0,0,"En curso","7 días tras clic o 1 día tras visualización",0,,0,0
2026-07-24,2026-07-24,"Interacción Contenido - Feed",inactive,,,,"Con el presupuesto del conjunto de anuncios",0,0,0,0,"En curso","7 días tras clic o 1 día tras visualización",0,,0,0
2026-07-23,2026-07-23,"JY | Webinar Mostrador - 17 SEPT 2026",active,,,,"Con el presupuesto del conjunto de anuncios",0,0,0,0,"En curso","7 días tras clic o 1 día tras visualización",0,,0,0
2026-07-23,2026-07-23,"JY | Viajes Presenciales Luciana",active,,,,"Con el presupuesto del conjunto de anuncios",0,0,0,0,"En curso","7 días tras clic o 1 día tras visualización",0,,0,0
2026-07-23,2026-07-23,"JY | Interaccion Boxer Taller",inactive,,,,"Con el presupuesto del conjunto de anuncios",0,0,0,0,"En curso","7 días tras clic o 1 día tras visualización",0,,0,0
2026-07-23,2026-07-23,"JY | Awareness Boxer Taller",active,46,profile_visit_view,34.65543478,"Con el presupuesto del conjunto de anuncios",0,1594.15,3021,2983,"En curso","1 día tras clic",527.689507,1.588878,1.609118,1.555776
2026-07-23,2026-07-23,"JY | Conversiones - Copia - Boton a WhatsApp",inactive,,,,"Con el presupuesto del conjunto de anuncios",0,5222.09,1226,915,"En curso","7 días tras clic o 1 día tras visualización",4259.453507,0.326264,0.437158,0.897227
2026-07-23,2026-07-23,"JY | Remarketing",active,,,,"Con el presupuesto del conjunto de anuncios",0,5944.07,2232,1751,"En curso","7 días tras clic o 1 día tras visualización",2663.113799,1.120072,1.370645,1.5681
2026-07-23,2026-07-23,"JY | Conversiones",active,1,actions:lead,6769.62,"Con el presupuesto del conjunto de anuncios",0,6769.62,3376,2820,"En curso","7 días tras clic o 1 día tras visualización",2005.219194,0.888626,1.06383,1.39218
2026-07-23,2026-07-23,"JY | Awareness",active,61,profile_visit_view,38.83377049,"Con el presupuesto del conjunto de anuncios",0,2368.86,3392,3335,"En curso","1 día tras clic",698.366745,2.063679,1.85907,2.063679
2026-07-23,2026-07-23,"Clientes Potenciales - Alta Intencion GEM",inactive,,,,3500,Diario,0,0,0,"En curso","7 días tras clic o 1 día tras visualización",0,,0,0
2026-07-23,2026-07-23,"Yamil | Campaña de Formularios - CENTRO Argentina",inactive,,,,7000,Diario,0,0,0,"En curso","7 días tras clic o 1 día tras visualización",0,,0,0
2026-07-23,2026-07-23,"Yamil | Campaña de Formularios - NO Argentina",inactive,,,,5000,Diario,0,0,0,"En curso","7 días tras clic o 1 día tras visualización",0,,0,0
2026-07-23,2026-07-23,"2. Campaña de Conversiones - Copia",inactive,,,,"Con el presupuesto del conjunto de anuncios",0,0,0,0,"En curso","7 días tras clic o 1 día tras visualización",0,,0,0
2026-07-23,2026-07-23,"7. Clientes potenciales - formulario - Copia",inactive,4,actions:lead,2354.3925,"Con el presupuesto del conjunto de anuncios",0,9417.57,3567,2800,"En curso","7 días tras clic o 1 día tras visualización",2640.19344,0.6448,0.75,1.626016
2026-07-23,2026-07-23,"5. Campaña de Seguidores",inactive,,,,"Con el presupuesto del conjunto de anuncios",0,0,0,0,"En curso","Configuración de atribución múltiple",0,,0,0
2026-07-23,2026-07-23,"Trafico Boxer web",inactive,,,,"Con el presupuesto del conjunto de anuncios",0,0,0,0,"En curso","7 días tras clic o 1 día tras visualización",0,,0,0
2026-07-23,2026-07-23,"Interacción Contenido - Feed",inactive,,,,"Con el presupuesto del conjunto de anuncios",0,0,0,0,"En curso","7 días tras clic o 1 día tras visualización",0,,0,0
2026-07-22,2026-07-22,"JY | Webinar Mostrador - 17 SEPT 2026",active,,,,"Con el presupuesto del conjunto de anuncios",0,0,0,0,"En curso","7 días tras clic o 1 día tras visualización",0,,0,0
2026-07-22,2026-07-22,"JY | Viajes Presenciales Luciana",active,,,,"Con el presupuesto del conjunto de anuncios",0,0,0,0,"En curso","7 días tras clic o 1 día tras visualización",0,,0,0
2026-07-22,2026-07-22,"JY | Interaccion Boxer Taller",inactive,,,,"Con el presupuesto del conjunto de anuncios",0,0,0,0,"En curso","7 días tras clic o 1 día tras visualización",0,,0,0
2026-07-22,2026-07-22,"JY | Awareness Boxer Taller",active,57,profile_visit_view,36.95,"Con el presupuesto del conjunto de anuncios",0,2106.15,3695,3631,"En curso","1 día tras clic",570,1.515562,1.542275,1.569689
2026-07-22,2026-07-22,"JY | Conversiones - Copia - Boton a WhatsApp",inactive,2,actions:onsite_conversion.messaging_conversation_started_7d,2836.555,"Con el presupuesto del conjunto de anuncios",0,5673.11,1504,1074,"En curso","7 días tras clic o 1 día tras visualización",3772.014628,0.531915,0.744879,1.06383
2026-07-22,2026-07-22,"JY | Remarketing",active,1,actions:lead,5979.95,"Con el presupuesto del conjunto de anuncios",0,5979.95,2247,1751,"En curso","7 días tras clic o 1 día tras visualización",2661.303961,0.445038,0.571102,0.756564
2026-07-22,2026-07-22,"JY | Conversiones",active,,,,"Con el presupuesto del conjunto de anuncios",0,7295.11,3840,3110,"En curso","7 días tras clic o 1 día tras visualización",1899.768229,0.546875,0.643087,1.197917
2026-07-22,2026-07-22,"JY | Awareness",active,67,profile_visit_view,34.89313433,"Con el presupuesto del conjunto de anuncios",0,2337.84,3746,3720,"En curso","1 día tras clic",624.089696,1.86866,1.747312,1.81527
2026-07-22,2026-07-22,"Clientes Potenciales - Alta Intencion GEM",inactive,,,,3500,Diario,0,0,0,"En curso","7 días tras clic o 1 día tras visualización",0,,0,0
2026-07-22,2026-07-22,"Yamil | Campaña de Formularios - CENTRO Argentina",inactive,,,,7000,Diario,0,0,0,"En curso","7 días tras clic o 1 día tras visualización",0,,0,0
2026-07-22,2026-07-22,"Yamil | Campaña de Formularios - NO Argentina",inactive,,,,5000,Diario,0,0,0,"En curso","7 días tras clic o 1 día tras visualización",0,,0,0
2026-07-22,2026-07-22,"2. Campaña de Conversiones - Copia",inactive,,,,"Con el presupuesto del conjunto de anuncios",0,0,0,0,"En curso","7 días tras clic o 1 día tras visualización",0,,0,0
2026-07-22,2026-07-22,"7. Clientes potenciales - formulario - Copia",inactive,3,actions:lead,3169.19666667,"Con el presupuesto del conjunto de anuncios",0,9507.59,3494,2750,"En curso","7 días tras clic o 1 día tras visualización",2721.119061,0.629651,0.8,1.087579
2026-07-22,2026-07-22,"5. Campaña de Seguidores",inactive,,,,"Con el presupuesto del conjunto de anuncios",0,0,0,0,"En curso","Configuración de atribución múltiple",0,,0,0
2026-07-22,2026-07-22,"Trafico Boxer web",inactive,,,,"Con el presupuesto del conjunto de anuncios",0,0,0,0,"En curso","7 días tras clic o 1 día tras visualización",0,,0,0
2026-07-22,2026-07-22,"Interacción Contenido - Feed",inactive,,,,"Con el presupuesto del conjunto de anuncios",0,0,0,0,"En curso","7 días tras clic o 1 día tras visualización",0,,0,0
2026-07-21,2026-07-21,"JY | Webinar Mostrador - 17 SEPT 2026",active,,,,"Con el presupuesto del conjunto de anuncios",0,0,0,0,"En curso","7 días tras clic o 1 día tras visualización",0,,0,0
2026-07-21,2026-07-21,"JY | Viajes Presenciales Luciana",active,,,,"Con el presupuesto del conjunto de anuncios",0,0,0,0,"En curso","7 días tras clic o 1 día tras visualización",0,,0,0
2026-07-21,2026-07-21,"JY | Interaccion Boxer Taller",inactive,,,,"Con el presupuesto del conjunto de anuncios",0,0,0,0,"En curso","7 días tras clic o 1 día tras visualización",0,,0,0
2026-07-21,2026-07-21,"JY | Awareness Boxer Taller",active,27,profile_visit_view,35.38925926,"Con el presupuesto del conjunto de anuncios",0,955.51,998,951,"En curso","1 día tras clic",957.42485,2.60521,2.733964,2.60521
2026-07-21,2026-07-21,"JY | Conversiones - Copia - Boton a WhatsApp",inactive,,,,"Con el presupuesto del conjunto de anuncios",0,5982.87,1779,1303,"En curso","7 días tras clic o 1 día tras visualización",3363.052277,0.393479,0.537222,0.730748
2026-07-21,2026-07-21,"JY | Remarketing",active,1,actions:lead,5986.77,"Con el presupuesto del conjunto de anuncios",0,5986.77,2969,2173,"En curso","7 días tras clic o 1 día tras visualización",2016.426406,0.673627,0.874367,1.145167
2026-07-21,2026-07-21,"JY | Conversiones",active,2,actions:lead,3931.655,"Con el presupuesto del conjunto de anuncios",0,7863.31,4196,3250,"En curso","7 días tras clic o 1 día tras visualización",1874.00143,0.64347,0.830769,1.167779
2026-07-21,2026-07-21,"JY | Awareness",active,70,profile_visit_view,33.92157143,"Con el presupuesto del conjunto de anuncios",0,2374.51,3943,3943,"En curso","1 día tras clic",602.208978,1.876744,1.800659,1.876744
2026-07-21,2026-07-21,"Clientes Potenciales - Alta Intencion GEM",inactive,,,,3500,Diario,0,0,0,"En curso","7 días tras clic o 1 día tras visualización",0,,0,0
2026-07-21,2026-07-21,"Yamil | Campaña de Formularios - CENTRO Argentina",inactive,,,,7000,Diario,0,0,0,"En curso","7 días tras clic o 1 día tras visualización",0,,0,0
2026-07-21,2026-07-21,"Yamil | Campaña de Formularios - NO Argentina",inactive,,,,5000,Diario,0,0,0,"En curso","7 días tras clic o 1 día tras visualización",0,,0,0
2026-07-21,2026-07-21,"2. Campaña de Conversiones - Copia",inactive,,,,"Con el presupuesto del conjunto de anuncios",0,0,0,0,"En curso","7 días tras clic o 1 día tras visualización",0,,0,0
2026-07-21,2026-07-21,"7. Clientes potenciales - formulario - Copia",inactive,2,actions:lead,5865.88,"Con el presupuesto del conjunto de anuncios",0,11731.76,4690,3422,"En curso","7 días tras clic o 1 día tras visualización",2501.441365,0.469083,0.642899,0.98081
2026-07-21,2026-07-21,"5. Campaña de Seguidores",inactive,,,,"Con el presupuesto del conjunto de anuncios",0,0,0,0,"En curso","Configuración de atribución múltiple",0,,0,0
2026-07-21,2026-07-21,"Trafico Boxer web",inactive,,,,"Con el presupuesto del conjunto de anuncios",0,0,0,0,"En curso","7 días tras clic o 1 día tras visualización",0,,0,0
2026-07-21,2026-07-21,"Interacción Contenido - Feed",inactive,,,,"Con el presupuesto del conjunto de anuncios",0,0,0,0,"En curso","7 días tras clic o 1 día tras visualización",0,,0,0
2026-07-20,2026-07-20,"JY | Webinar Mostrador - 17 SEPT 2026",active,,,,"Con el presupuesto del conjunto de anuncios",0,0,0,0,"En curso","7 días tras clic o 1 día tras visualización",0,,0,0
2026-07-20,2026-07-20,"JY | Viajes Presenciales Luciana",active,,,,"Con el presupuesto del conjunto de anuncios",0,0,0,0,"En curso","7 días tras clic o 1 día tras visualización",0,,0,0
2026-07-20,2026-07-20,"JY | Interaccion Boxer Taller",inactive,,,,"Con el presupuesto del conjunto de anuncios",0,0,0,0,"En curso","7 días tras clic o 1 día tras visualización",0,,0,0
2026-07-20,2026-07-20,"JY | Awareness Boxer Taller",active,,,,"Con el presupuesto del conjunto de anuncios",0,0,0,0,"En curso","1 día tras clic",0,,0,0
2026-07-20,2026-07-20,"JY | Conversiones - Copia - Boton a WhatsApp",inactive,1,actions:onsite_conversion.messaging_conversation_started_7d,4545.69,"Con el presupuesto del conjunto de anuncios",0,4545.69,1667,1330,"En curso","7 días tras clic o 1 día tras visualización",2726.868626,0.29994,0.37594,0.839832
2026-07-20,2026-07-20,"JY | Remarketing",active,,,,"Con el presupuesto del conjunto de anuncios",0,6149.61,2972,2333,"En curso","7 días tras clic o 1 día tras visualización",2069.182369,0.908479,1.157308,1.379542
2026-07-20,2026-07-20,"JY | Conversiones",active,2,actions:lead,3593.765,"Con el presupuesto del conjunto de anuncios",0,7187.53,4149,3260,"En curso","7 días tras clic o 1 día tras visualización",1732.352374,0.650759,0.797546,1.036394
2026-07-20,2026-07-20,"JY | Awareness",active,86,profile_visit_view,31.16581395,"Con el presupuesto del conjunto de anuncios",0,2680.26,4358,4323,"En curso","1 día tras clic",615.020652,2.042221,1.989359,2.065168
2026-07-20,2026-07-20,"Clientes Potenciales - Alta Intencion GEM",inactive,,,,3500,Diario,0,0,0,"En curso","7 días tras clic o 1 día tras visualización",0,,0,0
2026-07-20,2026-07-20,"Yamil | Campaña de Formularios - CENTRO Argentina",inactive,1,actions:lead,3606.64,7000,Diario,3606.64,306,290,"En curso","7 días tras clic o 1 día tras visualización",11786.405229,2.287582,2.413793,3.594771
2026-07-20,2026-07-20,"Yamil | Campaña de Formularios - NO Argentina",inactive,,,,5000,Diario,0,0,0,"En curso","7 días tras clic o 1 día tras visualización",0,,0,0
2026-07-20,2026-07-20,"2. Campaña de Conversiones - Copia",inactive,,,,"Con el presupuesto del conjunto de anuncios",0,0,0,0,"En curso","7 días tras clic o 1 día tras visualización",0,,0,0
2026-07-20,2026-07-20,"7. Clientes potenciales - formulario - Copia",inactive,4,actions:lead,3141.23,"Con el presupuesto del conjunto de anuncios",0,12564.92,5127,3688,"En curso","7 días tras clic o 1 día tras visualización",2450.735323,0.46811,0.623644,0.975229
2026-07-20,2026-07-20,"5. Campaña de Seguidores",inactive,,,,"Con el presupuesto del conjunto de anuncios",0,0,0,0,"En curso","Configuración de atribución múltiple",0,,0,0
2026-07-20,2026-07-20,"Trafico Boxer web",inactive,,,,"Con el presupuesto del conjunto de anuncios",0,0,0,0,"En curso","7 días tras clic o 1 día tras visualización",0,,0,0
2026-07-20,2026-07-20,"Interacción Contenido - Feed",inactive,,,,"Con el presupuesto del conjunto de anuncios",0,0,0,0,"En curso","7 días tras clic o 1 día tras visualización",0,,0,0
2026-07-19,2026-07-19,"JY | Webinar Mostrador - 17 SEPT 2026",active,,,,"Con el presupuesto del conjunto de anuncios",0,0,0,0,"En curso","7 días tras clic o 1 día tras visualización",0,,0,0
2026-07-19,2026-07-19,"JY | Viajes Presenciales Luciana",active,,,,"Con el presupuesto del conjunto de anuncios",0,0,0,0,"En curso","7 días tras clic o 1 día tras visualización",0,,0,0
2026-07-19,2026-07-19,"JY | Interaccion Boxer Taller",inactive,,,,"Con el presupuesto del conjunto de anuncios",0,0,0,0,"En curso","7 días tras clic o 1 día tras visualización",0,,0,0
2026-07-19,2026-07-19,"JY | Awareness Boxer Taller",active,,,,"Con el presupuesto del conjunto de anuncios",0,0,0,0,"En curso","1 día tras clic",0,,0,0
2026-07-19,2026-07-19,"JY | Conversiones - Copia - Boton a WhatsApp",inactive,,,,"Con el presupuesto del conjunto de anuncios",0,4263.59,1442,1083,"En curso","7 días tras clic o 1 día tras visualización",2956.719834,0.485437,0.646353,1.10957
2026-07-19,2026-07-19,"JY | Remarketing",active,2,actions:lead,3173.495,"Con el presupuesto del conjunto de anuncios",0,6346.99,3200,2162,"En curso","7 días tras clic o 1 día tras visualización",1983.434375,1.0625,1.526364,1.6875
2026-07-19,2026-07-19,"JY | Conversiones",active,1,actions:lead,7067.22,"Con el presupuesto del conjunto de anuncios",0,7067.22,3648,2846,"En curso","7 días tras clic o 1 día tras visualización",1937.286184,0.520833,0.667604,1.014254
2026-07-19,2026-07-19,"JY | Awareness",active,87,profile_visit_view,34.65137931,"Con el presupuesto del conjunto de anuncios",0,3014.67,4275,4232,"En curso","1 día tras clic",705.185965,2.152047,2.055766,2.128655
2026-07-19,2026-07-19,"Clientes Potenciales - Alta Intencion GEM",inactive,,,,3500,Diario,0,0,0,"En curso","7 días tras clic o 1 día tras visualización",0,,0,0
2026-07-19,2026-07-19,"Yamil | Campaña de Formularios - CENTRO Argentina",inactive,,,,7000,Diario,7783.88,1263,1090,"En curso","7 días tras clic o 1 día tras visualización",6163.008709,1.108472,1.284404,1.504355
2026-07-19,2026-07-19,"Yamil | Campaña de Formularios - NO Argentina",inactive,,,,5000,Diario,0,0,0,"En curso","7 días tras clic o 1 día tras visualización",0,,0,0
2026-07-19,2026-07-19,"2. Campaña de Conversiones - Copia",inactive,,,,"Con el presupuesto del conjunto de anuncios",0,0,0,0,"En curso","7 días tras clic o 1 día tras visualización",0,,0,0
2026-07-19,2026-07-19,"7. Clientes potenciales - formulario - Copia",inactive,3,actions:lead,4651.20666667,"Con el presupuesto del conjunto de anuncios",0,13953.62,5098,3909,"En curso","7 días tras clic o 1 día tras visualización",2737.077285,0.313849,0.409312,0.490388
2026-07-19,2026-07-19,"5. Campaña de Seguidores",inactive,,,,"Con el presupuesto del conjunto de anuncios",0,0,0,0,"En curso","Configuración de atribución múltiple",0,,0,0
2026-07-19,2026-07-19,"Trafico Boxer web",inactive,,,,"Con el presupuesto del conjunto de anuncios",0,0,0,0,"En curso","7 días tras clic o 1 día tras visualización",0,,0,0
2026-07-19,2026-07-19,"Interacción Contenido - Feed",inactive,,,,"Con el presupuesto del conjunto de anuncios",0,0,0,0,"En curso","7 días tras clic o 1 día tras visualización",0,,0,0
2026-07-18,2026-07-18,"JY | Webinar Mostrador - 17 SEPT 2026",active,,,,"Con el presupuesto del conjunto de anuncios",0,0,0,0,"En curso","7 días tras clic o 1 día tras visualización",0,,0,0
2026-07-18,2026-07-18,"JY | Viajes Presenciales Luciana",active,,,,"Con el presupuesto del conjunto de anuncios",0,0,0,0,"En curso","7 días tras clic o 1 día tras visualización",0,,0,0
2026-07-18,2026-07-18,"JY | Interaccion Boxer Taller",inactive,,,,"Con el presupuesto del conjunto de anuncios",0,0,0,0,"En curso","7 días tras clic o 1 día tras visualización",0,,0,0
2026-07-18,2026-07-18,"JY | Awareness Boxer Taller",active,,,,"Con el presupuesto del conjunto de anuncios",0,0,0,0,"En curso","1 día tras clic",0,,0,0
2026-07-18,2026-07-18,"JY | Conversiones - Copia - Boton a WhatsApp",inactive,,,,"Con el presupuesto del conjunto de anuncios",0,6570.12,1611,1209,"En curso","7 días tras clic o 1 día tras visualización",4078.286778,0.310366,0.413565,0.806952
2026-07-18,2026-07-18,"JY | Remarketing",active,1,actions:lead,3115.94,"Con el presupuesto del conjunto de anuncios",0,3115.94,1182,963,"En curso","7 días tras clic o 1 día tras visualización",2636.159052,1.269036,1.45379,1.945854
2026-07-18,2026-07-18,"JY | Conversiones",active,2,actions:lead,3971.2,"Con el presupuesto del conjunto de anuncios",0,7942.4,3607,2890,"En curso","7 días tras clic o 1 día tras visualización",2201.940671,0.942612,1.176471,1.524813
2026-07-18,2026-07-18,"JY | Awareness",active,78,profile_visit_view,30.72884615,"Con el presupuesto del conjunto de anuncios",0,2396.85,3110,3087,"En curso","1 día tras clic",770.691318,2.44373,2.461937,2.44373
2026-07-18,2026-07-18,"Clientes Potenciales - Alta Intencion GEM",inactive,,,,3500,Diario,0,0,0,"En curso","7 días tras clic o 1 día tras visualización",0,,0,0
2026-07-18,2026-07-18,"Yamil | Campaña de Formularios - CENTRO Argentina",inactive,1,actions:lead,5532.42,7000,Diario,5532.42,1003,892,"En curso","7 días tras clic o 1 día tras visualización",5515.872383,1.09671,1.233184,1.595214
2026-07-18,2026-07-18,"Yamil | Campaña de Formularios - NO Argentina",inactive,,,,5000,Diario,0,0,0,"En curso","7 días tras clic o 1 día tras visualización",0,,0,0
2026-07-18,2026-07-18,"2. Campaña de Conversiones - Copia",inactive,,,,"Con el presupuesto del conjunto de anuncios",0,0,0,0,"En curso","7 días tras clic o 1 día tras visualización",0,,0,0
2026-07-18,2026-07-18,"7. Clientes potenciales - formulario - Copia",inactive,2,actions:lead,6856.785,"Con el presupuesto del conjunto de anuncios",0,13713.57,4649,3389,"En curso","7 días tras clic o 1 día tras visualización",2949.789202,0.40869,0.560637,0.68832
2026-07-18,2026-07-18,"5. Campaña de Seguidores",inactive,,,,"Con el presupuesto del conjunto de anuncios",0,0,0,0,"En curso","Configuración de atribución múltiple",0,,0,0
2026-07-18,2026-07-18,"Trafico Boxer web",inactive,,,,"Con el presupuesto del conjunto de anuncios",0,0,0,0,"En curso","7 días tras clic o 1 día tras visualización",0,,0,0
2026-07-18,2026-07-18,"Interacción Contenido - Feed",inactive,,,,"Con el presupuesto del conjunto de anuncios",0,0,0,0,"En curso","7 días tras clic o 1 día tras visualización",0,,0,0
2026-07-17,2026-07-17,"JY | Webinar Mostrador - 17 SEPT 2026",active,,,,"Con el presupuesto del conjunto de anuncios",0,0,0,0,"En curso","7 días tras clic o 1 día tras visualización",0,,0,0
2026-07-17,2026-07-17,"JY | Viajes Presenciales Luciana",active,,,,"Con el presupuesto del conjunto de anuncios",0,0,0,0,"En curso","7 días tras clic o 1 día tras visualización",0,,0,0
2026-07-17,2026-07-17,"JY | Interaccion Boxer Taller",inactive,,,,"Con el presupuesto del conjunto de anuncios",0,0,0,0,"En curso","7 días tras clic o 1 día tras visualización",0,,0,0
2026-07-17,2026-07-17,"JY | Awareness Boxer Taller",active,,,,"Con el presupuesto del conjunto de anuncios",0,0,0,0,"En curso","1 día tras clic",0,,0,0
2026-07-17,2026-07-17,"JY | Conversiones - Copia - Boton a WhatsApp",inactive,1,actions:onsite_conversion.messaging_conversation_started_7d,5148.17,"Con el presupuesto del conjunto de anuncios",0,5148.17,1269,998,"En curso","7 días tras clic o 1 día tras visualización",4056.871552,0.236407,0.300601,0.945626
2026-07-17,2026-07-17,"JY | Remarketing",active,,,,"Con el presupuesto del conjunto de anuncios",0,4987.36,1691,1331,"En curso","7 días tras clic o 1 día tras visualización",2949.355411,0.827912,1.051841,1.123596
2026-07-17,2026-07-17,"JY | Conversiones",active,1,actions:lead,9012.67,"Con el presupuesto del conjunto de anuncios",0,9012.67,4113,3455,"En curso","7 días tras clic o 1 día tras visualización",2191.264284,0.607829,0.723589,0.972526
2026-07-17,2026-07-17,"JY | Awareness",active,59,profile_visit_view,38.73491525,"Con el presupuesto del conjunto de anuncios",0,2285.36,2749,2697,"En curso","1 día tras clic",831.342306,2.218989,2.187616,2.255366
2026-07-17,2026-07-17,"Clientes Potenciales - Alta Intencion GEM",inactive,,,,3500,Diario,0,0,0,"En curso","7 días tras clic o 1 día tras visualización",0,,0,0
2026-07-17,2026-07-17,"Yamil | Campaña de Formularios - CENTRO Argentina",inactive,,,,7000,Diario,8276.66,1443,1277,"En curso","7 días tras clic o 1 día tras visualización",5735.731116,0.970201,1.018011,1.247401
2026-07-17,2026-07-17,"Yamil | Campaña de Formularios - NO Argentina",inactive,,,,5000,Diario,0,0,0,"En curso","7 días tras clic o 1 día tras visualización",0,,0,0
2026-07-17,2026-07-17,"2. Campaña de Conversiones - Copia",inactive,,,,"Con el presupuesto del conjunto de anuncios",0,0,0,0,"En curso","7 días tras clic o 1 día tras visualización",0,,0,0
2026-07-17,2026-07-17,"7. Clientes potenciales - formulario - Copia",inactive,4,actions:lead,3977.0825,"Con el presupuesto del conjunto de anuncios",0,15908.33,4843,3374,"En curso","7 días tras clic o 1 día tras visualización",3284.809003,0.392319,0.56313,0.743341
2026-07-17,2026-07-17,"5. Campaña de Seguidores",inactive,,,,"Con el presupuesto del conjunto de anuncios",0,0,0,0,"En curso","Configuración de atribución múltiple",0,,0,0
2026-07-17,2026-07-17,"Trafico Boxer web",inactive,,,,"Con el presupuesto del conjunto de anuncios",0,0,0,0,"En curso","7 días tras clic o 1 día tras visualización",0,,0,0
2026-07-17,2026-07-17,"Interacción Contenido - Feed",inactive,,,,"Con el presupuesto del conjunto de anuncios",0,0,0,0,"En curso","7 días tras clic o 1 día tras visualización",0,,0,0
2026-07-16,2026-07-16,"JY | Webinar Mostrador - 17 SEPT 2026",active,,,,"Con el presupuesto del conjunto de anuncios",0,0,0,0,"En curso","7 días tras clic o 1 día tras visualización",0,,0,0
2026-07-16,2026-07-16,"JY | Viajes Presenciales Luciana",active,,,,"Con el presupuesto del conjunto de anuncios",0,0,0,0,"En curso","7 días tras clic o 1 día tras visualización",0,,0,0
2026-07-16,2026-07-16,"JY | Interaccion Boxer Taller",inactive,,,,"Con el presupuesto del conjunto de anuncios",0,0,0,0,"En curso","7 días tras clic o 1 día tras visualización",0,,0,0
2026-07-16,2026-07-16,"JY | Awareness Boxer Taller",active,,,,"Con el presupuesto del conjunto de anuncios",0,0,0,0,"En curso","1 día tras clic",0,,0,0
2026-07-16,2026-07-16,"JY | Conversiones - Copia - Boton a WhatsApp",inactive,1,actions:onsite_conversion.messaging_conversation_started_7d,4550.89,"Con el presupuesto del conjunto de anuncios",0,4550.89,1459,1180,"En curso","7 días tras clic o 1 día tras visualización",3119.184373,0.685401,0.847458,1.233722
2026-07-16,2026-07-16,"JY | Remarketing",active,2,actions:lead,2488.19,"Con el presupuesto del conjunto de anuncios",0,4976.38,2083,1554,"En curso","7 días tras clic o 1 día tras visualización",2389.044647,0.720115,0.900901,1.008161
2026-07-16,2026-07-16,"JY | Conversiones",active,,,,"Con el presupuesto del conjunto de anuncios",0,7025.62,3503,2855,"En curso","7 días tras clic o 1 día tras visualización",2005.600914,0.542392,0.595447,0.884956
2026-07-16,2026-07-16,"JY | Awareness",active,48,profile_visit_view,50.23645833,"Con el presupuesto del conjunto de anuncios",0,2411.35,3218,3214,"En curso","1 día tras clic",749.331883,1.584835,1.462352,1.584835
2026-07-16,2026-07-16,"Clientes Potenciales - Alta Intencion GEM",inactive,,,,3500,Diario,0,0,0,"En curso","7 días tras clic o 1 día tras visualización",0,,0,0
2026-07-16,2026-07-16,"Yamil | Campaña de Formularios - CENTRO Argentina",inactive,1,actions:lead,5430.11,7000,Diario,5430.11,1172,988,"En curso","7 días tras clic o 1 día tras visualización",4633.199659,1.194539,1.417004,1.535836
2026-07-16,2026-07-16,"Yamil | Campaña de Formularios - NO Argentina",inactive,,,,5000,Diario,0,0,0,"En curso","7 días tras clic o 1 día tras visualización",0,,0,0
2026-07-16,2026-07-16,"2. Campaña de Conversiones - Copia",inactive,,,,"Con el presupuesto del conjunto de anuncios",0,0,0,0,"En curso","7 días tras clic o 1 día tras visualización",0,,0,0
2026-07-16,2026-07-16,"7. Clientes potenciales - formulario - Copia",inactive,1,actions:lead,11189.74,"Con el presupuesto del conjunto de anuncios",0,11189.74,3499,2435,"En curso","7 días tras clic o 1 día tras visualización",3197.982281,0.285796,0.410678,0.485853
2026-07-16,2026-07-16,"5. Campaña de Seguidores",inactive,,,,"Con el presupuesto del conjunto de anuncios",0,0,0,0,"En curso","Configuración de atribución múltiple",0,,0,0
2026-07-16,2026-07-16,"Trafico Boxer web",inactive,,,,"Con el presupuesto del conjunto de anuncios",0,0,0,0,"En curso","7 días tras clic o 1 día tras visualización",0,,0,0
2026-07-16,2026-07-16,"Interacción Contenido - Feed",inactive,,,,"Con el presupuesto del conjunto de anuncios",0,0,0,0,"En curso","7 días tras clic o 1 día tras visualización",0,,0,0
2026-07-15,2026-07-15,"JY | Webinar Mostrador - 17 SEPT 2026",active,,,,"Con el presupuesto del conjunto de anuncios",0,0,0,0,"En curso","7 días tras clic o 1 día tras visualización",0,,0,0
2026-07-15,2026-07-15,"JY | Viajes Presenciales Luciana",active,,,,"Con el presupuesto del conjunto de anuncios",0,0,0,0,"En curso","7 días tras clic o 1 día tras visualización",0,,0,0
2026-07-15,2026-07-15,"JY | Interaccion Boxer Taller",inactive,,,,"Con el presupuesto del conjunto de anuncios",0,0,0,0,"En curso","7 días tras clic o 1 día tras visualización",0,,0,0
2026-07-15,2026-07-15,"JY | Awareness Boxer Taller",active,,,,"Con el presupuesto del conjunto de anuncios",0,0,0,0,"En curso","1 día tras clic",0,,0,0
2026-07-15,2026-07-15,"JY | Conversiones - Copia - Boton a WhatsApp",inactive,,,,"Con el presupuesto del conjunto de anuncios",0,4186.26,1346,1073,"En curso","7 días tras clic o 1 día tras visualización",3110.148588,0.297177,0.372787,0.742942
2026-07-15,2026-07-15,"JY | Remarketing",active,1,actions:lead,6330.88,"Con el presupuesto del conjunto de anuncios",0,6330.88,2459,1830,"En curso","7 días tras clic o 1 día tras visualización",2574.575031,0.813339,1.038251,1.138674
2026-07-15,2026-07-15,"JY | Conversiones",active,3,actions:lead,2276.72,"Con el presupuesto del conjunto de anuncios",0,6830.16,3664,2891,"En curso","7 días tras clic o 1 día tras visualización",1864.126638,0.300218,0.380491,0.818777
2026-07-15,2026-07-15,"JY | Awareness",active,72,profile_visit_view,36.63208333,"Con el presupuesto del conjunto de anuncios",0,2637.51,4979,4918,"En curso","1 día tras clic",529.726853,1.506327,1.46401,1.506327
2026-07-15,2026-07-15,"Clientes Potenciales - Alta Intencion GEM",inactive,,,,3500,Diario,0,0,0,"En curso","7 días tras clic o 1 día tras visualización",0,,0,0
2026-07-15,2026-07-15,"Yamil | Campaña de Formularios - CENTRO Argentina",inactive,1,actions:lead,6678.55,7000,Diario,6678.55,915,828,"En curso","7 días tras clic o 1 día tras visualización",7298.961749,1.748634,1.932367,2.185792
2026-07-15,2026-07-15,"Yamil | Campaña de Formularios - NO Argentina",inactive,,,,5000,Diario,0,0,0,"En curso","7 días tras clic o 1 día tras visualización",0,,0,0
2026-07-15,2026-07-15,"2. Campaña de Conversiones - Copia",inactive,,,,"Con el presupuesto del conjunto de anuncios",0,0,0,0,"En curso","7 días tras clic o 1 día tras visualización",0,,0,0
2026-07-15,2026-07-15,"7. Clientes potenciales - formulario - Copia",inactive,6,actions:lead,1979.19666667,"Con el presupuesto del conjunto de anuncios",0,11875.18,3920,2670,"En curso","7 días tras clic o 1 día tras visualización",3029.382653,0.561224,0.82397,0.994898
2026-07-15,2026-07-15,"5. Campaña de Seguidores",inactive,,,,"Con el presupuesto del conjunto de anuncios",0,0,0,0,"En curso","Configuración de atribución múltiple",0,,0,0
2026-07-15,2026-07-15,"Trafico Boxer web",inactive,,,,"Con el presupuesto del conjunto de anuncios",0,0,0,0,"En curso","7 días tras clic o 1 día tras visualización",0,,0,0
2026-07-15,2026-07-15,"Interacción Contenido - Feed",inactive,,,,"Con el presupuesto del conjunto de anuncios",0,0,0,0,"En curso","7 días tras clic o 1 día tras visualización",0,,0,0
2026-07-14,2026-07-14,"JY | Webinar Mostrador - 17 SEPT 2026",active,,,,"Con el presupuesto del conjunto de anuncios",0,0,0,0,"En curso","7 días tras clic o 1 día tras visualización",0,,0,0
2026-07-14,2026-07-14,"JY | Viajes Presenciales Luciana",active,,,,"Con el presupuesto del conjunto de anuncios",0,0,0,0,"En curso","7 días tras clic o 1 día tras visualización",0,,0,0
2026-07-14,2026-07-14,"JY | Interaccion Boxer Taller",inactive,,,,"Con el presupuesto del conjunto de anuncios",0,0,0,0,"En curso","7 días tras clic o 1 día tras visualización",0,,0,0
2026-07-14,2026-07-14,"JY | Awareness Boxer Taller",active,,,,"Con el presupuesto del conjunto de anuncios",0,0,0,0,"En curso","1 día tras clic",0,,0,0
2026-07-14,2026-07-14,"JY | Conversiones - Copia - Boton a WhatsApp",inactive,,,,"Con el presupuesto del conjunto de anuncios",0,4304.74,1350,1079,"En curso","7 días tras clic o 1 día tras visualización",3188.696296,0.444444,0.55607,0.740741
2026-07-14,2026-07-14,"JY | Remarketing",active,4,actions:lead,2194.3525,"Con el presupuesto del conjunto de anuncios",0,8777.41,2576,1813,"En curso","7 días tras clic o 1 día tras visualización",3407.379658,1.009317,1.37893,1.552795
2026-07-14,2026-07-14,"JY | Conversiones",active,3,actions:lead,2178.00666667,"Con el presupuesto del conjunto de anuncios",0,6534.02,2665,1977,"En curso","7 días tras clic o 1 día tras visualización",2451.789869,0.787993,1.011634,1.500938
2026-07-14,2026-07-14,"JY | Awareness",active,55,profile_visit_view,42.82563636,"Con el presupuesto del conjunto de anuncios",0,2355.41,3489,3479,"En curso","1 día tras clic",675.096016,1.662367,1.609658,1.633706
2026-07-14,2026-07-14,"Clientes Potenciales - Alta Intencion GEM",inactive,,,,3500,Diario,0,0,0,"En curso","7 días tras clic o 1 día tras visualización",0,,0,0
2026-07-14,2026-07-14,"Yamil | Campaña de Formularios - CENTRO Argentina",inactive,,,,7000,Diario,6649.91,1153,979,"En curso","7 días tras clic o 1 día tras visualización",5767.484822,1.561145,1.838611,1.734605
2026-07-14,2026-07-14,"Yamil | Campaña de Formularios - NO Argentina",inactive,,,,5000,Diario,0,0,0,"En curso","7 días tras clic o 1 día tras visualización",0,,0,0
2026-07-14,2026-07-14,"2. Campaña de Conversiones - Copia",inactive,,,,"Con el presupuesto del conjunto de anuncios",0,0,0,0,"En curso","7 días tras clic o 1 día tras visualización",0,,0,0
2026-07-14,2026-07-14,"7. Clientes potenciales - formulario - Copia",inactive,2,actions:lead,5035.205,"Con el presupuesto del conjunto de anuncios",0,10070.41,4122,2986,"En curso","7 días tras clic o 1 día tras visualización",2443.088307,0.412421,0.435365,0.824842
2026-07-14,2026-07-14,"5. Campaña de Seguidores",inactive,,,,"Con el presupuesto del conjunto de anuncios",0,0,0,0,"En curso","Configuración de atribución múltiple",0,,0,0
2026-07-14,2026-07-14,"Trafico Boxer web",inactive,,,,"Con el presupuesto del conjunto de anuncios",0,0,0,0,"En curso","7 días tras clic o 1 día tras visualización",0,,0,0
2026-07-14,2026-07-14,"Interacción Contenido - Feed",inactive,,,,"Con el presupuesto del conjunto de anuncios",0,0,0,0,"En curso","7 días tras clic o 1 día tras visualización",0,,0,0
2026-07-13,2026-07-13,"JY | Webinar Mostrador - 17 SEPT 2026",active,,,,"Con el presupuesto del conjunto de anuncios",0,0,0,0,"En curso","7 días tras clic o 1 día tras visualización",0,,0,0
2026-07-13,2026-07-13,"JY | Viajes Presenciales Luciana",active,,,,"Con el presupuesto del conjunto de anuncios",0,0,0,0,"En curso","7 días tras clic o 1 día tras visualización",0,,0,0
2026-07-13,2026-07-13,"JY | Interaccion Boxer Taller",inactive,,,,"Con el presupuesto del conjunto de anuncios",0,0,0,0,"En curso","7 días tras clic o 1 día tras visualización",0,,0,0
2026-07-13,2026-07-13,"JY | Awareness Boxer Taller",active,,,,"Con el presupuesto del conjunto de anuncios",0,0,0,0,"En curso","1 día tras clic",0,,0,0
2026-07-13,2026-07-13,"JY | Conversiones - Copia - Boton a WhatsApp",inactive,1,actions:onsite_conversion.messaging_conversation_started_7d,2900.47,"Con el presupuesto del conjunto de anuncios",0,2900.47,661,568,"En curso","7 días tras clic o 1 día tras visualización",4388.003026,0.302572,0.352113,0.907716
2026-07-13,2026-07-13,"JY | Remarketing",active,1,actions:lead,8304.68,"Con el presupuesto del conjunto de anuncios",0,8304.68,1566,1200,"En curso","7 días tras clic o 1 día tras visualización",5303.11622,0.893997,1.083333,1.532567
2026-07-13,2026-07-13,"JY | Conversiones",active,1,actions:lead,5490.41,"Con el presupuesto del conjunto de anuncios",0,5490.41,1790,1422,"En curso","7 días tras clic o 1 día tras visualización",3067.268156,0.558659,0.703235,1.005587
2026-07-13,2026-07-13,"JY | Awareness",active,56,profile_visit_view,43.43321429,"Con el presupuesto del conjunto de anuncios",0,2432.26,2965,2886,"En curso","1 día tras clic",820.323777,1.956155,1.940402,1.956155
2026-07-13,2026-07-13,"Clientes Potenciales - Alta Intencion GEM",inactive,,,,3500,Diario,0,0,0,"En curso","7 días tras clic o 1 día tras visualización",0,,0,0
2026-07-13,2026-07-13,"Yamil | Campaña de Formularios - CENTRO Argentina",inactive,,,,7000,Diario,7674.6,1036,846,"En curso","7 días tras clic o 1 día tras visualización",7407.915058,2.123552,2.600473,2.509653
2026-07-13,2026-07-13,"Yamil | Campaña de Formularios - NO Argentina",inactive,,,,5000,Diario,0,0,0,"En curso","7 días tras clic o 1 día tras visualización",0,,0,0
2026-07-13,2026-07-13,"2. Campaña de Conversiones - Copia",inactive,,,,"Con el presupuesto del conjunto de anuncios",0,0,0,0,"En curso","7 días tras clic o 1 día tras visualización",0,,0,0
2026-07-13,2026-07-13,"7. Clientes potenciales - formulario - Copia",inactive,5,actions:lead,2747.594,"Con el presupuesto del conjunto de anuncios",0,13737.97,4455,3209,"En curso","7 días tras clic o 1 día tras visualización",3083.719416,0.493827,0.654409,0.897868
2026-07-13,2026-07-13,"5. Campaña de Seguidores",inactive,,,,"Con el presupuesto del conjunto de anuncios",0,0,0,0,"En curso","Configuración de atribución múltiple",0,,0,0
2026-07-13,2026-07-13,"Trafico Boxer web",inactive,,,,"Con el presupuesto del conjunto de anuncios",0,0,0,0,"En curso","7 días tras clic o 1 día tras visualización",0,,0,0
2026-07-13,2026-07-13,"Interacción Contenido - Feed",inactive,,,,"Con el presupuesto del conjunto de anuncios",0,0,0,0,"En curso","7 días tras clic o 1 día tras visualización",0,,0,0
2026-07-12,2026-07-12,"JY | Webinar Mostrador - 17 SEPT 2026",active,,,,"Con el presupuesto del conjunto de anuncios",0,0,0,0,"En curso","7 días tras clic o 1 día tras visualización",0,,0,0
2026-07-12,2026-07-12,"JY | Viajes Presenciales Luciana",active,,,,"Con el presupuesto del conjunto de anuncios",0,0,0,0,"En curso","7 días tras clic o 1 día tras visualización",0,,0,0
2026-07-12,2026-07-12,"JY | Interaccion Boxer Taller",inactive,,,,"Con el presupuesto del conjunto de anuncios",0,0,0,0,"En curso","7 días tras clic o 1 día tras visualización",0,,0,0
2026-07-12,2026-07-12,"JY | Awareness Boxer Taller",active,,,,"Con el presupuesto del conjunto de anuncios",0,0,0,0,"En curso","1 día tras clic",0,,0,0
2026-07-12,2026-07-12,"JY | Conversiones - Copia - Boton a WhatsApp",inactive,,,,"Con el presupuesto del conjunto de anuncios",0,0,0,0,"En curso","7 días tras clic o 1 día tras visualización",0,,0,0
2026-07-12,2026-07-12,"JY | Remarketing",active,,,,"Con el presupuesto del conjunto de anuncios",0,5506.44,1004,583,"En curso","7 días tras clic o 1 día tras visualización",5484.501992,1.294821,2.058319,1.792829
2026-07-12,2026-07-12,"JY | Conversiones",active,2,actions:lead,3048.295,"Con el presupuesto del conjunto de anuncios",0,6096.59,1542,1282,"En curso","7 días tras clic o 1 día tras visualización",3953.690013,0.77821,0.936037,1.361868
2026-07-12,2026-07-12,"JY | Awareness",active,102,profile_visit_view,29.19411765,"Con el presupuesto del conjunto de anuncios",0,2977.8,3836,3673,"En curso","1 día tras clic",776.277372,2.763295,2.749796,2.763295
2026-07-12,2026-07-12,"Clientes Potenciales - Alta Intencion GEM",inactive,,,,3500,Diario,0,0,0,"En curso","7 días tras clic o 1 día tras visualización",0,,0,0
2026-07-12,2026-07-12,"Yamil | Campaña de Formularios - CENTRO Argentina",inactive,2,actions:lead,4331.165,7000,Diario,8662.33,968,917,"En curso","7 días tras clic o 1 día tras visualización",8948.688017,2.272727,2.399128,2.892562
2026-07-12,2026-07-12,"Yamil | Campaña de Formularios - NO Argentina",inactive,,,,5000,Diario,0,0,0,"En curso","7 días tras clic o 1 día tras visualización",0,,0,0
2026-07-12,2026-07-12,"2. Campaña de Conversiones - Copia",inactive,,,,"Con el presupuesto del conjunto de anuncios",0,0,0,0,"En curso","7 días tras clic o 1 día tras visualización",0,,0,0
2026-07-12,2026-07-12,"7. Clientes potenciales - formulario - Copia",inactive,4,actions:lead,4981.59,"Con el presupuesto del conjunto de anuncios",0,19926.36,5213,3962,"En curso","7 días tras clic o 1 día tras visualización",3822.436217,0.633033,0.832913,1.189334
2026-07-12,2026-07-12,"5. Campaña de Seguidores",inactive,,,,"Con el presupuesto del conjunto de anuncios",0,0,0,0,"En curso","Configuración de atribución múltiple",0,,0,0
2026-07-12,2026-07-12,"Trafico Boxer web",inactive,,,,"Con el presupuesto del conjunto de anuncios",0,0,0,0,"En curso","7 días tras clic o 1 día tras visualización",0,,0,0
2026-07-12,2026-07-12,"Interacción Contenido - Feed",inactive,,,,"Con el presupuesto del conjunto de anuncios",0,0,0,0,"En curso","7 días tras clic o 1 día tras visualización",0,,0,0
2026-07-11,2026-07-11,"JY | Webinar Mostrador - 17 SEPT 2026",active,,,,"Con el presupuesto del conjunto de anuncios",0,0,0,0,"En curso","7 días tras clic o 1 día tras visualización",0,,0,0
2026-07-11,2026-07-11,"JY | Viajes Presenciales Luciana",active,,,,"Con el presupuesto del conjunto de anuncios",0,0,0,0,"En curso","7 días tras clic o 1 día tras visualización",0,,0,0
2026-07-11,2026-07-11,"JY | Interaccion Boxer Taller",inactive,,,,"Con el presupuesto del conjunto de anuncios",0,0,0,0,"En curso","7 días tras clic o 1 día tras visualización",0,,0,0
2026-07-11,2026-07-11,"JY | Awareness Boxer Taller",active,,,,"Con el presupuesto del conjunto de anuncios",0,0,0,0,"En curso","1 día tras clic",0,,0,0
2026-07-11,2026-07-11,"JY | Conversiones - Copia - Boton a WhatsApp",inactive,,,,"Con el presupuesto del conjunto de anuncios",0,0,0,0,"En curso","7 días tras clic o 1 día tras visualización",0,,0,0
2026-07-11,2026-07-11,"JY | Remarketing",active,,,,"Con el presupuesto del conjunto de anuncios",0,4487.11,760,469,"En curso","7 días tras clic o 1 día tras visualización",5904.092105,1.184211,1.918977,1.710526
2026-07-11,2026-07-11,"JY | Conversiones",active,1,actions:lead,6382.33,"Con el presupuesto del conjunto de anuncios",0,6382.33,1185,974,"En curso","7 días tras clic o 1 día tras visualización",5385.932489,1.350211,1.437372,1.772152
2026-07-11,2026-07-11,"JY | Awareness",active,64,profile_visit_view,34.96109375,"Con el presupuesto del conjunto de anuncios",0,2237.51,2291,2270,"En curso","1 día tras clic",976.652117,3.011785,2.907489,2.924487
2026-07-11,2026-07-11,"Clientes Potenciales - Alta Intencion GEM",inactive,,,,3500,Diario,0,0,0,"En curso","7 días tras clic o 1 día tras visualización",0,,0,0
2026-07-11,2026-07-11,"Yamil | Campaña de Formularios - CENTRO Argentina",inactive,,,,7000,Diario,5449.42,694,636,"En curso","7 días tras clic o 1 día tras visualización",7852.190202,2.161383,2.358491,2.305476
2026-07-11,2026-07-11,"Yamil | Campaña de Formularios - NO Argentina",inactive,,,,5000,Diario,0,0,0,"En curso","7 días tras clic o 1 día tras visualización",0,,0,0
2026-07-11,2026-07-11,"2. Campaña de Conversiones - Copia",inactive,,,,"Con el presupuesto del conjunto de anuncios",0,0,0,0,"En curso","7 días tras clic o 1 día tras visualización",0,,0,0
2026-07-11,2026-07-11,"7. Clientes potenciales - formulario - Copia",inactive,6,actions:lead,2243.29666667,"Con el presupuesto del conjunto de anuncios",0,13459.78,3304,2423,"En curso","7 días tras clic o 1 día tras visualización",4073.783293,0.423729,0.536525,1.029056
2026-07-11,2026-07-11,"5. Campaña de Seguidores",inactive,,,,"Con el presupuesto del conjunto de anuncios",0,0,0,0,"En curso","Configuración de atribución múltiple",0,,0,0
2026-07-11,2026-07-11,"Trafico Boxer web",inactive,,,,"Con el presupuesto del conjunto de anuncios",0,0,0,0,"En curso","7 días tras clic o 1 día tras visualización",0,,0,0
2026-07-11,2026-07-11,"Interacción Contenido - Feed",inactive,,,,"Con el presupuesto del conjunto de anuncios",0,0,0,0,"En curso","7 días tras clic o 1 día tras visualización",0,,0,0
2026-07-10,2026-07-10,"JY | Webinar Mostrador - 17 SEPT 2026",active,,,,"Con el presupuesto del conjunto de anuncios",0,0,0,0,"En curso","7 días tras clic o 1 día tras visualización",0,,0,0
2026-07-10,2026-07-10,"JY | Viajes Presenciales Luciana",active,,,,"Con el presupuesto del conjunto de anuncios",0,0,0,0,"En curso","7 días tras clic o 1 día tras visualización",0,,0,0
2026-07-10,2026-07-10,"JY | Interaccion Boxer Taller",inactive,,,,"Con el presupuesto del conjunto de anuncios",0,0,0,0,"En curso","7 días tras clic o 1 día tras visualización",0,,0,0
2026-07-10,2026-07-10,"JY | Awareness Boxer Taller",active,,,,"Con el presupuesto del conjunto de anuncios",0,0,0,0,"En curso","1 día tras clic",0,,0,0
2026-07-10,2026-07-10,"JY | Conversiones - Copia - Boton a WhatsApp",inactive,,,,"Con el presupuesto del conjunto de anuncios",0,0,0,0,"En curso","7 días tras clic o 1 día tras visualización",0,,0,0
2026-07-10,2026-07-10,"JY | Remarketing",active,,,,"Con el presupuesto del conjunto de anuncios",0,4731.08,807,460,"En curso","7 días tras clic o 1 día tras visualización",5862.552664,0.86741,1.304348,1.239157
2026-07-10,2026-07-10,"JY | Conversiones",active,,,,"Con el presupuesto del conjunto de anuncios",0,2655.79,643,553,"En curso","7 días tras clic o 1 día tras visualización",4130.311042,0.311042,0.361664,0.933126
2026-07-10,2026-07-10,"JY | Awareness",active,70,profile_visit_view,33.19828571,"Con el presupuesto del conjunto de anuncios",0,2323.88,2391,2334,"En curso","1 día tras clic",971.928064,3.053116,2.913453,3.053116
2026-07-10,2026-07-10,"Clientes Potenciales - Alta Intencion GEM",inactive,,,,3500,Diario,0,0,0,"En curso","7 días tras clic o 1 día tras visualización",0,,0,0
2026-07-10,2026-07-10,"Yamil | Campaña de Formularios - CENTRO Argentina",inactive,,,,7000,Diario,5737.59,549,535,"En curso","7 días tras clic o 1 día tras visualización",10450.983607,3.642987,3.738318,4.371585
2026-07-10,2026-07-10,"Yamil | Campaña de Formularios - NO Argentina",inactive,,,,5000,Diario,0,0,0,"En curso","7 días tras clic o 1 día tras visualización",0,,0,0
2026-07-10,2026-07-10,"2. Campaña de Conversiones - Copia",inactive,,,,"Con el presupuesto del conjunto de anuncios",0,0,0,0,"En curso","7 días tras clic o 1 día tras visualización",0,,0,0
2026-07-10,2026-07-10,"7. Clientes potenciales - formulario - Copia",inactive,4,actions:lead,3623.5725,"Con el presupuesto del conjunto de anuncios",0,14494.29,3918,3115,"En curso","7 días tras clic o 1 día tras visualización",3699.410413,0.510465,0.642055,0.995406
2026-07-10,2026-07-10,"5. Campaña de Seguidores",inactive,,,,"Con el presupuesto del conjunto de anuncios",0,0,0,0,"En curso","Configuración de atribución múltiple",0,,0,0
2026-07-10,2026-07-10,"Trafico Boxer web",inactive,,,,"Con el presupuesto del conjunto de anuncios",0,0,0,0,"En curso","7 días tras clic o 1 día tras visualización",0,,0,0
2026-07-10,2026-07-10,"Interacción Contenido - Feed",inactive,,,,"Con el presupuesto del conjunto de anuncios",0,0,0,0,"En curso","7 días tras clic o 1 día tras visualización",0,,0,0
2026-07-09,2026-07-09,"JY | Webinar Mostrador - 17 SEPT 2026",active,,,,"Con el presupuesto del conjunto de anuncios",0,0,0,0,"En curso","7 días tras clic o 1 día tras visualización",0,,0,0
2026-07-09,2026-07-09,"JY | Viajes Presenciales Luciana",active,,,,"Con el presupuesto del conjunto de anuncios",0,0,0,0,"En curso","7 días tras clic o 1 día tras visualización",0,,0,0
2026-07-09,2026-07-09,"JY | Interaccion Boxer Taller",inactive,,,,"Con el presupuesto del conjunto de anuncios",0,0,0,0,"En curso","7 días tras clic o 1 día tras visualización",0,,0,0
2026-07-09,2026-07-09,"JY | Awareness Boxer Taller",active,,,,"Con el presupuesto del conjunto de anuncios",0,0,0,0,"En curso","1 día tras clic",0,,0,0
2026-07-09,2026-07-09,"JY | Conversiones - Copia - Boton a WhatsApp",inactive,,,,"Con el presupuesto del conjunto de anuncios",0,0,0,0,"En curso","7 días tras clic o 1 día tras visualización",0,,0,0
2026-07-09,2026-07-09,"JY | Remarketing",active,1,actions:lead,5295.2,"Con el presupuesto del conjunto de anuncios",0,5295.2,857,378,"En curso","7 días tras clic o 1 día tras visualización",6178.763127,0.816803,1.851852,1.750292
2026-07-09,2026-07-09,"JY | Conversiones",active,,,,"Con el presupuesto del conjunto de anuncios",0,17135.69,6097,5946,"En curso","7 días tras clic o 1 día tras visualización",2810.511727,0.557651,0.571813,0.86928
2026-07-09,2026-07-09,"JY | Awareness",active,76,profile_visit_view,34.70723684,"Con el presupuesto del conjunto de anuncios",0,2637.75,2438,2311,"En curso","1 día tras clic",1081.931911,3.240361,3.28862,3.158327
2026-07-09,2026-07-09,"Clientes Potenciales - Alta Intencion GEM",inactive,,,,3500,Diario,0,0,0,"En curso","7 días tras clic o 1 día tras visualización",0,,0,0
2026-07-09,2026-07-09,"Yamil | Campaña de Formularios - CENTRO Argentina",inactive,2,actions:lead,3469.74,7000,Diario,6939.48,786,763,"En curso","7 días tras clic o 1 día tras visualización",8828.854962,2.290076,2.359109,2.671756
2026-07-09,2026-07-09,"Yamil | Campaña de Formularios - NO Argentina",inactive,,,,5000,Diario,0,0,0,"En curso","7 días tras clic o 1 día tras visualización",0,,0,0
2026-07-09,2026-07-09,"2. Campaña de Conversiones - Copia",inactive,,,,"Con el presupuesto del conjunto de anuncios",0,0,0,0,"En curso","7 días tras clic o 1 día tras visualización",0,,0,0
2026-07-09,2026-07-09,"7. Clientes potenciales - formulario - Copia",inactive,1,actions:lead,19800.41,"Con el presupuesto del conjunto de anuncios",0,19800.41,5583,4378,"En curso","7 días tras clic o 1 día tras visualización",3546.553824,0.447788,0.571037,0.716461
2026-07-09,2026-07-09,"5. Campaña de Seguidores",inactive,,,,"Con el presupuesto del conjunto de anuncios",0,0,0,0,"En curso","Configuración de atribución múltiple",0,,0,0
2026-07-09,2026-07-09,"Trafico Boxer web",inactive,,,,"Con el presupuesto del conjunto de anuncios",0,0,0,0,"En curso","7 días tras clic o 1 día tras visualización",0,,0,0
2026-07-09,2026-07-09,"Interacción Contenido - Feed",inactive,,,,"Con el presupuesto del conjunto de anuncios",0,0,0,0,"En curso","7 días tras clic o 1 día tras visualización",0,,0,0
2026-07-08,2026-07-08,"JY | Webinar Mostrador - 17 SEPT 2026",active,,,,"Con el presupuesto del conjunto de anuncios",0,0,0,0,"En curso","7 días tras clic o 1 día tras visualización",0,,0,0
2026-07-08,2026-07-08,"JY | Viajes Presenciales Luciana",active,,,,"Con el presupuesto del conjunto de anuncios",0,0,0,0,"En curso","7 días tras clic o 1 día tras visualización",0,,0,0
2026-07-08,2026-07-08,"JY | Interaccion Boxer Taller",inactive,,,,"Con el presupuesto del conjunto de anuncios",0,0,0,0,"En curso","7 días tras clic o 1 día tras visualización",0,,0,0
2026-07-08,2026-07-08,"JY | Awareness Boxer Taller",active,,,,"Con el presupuesto del conjunto de anuncios",0,0,0,0,"En curso","1 día tras clic",0,,0,0
2026-07-08,2026-07-08,"JY | Conversiones - Copia - Boton a WhatsApp",inactive,,,,"Con el presupuesto del conjunto de anuncios",0,0,0,0,"En curso","7 días tras clic o 1 día tras visualización",0,,0,0
2026-07-08,2026-07-08,"JY | Remarketing",active,,,,"Con el presupuesto del conjunto de anuncios",0,6339.97,369,293,"En curso","7 días tras clic o 1 día tras visualización",17181.490515,0.542005,0.682594,1.897019
2026-07-08,2026-07-08,"JY | Conversiones",active,,,,"Con el presupuesto del conjunto de anuncios",0,17235.79,4250,4233,"En curso","7 días tras clic o 1 día tras visualización",4055.48,0.211765,0.212615,0.329412
2026-07-08,2026-07-08,"JY | Awareness",active,50,profile_visit_view,31.1372,"Con el presupuesto del conjunto de anuncios",0,1556.86,1359,1339,"En curso","1 día tras clic",1145.592347,3.752759,3.584765,3.605592
2026-07-08,2026-07-08,"Clientes Potenciales - Alta Intencion GEM",inactive,,,,3500,Diario,0,0,0,"En curso","7 días tras clic o 1 día tras visualización",0,,0,0
2026-07-08,2026-07-08,"Yamil | Campaña de Formularios - CENTRO Argentina",inactive,3,actions:lead,4215.06333333,7000,Diario,12645.19,1386,1288,"En curso","7 días tras clic o 1 día tras visualización",9123.513709,2.020202,2.173913,2.813853
2026-07-08,2026-07-08,"Yamil | Campaña de Formularios - NO Argentina",inactive,,,,5000,Diario,0,0,0,"En curso","7 días tras clic o 1 día tras visualización",0,,0,0
2026-07-08,2026-07-08,"2. Campaña de Conversiones - Copia",inactive,,,,"Con el presupuesto del conjunto de anuncios",0,0,0,0,"En curso","7 días tras clic o 1 día tras visualización",0,,0,0
2026-07-08,2026-07-08,"7. Clientes potenciales - formulario - Copia",inactive,7,actions:lead,4347.51428571,"Con el presupuesto del conjunto de anuncios",0,30432.6,7047,5140,"En curso","7 días tras clic o 1 día tras visualización",4318.518519,0.63857,0.836576,1.121044
2026-07-08,2026-07-08,"5. Campaña de Seguidores",inactive,,,,"Con el presupuesto del conjunto de anuncios",0,0,0,0,"En curso","Configuración de atribución múltiple",0,,0,0
2026-07-08,2026-07-08,"Trafico Boxer web",inactive,,,,"Con el presupuesto del conjunto de anuncios",0,0,0,0,"En curso","7 días tras clic o 1 día tras visualización",0,,0,0
2026-07-08,2026-07-08,"Interacción Contenido - Feed",inactive,,,,"Con el presupuesto del conjunto de anuncios",0,0,0,0,"En curso","7 días tras clic o 1 día tras visualización",0,,0,0
2026-07-07,2026-07-07,"JY | Webinar Mostrador - 17 SEPT 2026",active,,,,"Con el presupuesto del conjunto de anuncios",0,0,0,0,"En curso","7 días tras clic o 1 día tras visualización",0,,0,0
2026-07-07,2026-07-07,"JY | Viajes Presenciales Luciana",active,,,,"Con el presupuesto del conjunto de anuncios",0,0,0,0,"En curso","7 días tras clic o 1 día tras visualización",0,,0,0
2026-07-07,2026-07-07,"JY | Interaccion Boxer Taller",inactive,,,,"Con el presupuesto del conjunto de anuncios",0,0,0,0,"En curso","7 días tras clic o 1 día tras visualización",0,,0,0
2026-07-07,2026-07-07,"JY | Awareness Boxer Taller",active,,,,"Con el presupuesto del conjunto de anuncios",0,0,0,0,"En curso","1 día tras clic",0,,0,0
2026-07-07,2026-07-07,"JY | Conversiones - Copia - Boton a WhatsApp",inactive,,,,"Con el presupuesto del conjunto de anuncios",0,0,0,0,"En curso","7 días tras clic o 1 día tras visualización",0,,0,0
2026-07-07,2026-07-07,"JY | Remarketing",active,,,,"Con el presupuesto del conjunto de anuncios",0,0,0,0,"En curso","7 días tras clic o 1 día tras visualización",0,,0,0
2026-07-07,2026-07-07,"JY | Conversiones",active,,,,"Con el presupuesto del conjunto de anuncios",0,0,0,0,"En curso","7 días tras clic o 1 día tras visualización",0,,0,0
2026-07-07,2026-07-07,"JY | Awareness",active,,,,"Con el presupuesto del conjunto de anuncios",0,0,0,0,"En curso","1 día tras clic",0,,0,0
2026-07-07,2026-07-07,"Clientes Potenciales - Alta Intencion GEM",inactive,,,,3500,Diario,0,0,0,"En curso","7 días tras clic o 1 día tras visualización",0,,0,0
2026-07-07,2026-07-07,"Yamil | Campaña de Formularios - CENTRO Argentina",inactive,1,actions:lead,16514.4,7000,Diario,16514.4,1924,1670,"En curso","7 días tras clic o 1 día tras visualización",8583.367983,2.027027,2.335329,2.442827
2026-07-07,2026-07-07,"Yamil | Campaña de Formularios - NO Argentina",inactive,,,,5000,Diario,0,0,0,"En curso","7 días tras clic o 1 día tras visualización",0,,0,0
2026-07-07,2026-07-07,"2. Campaña de Conversiones - Copia",inactive,,,,"Con el presupuesto del conjunto de anuncios",0,0,0,0,"En curso","7 días tras clic o 1 día tras visualización",0,,0,0
2026-07-07,2026-07-07,"7. Clientes potenciales - formulario - Copia",inactive,2,actions:lead,14192.75,"Con el presupuesto del conjunto de anuncios",0,28385.5,6909,4865,"En curso","7 días tras clic o 1 día tras visualización",4108.481691,0.419742,0.53443,0.752641
2026-07-07,2026-07-07,"5. Campaña de Seguidores",inactive,,,,"Con el presupuesto del conjunto de anuncios",0,0,0,0,"En curso","Configuración de atribución múltiple",0,,0,0
2026-07-07,2026-07-07,"Trafico Boxer web",inactive,,,,"Con el presupuesto del conjunto de anuncios",0,0,0,0,"En curso","7 días tras clic o 1 día tras visualización",0,,0,0
2026-07-07,2026-07-07,"Interacción Contenido - Feed",inactive,,,,"Con el presupuesto del conjunto de anuncios",0,0,0,0,"En curso","7 días tras clic o 1 día tras visualización",0,,0,0
2026-07-06,2026-07-06,"JY | Webinar Mostrador - 17 SEPT 2026",active,,,,"Con el presupuesto del conjunto de anuncios",0,0,0,0,"En curso","7 días tras clic o 1 día tras visualización",0,,0,0
2026-07-06,2026-07-06,"JY | Viajes Presenciales Luciana",active,,,,"Con el presupuesto del conjunto de anuncios",0,0,0,0,"En curso","7 días tras clic o 1 día tras visualización",0,,0,0
2026-07-06,2026-07-06,"JY | Interaccion Boxer Taller",inactive,,,,"Con el presupuesto del conjunto de anuncios",0,0,0,0,"En curso","7 días tras clic o 1 día tras visualización",0,,0,0
2026-07-06,2026-07-06,"JY | Awareness Boxer Taller",active,,,,"Con el presupuesto del conjunto de anuncios",0,0,0,0,"En curso","1 día tras clic",0,,0,0
2026-07-06,2026-07-06,"JY | Conversiones - Copia - Boton a WhatsApp",inactive,,,,"Con el presupuesto del conjunto de anuncios",0,0,0,0,"En curso","7 días tras clic o 1 día tras visualización",0,,0,0
2026-07-06,2026-07-06,"JY | Remarketing",active,,,,"Con el presupuesto del conjunto de anuncios",0,0,0,0,"En curso","7 días tras clic o 1 día tras visualización",0,,0,0
2026-07-06,2026-07-06,"JY | Conversiones",active,,,,"Con el presupuesto del conjunto de anuncios",0,0,0,0,"En curso","7 días tras clic o 1 día tras visualización",0,,0,0
2026-07-06,2026-07-06,"JY | Awareness",active,,,,"Con el presupuesto del conjunto de anuncios",0,0,0,0,"En curso","1 día tras clic",0,,0,0
2026-07-06,2026-07-06,"Clientes Potenciales - Alta Intencion GEM",inactive,,,,3500,Diario,0,0,0,"En curso","7 días tras clic o 1 día tras visualización",0,,0,0
2026-07-06,2026-07-06,"Yamil | Campaña de Formularios - CENTRO Argentina",inactive,3,actions:lead,4440.58333333,7000,Diario,13321.75,2381,1999,"En curso","7 días tras clic o 1 día tras visualización",5595.0231,1.091978,1.30065,1.931961
2026-07-06,2026-07-06,"Yamil | Campaña de Formularios - NO Argentina",inactive,,,,5000,Diario,0,0,0,"En curso","7 días tras clic o 1 día tras visualización",0,,0,0
2026-07-06,2026-07-06,"2. Campaña de Conversiones - Copia",inactive,,,,"Con el presupuesto del conjunto de anuncios",0,0,0,0,"En curso","7 días tras clic o 1 día tras visualización",0,,0,0
2026-07-06,2026-07-06,"7. Clientes potenciales - formulario - Copia",inactive,6,actions:lead,5116.08166667,"Con el presupuesto del conjunto de anuncios",0,30696.49,7086,5549,"En curso","7 días tras clic o 1 día tras visualización",4331.99125,0.536269,0.612723,1.072537
2026-07-06,2026-07-06,"5. Campaña de Seguidores",inactive,,,,"Con el presupuesto del conjunto de anuncios",0,0,0,0,"En curso","Configuración de atribución múltiple",0,,0,0
2026-07-06,2026-07-06,"Trafico Boxer web",inactive,,,,"Con el presupuesto del conjunto de anuncios",0,0,0,0,"En curso","7 días tras clic o 1 día tras visualización",0,,0,0
2026-07-06,2026-07-06,"Interacción Contenido - Feed",inactive,,,,"Con el presupuesto del conjunto de anuncios",0,0,0,0,"En curso","7 días tras clic o 1 día tras visualización",0,,0,0
2026-07-05,2026-07-05,"JY | Webinar Mostrador - 17 SEPT 2026",active,,,,"Con el presupuesto del conjunto de anuncios",0,0,0,0,"En curso","7 días tras clic o 1 día tras visualización",0,,0,0
2026-07-05,2026-07-05,"JY | Viajes Presenciales Luciana",active,,,,"Con el presupuesto del conjunto de anuncios",0,0,0,0,"En curso","7 días tras clic o 1 día tras visualización",0,,0,0
2026-07-05,2026-07-05,"JY | Interaccion Boxer Taller",inactive,,,,"Con el presupuesto del conjunto de anuncios",0,0,0,0,"En curso","7 días tras clic o 1 día tras visualización",0,,0,0
2026-07-05,2026-07-05,"JY | Awareness Boxer Taller",active,,,,"Con el presupuesto del conjunto de anuncios",0,0,0,0,"En curso","1 día tras clic",0,,0,0
2026-07-05,2026-07-05,"JY | Conversiones - Copia - Boton a WhatsApp",inactive,,,,"Con el presupuesto del conjunto de anuncios",0,0,0,0,"En curso","7 días tras clic o 1 día tras visualización",0,,0,0
2026-07-05,2026-07-05,"JY | Remarketing",active,,,,"Con el presupuesto del conjunto de anuncios",0,0,0,0,"En curso","7 días tras clic o 1 día tras visualización",0,,0,0
2026-07-05,2026-07-05,"JY | Conversiones",active,,,,"Con el presupuesto del conjunto de anuncios",0,0,0,0,"En curso","7 días tras clic o 1 día tras visualización",0,,0,0
2026-07-05,2026-07-05,"JY | Awareness",active,,,,"Con el presupuesto del conjunto de anuncios",0,0,0,0,"En curso","1 día tras clic",0,,0,0
2026-07-05,2026-07-05,"Clientes Potenciales - Alta Intencion GEM",inactive,,,,3500,Diario,0,0,0,"En curso","7 días tras clic o 1 día tras visualización",0,,0,0
2026-07-05,2026-07-05,"Yamil | Campaña de Formularios - CENTRO Argentina",inactive,1,actions:lead,18414.85,7000,Diario,18414.85,1702,1518,"En curso","7 días tras clic o 1 día tras visualización",10819.53584,2.056404,2.239789,2.585194
2026-07-05,2026-07-05,"Yamil | Campaña de Formularios - NO Argentina",inactive,,,,5000,Diario,0,0,0,"En curso","7 días tras clic o 1 día tras visualización",0,,0,0
2026-07-05,2026-07-05,"2. Campaña de Conversiones - Copia",inactive,,,,"Con el presupuesto del conjunto de anuncios",0,0,0,0,"En curso","7 días tras clic o 1 día tras visualización",0,,0,0
2026-07-05,2026-07-05,"7. Clientes potenciales - formulario - Copia",inactive,3,actions:lead,7312.74,"Con el presupuesto del conjunto de anuncios",0,21938.22,4977,3922,"En curso","7 días tras clic o 1 día tras visualización",4407.920434,0.602773,0.739419,1.105083
2026-07-05,2026-07-05,"5. Campaña de Seguidores",inactive,,,,"Con el presupuesto del conjunto de anuncios",0,0,0,0,"En curso","Configuración de atribución múltiple",0,,0,0
2026-07-05,2026-07-05,"Trafico Boxer web",inactive,,,,"Con el presupuesto del conjunto de anuncios",0,0,0,0,"En curso","7 días tras clic o 1 día tras visualización",0,,0,0
2026-07-05,2026-07-05,"Interacción Contenido - Feed",inactive,,,,"Con el presupuesto del conjunto de anuncios",0,0,0,0,"En curso","7 días tras clic o 1 día tras visualización",0,,0,0
2026-07-04,2026-07-04,"JY | Webinar Mostrador - 17 SEPT 2026",active,,,,"Con el presupuesto del conjunto de anuncios",0,0,0,0,"En curso","7 días tras clic o 1 día tras visualización",0,,0,0
2026-07-04,2026-07-04,"JY | Viajes Presenciales Luciana",active,,,,"Con el presupuesto del conjunto de anuncios",0,0,0,0,"En curso","7 días tras clic o 1 día tras visualización",0,,0,0
2026-07-04,2026-07-04,"JY | Interaccion Boxer Taller",inactive,,,,"Con el presupuesto del conjunto de anuncios",0,0,0,0,"En curso","7 días tras clic o 1 día tras visualización",0,,0,0
2026-07-04,2026-07-04,"JY | Awareness Boxer Taller",active,,,,"Con el presupuesto del conjunto de anuncios",0,0,0,0,"En curso","1 día tras clic",0,,0,0
2026-07-04,2026-07-04,"JY | Conversiones - Copia - Boton a WhatsApp",inactive,,,,"Con el presupuesto del conjunto de anuncios",0,0,0,0,"En curso","7 días tras clic o 1 día tras visualización",0,,0,0
2026-07-04,2026-07-04,"JY | Remarketing",active,,,,"Con el presupuesto del conjunto de anuncios",0,0,0,0,"En curso","7 días tras clic o 1 día tras visualización",0,,0,0
2026-07-04,2026-07-04,"JY | Conversiones",active,,,,"Con el presupuesto del conjunto de anuncios",0,0,0,0,"En curso","7 días tras clic o 1 día tras visualización",0,,0,0
2026-07-04,2026-07-04,"JY | Awareness",active,,,,"Con el presupuesto del conjunto de anuncios",0,0,0,0,"En curso","1 día tras clic",0,,0,0
2026-07-04,2026-07-04,"Clientes Potenciales - Alta Intencion GEM",inactive,,,,3500,Diario,0,0,0,"En curso","7 días tras clic o 1 día tras visualización",0,,0,0
2026-07-04,2026-07-04,"Yamil | Campaña de Formularios - CENTRO Argentina",inactive,1,actions:lead,9956.47,7000,Diario,9956.47,1264,1140,"En curso","7 días tras clic o 1 día tras visualización",7876.954114,1.503165,1.666667,2.056962
2026-07-04,2026-07-04,"Yamil | Campaña de Formularios - NO Argentina",inactive,,,,5000,Diario,0,0,0,"En curso","7 días tras clic o 1 día tras visualización",0,,0,0
2026-07-04,2026-07-04,"2. Campaña de Conversiones - Copia",inactive,,,,"Con el presupuesto del conjunto de anuncios",0,0,0,0,"En curso","7 días tras clic o 1 día tras visualización",0,,0,0
2026-07-04,2026-07-04,"7. Clientes potenciales - formulario - Copia",inactive,1,actions:lead,19271.78,"Con el presupuesto del conjunto de anuncios",0,19271.78,5251,4587,"En curso","7 días tras clic o 1 día tras visualización",3670.116168,0.704628,0.763026,1.066464
2026-07-04,2026-07-04,"5. Campaña de Seguidores",inactive,,,,"Con el presupuesto del conjunto de anuncios",0,0,0,0,"En curso","Configuración de atribución múltiple",0,,0,0
2026-07-04,2026-07-04,"Trafico Boxer web",inactive,,,,"Con el presupuesto del conjunto de anuncios",0,0,0,0,"En curso","7 días tras clic o 1 día tras visualización",0,,0,0
2026-07-04,2026-07-04,"Interacción Contenido - Feed",inactive,,,,"Con el presupuesto del conjunto de anuncios",0,0,0,0,"En curso","7 días tras clic o 1 día tras visualización",0,,0,0
2026-07-03,2026-07-03,"JY | Webinar Mostrador - 17 SEPT 2026",active,,,,"Con el presupuesto del conjunto de anuncios",0,0,0,0,"En curso","7 días tras clic o 1 día tras visualización",0,,0,0
2026-07-03,2026-07-03,"JY | Viajes Presenciales Luciana",active,,,,"Con el presupuesto del conjunto de anuncios",0,0,0,0,"En curso","7 días tras clic o 1 día tras visualización",0,,0,0
2026-07-03,2026-07-03,"JY | Interaccion Boxer Taller",inactive,,,,"Con el presupuesto del conjunto de anuncios",0,0,0,0,"En curso","7 días tras clic o 1 día tras visualización",0,,0,0
2026-07-03,2026-07-03,"JY | Awareness Boxer Taller",active,,,,"Con el presupuesto del conjunto de anuncios",0,0,0,0,"En curso","1 día tras clic",0,,0,0
2026-07-03,2026-07-03,"JY | Conversiones - Copia - Boton a WhatsApp",inactive,,,,"Con el presupuesto del conjunto de anuncios",0,0,0,0,"En curso","7 días tras clic o 1 día tras visualización",0,,0,0
2026-07-03,2026-07-03,"JY | Remarketing",active,,,,"Con el presupuesto del conjunto de anuncios",0,0,0,0,"En curso","7 días tras clic o 1 día tras visualización",0,,0,0
2026-07-03,2026-07-03,"JY | Conversiones",active,,,,"Con el presupuesto del conjunto de anuncios",0,0,0,0,"En curso","7 días tras clic o 1 día tras visualización",0,,0,0
2026-07-03,2026-07-03,"JY | Awareness",active,,,,"Con el presupuesto del conjunto de anuncios",0,0,0,0,"En curso","1 día tras clic",0,,0,0
2026-07-03,2026-07-03,"Clientes Potenciales - Alta Intencion GEM",inactive,,,,3500,Diario,0,0,0,"En curso","7 días tras clic o 1 día tras visualización",0,,0,0
2026-07-03,2026-07-03,"Yamil | Campaña de Formularios - CENTRO Argentina",inactive,2,actions:lead,6491.825,7000,Diario,12983.65,1367,1295,"En curso","7 días tras clic o 1 día tras visualización",9497.915143,4.023409,4.015444,4.169715
2026-07-03,2026-07-03,"Yamil | Campaña de Formularios - NO Argentina",inactive,,,,5000,Diario,0,0,0,"En curso","7 días tras clic o 1 día tras visualización",0,,0,0
2026-07-03,2026-07-03,"2. Campaña de Conversiones - Copia",inactive,,,,"Con el presupuesto del conjunto de anuncios",0,0,0,0,"En curso","7 días tras clic o 1 día tras visualización",0,,0,0
2026-07-03,2026-07-03,"7. Clientes potenciales - formulario - Copia",inactive,1,actions:lead,16436.18,"Con el presupuesto del conjunto de anuncios",0,16436.18,4873,4243,"En curso","7 días tras clic o 1 día tras visualización",3372.90786,0.49251,0.565638,0.902935
2026-07-03,2026-07-03,"5. Campaña de Seguidores",inactive,,,,"Con el presupuesto del conjunto de anuncios",0,0,0,0,"En curso","Configuración de atribución múltiple",0,,0,0
2026-07-03,2026-07-03,"Trafico Boxer web",inactive,,,,"Con el presupuesto del conjunto de anuncios",0,0,0,0,"En curso","7 días tras clic o 1 día tras visualización",0,,0,0
2026-07-03,2026-07-03,"Interacción Contenido - Feed",inactive,,,,"Con el presupuesto del conjunto de anuncios",0,0,0,0,"En curso","7 días tras clic o 1 día tras visualización",0,,0,0
2026-07-02,2026-07-02,"JY | Webinar Mostrador - 17 SEPT 2026",active,,,,"Con el presupuesto del conjunto de anuncios",0,0,0,0,"En curso","7 días tras clic o 1 día tras visualización",0,,0,0
2026-07-02,2026-07-02,"JY | Viajes Presenciales Luciana",active,,,,"Con el presupuesto del conjunto de anuncios",0,0,0,0,"En curso","7 días tras clic o 1 día tras visualización",0,,0,0
2026-07-02,2026-07-02,"JY | Interaccion Boxer Taller",inactive,,,,"Con el presupuesto del conjunto de anuncios",0,0,0,0,"En curso","7 días tras clic o 1 día tras visualización",0,,0,0
2026-07-02,2026-07-02,"JY | Awareness Boxer Taller",active,,,,"Con el presupuesto del conjunto de anuncios",0,0,0,0,"En curso","1 día tras clic",0,,0,0
2026-07-02,2026-07-02,"JY | Conversiones - Copia - Boton a WhatsApp",inactive,,,,"Con el presupuesto del conjunto de anuncios",0,0,0,0,"En curso","7 días tras clic o 1 día tras visualización",0,,0,0
2026-07-02,2026-07-02,"JY | Remarketing",active,,,,"Con el presupuesto del conjunto de anuncios",0,0,0,0,"En curso","7 días tras clic o 1 día tras visualización",0,,0,0
2026-07-02,2026-07-02,"JY | Conversiones",active,,,,"Con el presupuesto del conjunto de anuncios",0,0,0,0,"En curso","7 días tras clic o 1 día tras visualización",0,,0,0
2026-07-02,2026-07-02,"JY | Awareness",active,,,,"Con el presupuesto del conjunto de anuncios",0,0,0,0,"En curso","1 día tras clic",0,,0,0
2026-07-02,2026-07-02,"Clientes Potenciales - Alta Intencion GEM",inactive,,,,3500,Diario,0,0,0,"En curso","7 días tras clic o 1 día tras visualización",0,,0,0
2026-07-02,2026-07-02,"Yamil | Campaña de Formularios - CENTRO Argentina",inactive,,,,7000,Diario,12219.86,1403,1245,"En curso","7 días tras clic o 1 día tras visualización",8709.807555,2.494654,2.811245,3.064861
2026-07-02,2026-07-02,"Yamil | Campaña de Formularios - NO Argentina",inactive,,,,5000,Diario,0,0,0,"En curso","7 días tras clic o 1 día tras visualización",0,,0,0
2026-07-02,2026-07-02,"2. Campaña de Conversiones - Copia",inactive,,,,"Con el presupuesto del conjunto de anuncios",0,0,0,0,"En curso","7 días tras clic o 1 día tras visualización",0,,0,0
2026-07-02,2026-07-02,"7. Clientes potenciales - formulario - Copia",inactive,3,actions:lead,6126.88,"Con el presupuesto del conjunto de anuncios",0,18380.64,5105,4375,"En curso","7 días tras clic o 1 día tras visualización",3600.51714,0.587659,0.685714,0.920666
2026-07-02,2026-07-02,"5. Campaña de Seguidores",inactive,,,,"Con el presupuesto del conjunto de anuncios",0,0,0,0,"En curso","Configuración de atribución múltiple",0,,0,0
2026-07-02,2026-07-02,"Trafico Boxer web",inactive,,,,"Con el presupuesto del conjunto de anuncios",0,0,0,0,"En curso","7 días tras clic o 1 día tras visualización",0,,0,0
2026-07-02,2026-07-02,"Interacción Contenido - Feed",inactive,,,,"Con el presupuesto del conjunto de anuncios",0,0,0,0,"En curso","7 días tras clic o 1 día tras visualización",0,,0,0
2026-07-01,2026-07-01,"JY | Webinar Mostrador - 17 SEPT 2026",active,,,,"Con el presupuesto del conjunto de anuncios",0,0,0,0,"En curso","7 días tras clic o 1 día tras visualización",0,,0,0
2026-07-01,2026-07-01,"JY | Viajes Presenciales Luciana",active,,,,"Con el presupuesto del conjunto de anuncios",0,0,0,0,"En curso","7 días tras clic o 1 día tras visualización",0,,0,0
2026-07-01,2026-07-01,"JY | Interaccion Boxer Taller",inactive,,,,"Con el presupuesto del conjunto de anuncios",0,0,0,0,"En curso","7 días tras clic o 1 día tras visualización",0,,0,0
2026-07-01,2026-07-01,"JY | Awareness Boxer Taller",active,,,,"Con el presupuesto del conjunto de anuncios",0,0,0,0,"En curso","1 día tras clic",0,,0,0
2026-07-01,2026-07-01,"JY | Conversiones - Copia - Boton a WhatsApp",inactive,,,,"Con el presupuesto del conjunto de anuncios",0,0,0,0,"En curso","7 días tras clic o 1 día tras visualización",0,,0,0
2026-07-01,2026-07-01,"JY | Remarketing",active,,,,"Con el presupuesto del conjunto de anuncios",0,0,0,0,"En curso","7 días tras clic o 1 día tras visualización",0,,0,0
2026-07-01,2026-07-01,"JY | Conversiones",active,,,,"Con el presupuesto del conjunto de anuncios",0,0,0,0,"En curso","7 días tras clic o 1 día tras visualización",0,,0,0
2026-07-01,2026-07-01,"JY | Awareness",active,,,,"Con el presupuesto del conjunto de anuncios",0,0,0,0,"En curso","1 día tras clic",0,,0,0
2026-07-01,2026-07-01,"Clientes Potenciales - Alta Intencion GEM",inactive,,,,3500,Diario,0,0,0,"En curso","7 días tras clic o 1 día tras visualización",0,,0,0
2026-07-01,2026-07-01,"Yamil | Campaña de Formularios - CENTRO Argentina",inactive,5,actions:lead,3612.572,7000,Diario,18062.86,1907,1707,"En curso","7 días tras clic o 1 día tras visualización",9471.87205,2.464604,2.694786,3.093865
2026-07-01,2026-07-01,"Yamil | Campaña de Formularios - NO Argentina",inactive,,,,5000,Diario,0,0,0,"En curso","7 días tras clic o 1 día tras visualización",0,,0,0
2026-07-01,2026-07-01,"2. Campaña de Conversiones - Copia",inactive,,,,"Con el presupuesto del conjunto de anuncios",0,0,0,0,"En curso","7 días tras clic o 1 día tras visualización",0,,0,0
2026-07-01,2026-07-01,"7. Clientes potenciales - formulario - Copia",inactive,2,actions:lead,10547.8,"Con el presupuesto del conjunto de anuncios",0,21095.6,6468,5440,"En curso","7 días tras clic o 1 día tras visualización",3261.533704,0.494743,0.588235,0.881262
2026-07-01,2026-07-01,"5. Campaña de Seguidores",inactive,,,,"Con el presupuesto del conjunto de anuncios",0,0,0,0,"En curso","Configuración de atribución múltiple",0,,0,0
2026-07-01,2026-07-01,"Trafico Boxer web",inactive,,,,"Con el presupuesto del conjunto de anuncios",0,0,0,0,"En curso","7 días tras clic o 1 día tras visualización",0,,0,0
2026-07-01,2026-07-01,"Interacción Contenido - Feed",inactive,,,,"Con el presupuesto del conjunto de anuncios",0,0,0,0,"En curso","7 días tras clic o 1 día tras visualización",0,,0,0
2026-06-30,2026-06-30,"JY | Webinar Mostrador - 17 SEPT 2026",active,,,,"Con el presupuesto del conjunto de anuncios",0,0,0,0,"En curso","7 días tras clic o 1 día tras visualización",0,,0,0
2026-06-30,2026-06-30,"JY | Viajes Presenciales Luciana",active,,,,"Con el presupuesto del conjunto de anuncios",0,0,0,0,"En curso","7 días tras clic o 1 día tras visualización",0,,0,0
2026-06-30,2026-06-30,"JY | Interaccion Boxer Taller",inactive,,,,"Con el presupuesto del conjunto de anuncios",0,0,0,0,"En curso","7 días tras clic o 1 día tras visualización",0,,0,0
2026-06-30,2026-06-30,"JY | Awareness Boxer Taller",active,,,,"Con el presupuesto del conjunto de anuncios",0,0,0,0,"En curso","1 día tras clic",0,,0,0
2026-06-30,2026-06-30,"JY | Conversiones - Copia - Boton a WhatsApp",inactive,,,,"Con el presupuesto del conjunto de anuncios",0,0,0,0,"En curso","7 días tras clic o 1 día tras visualización",0,,0,0
2026-06-30,2026-06-30,"JY | Remarketing",active,,,,"Con el presupuesto del conjunto de anuncios",0,0,0,0,"En curso","7 días tras clic o 1 día tras visualización",0,,0,0
2026-06-30,2026-06-30,"JY | Conversiones",active,,,,"Con el presupuesto del conjunto de anuncios",0,0,0,0,"En curso","7 días tras clic o 1 día tras visualización",0,,0,0
2026-06-30,2026-06-30,"JY | Awareness",active,,,,"Con el presupuesto del conjunto de anuncios",0,0,0,0,"En curso","1 día tras clic",0,,0,0
2026-06-30,2026-06-30,"Clientes Potenciales - Alta Intencion GEM",inactive,,,,3500,Diario,0,0,0,"En curso","7 días tras clic o 1 día tras visualización",0,,0,0
2026-06-30,2026-06-30,"Yamil | Campaña de Formularios - CENTRO Argentina",inactive,1,actions:lead,19290.68,7000,Diario,19290.68,2125,1832,"En curso","7 días tras clic o 1 día tras visualización",9077.967059,1.694118,1.965066,2.164706
2026-06-30,2026-06-30,"Yamil | Campaña de Formularios - NO Argentina",inactive,,,,5000,Diario,0,0,0,"En curso","7 días tras clic o 1 día tras visualización",0,,0,0
2026-06-30,2026-06-30,"2. Campaña de Conversiones - Copia",inactive,,,,"Con el presupuesto del conjunto de anuncios",0,0,0,0,"En curso","7 días tras clic o 1 día tras visualización",0,,0,0
2026-06-30,2026-06-30,"7. Clientes potenciales - formulario - Copia",inactive,2,actions:lead,9920.805,"Con el presupuesto del conjunto de anuncios",0,19841.61,5529,4820,"En curso","7 días tras clic o 1 día tras visualización",3588.643516,0.434075,0.497925,0.886236
2026-06-30,2026-06-30,"5. Campaña de Seguidores",inactive,,,,"Con el presupuesto del conjunto de anuncios",0,0,0,0,"En curso","Configuración de atribución múltiple",0,,0,0
2026-06-30,2026-06-30,"Trafico Boxer web",inactive,,,,"Con el presupuesto del conjunto de anuncios",0,0,0,0,"En curso","7 días tras clic o 1 día tras visualización",0,,0,0
2026-06-30,2026-06-30,"Interacción Contenido - Feed",inactive,,,,"Con el presupuesto del conjunto de anuncios",0,0,0,0,"En curso","7 días tras clic o 1 día tras visualización",0,,0,0
2026-06-29,2026-06-29,"JY | Webinar Mostrador - 17 SEPT 2026",active,,,,"Con el presupuesto del conjunto de anuncios",0,0,0,0,"En curso","7 días tras clic o 1 día tras visualización",0,,0,0
2026-06-29,2026-06-29,"JY | Viajes Presenciales Luciana",active,,,,"Con el presupuesto del conjunto de anuncios",0,0,0,0,"En curso","7 días tras clic o 1 día tras visualización",0,,0,0
2026-06-29,2026-06-29,"JY | Interaccion Boxer Taller",inactive,,,,"Con el presupuesto del conjunto de anuncios",0,0,0,0,"En curso","7 días tras clic o 1 día tras visualización",0,,0,0
2026-06-29,2026-06-29,"JY | Awareness Boxer Taller",active,,,,"Con el presupuesto del conjunto de anuncios",0,0,0,0,"En curso","1 día tras clic",0,,0,0
2026-06-29,2026-06-29,"JY | Conversiones - Copia - Boton a WhatsApp",inactive,,,,"Con el presupuesto del conjunto de anuncios",0,0,0,0,"En curso","7 días tras clic o 1 día tras visualización",0,,0,0
2026-06-29,2026-06-29,"JY | Remarketing",active,,,,"Con el presupuesto del conjunto de anuncios",0,0,0,0,"En curso","7 días tras clic o 1 día tras visualización",0,,0,0
2026-06-29,2026-06-29,"JY | Conversiones",active,,,,"Con el presupuesto del conjunto de anuncios",0,0,0,0,"En curso","7 días tras clic o 1 día tras visualización",0,,0,0
2026-06-29,2026-06-29,"JY | Awareness",active,,,,"Con el presupuesto del conjunto de anuncios",0,0,0,0,"En curso","1 día tras clic",0,,0,0
2026-06-29,2026-06-29,"Clientes Potenciales - Alta Intencion GEM",inactive,,,,3500,Diario,0,0,0,"En curso","7 días tras clic o 1 día tras visualización",0,,0,0
2026-06-29,2026-06-29,"Yamil | Campaña de Formularios - CENTRO Argentina",inactive,2,actions:lead,7219.24,7000,Diario,14438.48,2224,1903,"En curso","7 días tras clic o 1 día tras visualización",6492.122302,1.528777,1.734104,2.023381
2026-06-29,2026-06-29,"Yamil | Campaña de Formularios - NO Argentina",inactive,,,,5000,Diario,0,0,0,"En curso","7 días tras clic o 1 día tras visualización",0,,0,0
2026-06-29,2026-06-29,"2. Campaña de Conversiones - Copia",inactive,,,,"Con el presupuesto del conjunto de anuncios",0,0,0,0,"En curso","7 días tras clic o 1 día tras visualización",0,,0,0
2026-06-29,2026-06-29,"7. Clientes potenciales - formulario - Copia",inactive,3,actions:lead,6891.06333333,"Con el presupuesto del conjunto de anuncios",0,20673.19,6074,5192,"En curso","7 días tras clic o 1 día tras visualización",3403.554495,0.444518,0.520031,0.77379
2026-06-29,2026-06-29,"5. Campaña de Seguidores",inactive,,,,"Con el presupuesto del conjunto de anuncios",0,0,0,0,"En curso","Configuración de atribución múltiple",0,,0,0
2026-06-29,2026-06-29,"Trafico Boxer web",inactive,,,,"Con el presupuesto del conjunto de anuncios",0,0,0,0,"En curso","7 días tras clic o 1 día tras visualización",0,,0,0
2026-06-29,2026-06-29,"Interacción Contenido - Feed",inactive,,,,"Con el presupuesto del conjunto de anuncios",0,0,0,0,"En curso","7 días tras clic o 1 día tras visualización",0,,0,0
2026-06-28,2026-06-28,"JY | Webinar Mostrador - 17 SEPT 2026",active,,,,"Con el presupuesto del conjunto de anuncios",0,0,0,0,"En curso","7 días tras clic o 1 día tras visualización",0,,0,0
2026-06-28,2026-06-28,"JY | Viajes Presenciales Luciana",active,,,,"Con el presupuesto del conjunto de anuncios",0,0,0,0,"En curso","7 días tras clic o 1 día tras visualización",0,,0,0
2026-06-28,2026-06-28,"JY | Interaccion Boxer Taller",inactive,,,,"Con el presupuesto del conjunto de anuncios",0,0,0,0,"En curso","7 días tras clic o 1 día tras visualización",0,,0,0
2026-06-28,2026-06-28,"JY | Awareness Boxer Taller",active,,,,"Con el presupuesto del conjunto de anuncios",0,0,0,0,"En curso","1 día tras clic",0,,0,0
2026-06-28,2026-06-28,"JY | Conversiones - Copia - Boton a WhatsApp",inactive,,,,"Con el presupuesto del conjunto de anuncios",0,0,0,0,"En curso","7 días tras clic o 1 día tras visualización",0,,0,0
2026-06-28,2026-06-28,"JY | Remarketing",active,,,,"Con el presupuesto del conjunto de anuncios",0,0,0,0,"En curso","7 días tras clic o 1 día tras visualización",0,,0,0
2026-06-28,2026-06-28,"JY | Conversiones",active,,,,"Con el presupuesto del conjunto de anuncios",0,0,0,0,"En curso","7 días tras clic o 1 día tras visualización",0,,0,0
2026-06-28,2026-06-28,"JY | Awareness",active,,,,"Con el presupuesto del conjunto de anuncios",0,0,0,0,"En curso","1 día tras clic",0,,0,0
2026-06-28,2026-06-28,"Clientes Potenciales - Alta Intencion GEM",inactive,,,,3500,Diario,0,0,0,"En curso","7 días tras clic o 1 día tras visualización",0,,0,0
2026-06-28,2026-06-28,"Yamil | Campaña de Formularios - CENTRO Argentina",inactive,,,,7000,Diario,17990.41,2452,2071,"En curso","7 días tras clic o 1 día tras visualización",7337.035073,0.774878,0.917431,1.34584
2026-06-28,2026-06-28,"Yamil | Campaña de Formularios - NO Argentina",inactive,,,,5000,Diario,0,0,0,"En curso","7 días tras clic o 1 día tras visualización",0,,0,0
2026-06-28,2026-06-28,"2. Campaña de Conversiones - Copia",inactive,,,,"Con el presupuesto del conjunto de anuncios",0,0,0,0,"En curso","7 días tras clic o 1 día tras visualización",0,,0,0
2026-06-28,2026-06-28,"7. Clientes potenciales - formulario - Copia",inactive,8,actions:lead,3021.49875,"Con el presupuesto del conjunto de anuncios",0,24171.99,5107,4344,"En curso","7 días tras clic o 1 día tras visualización",4733.109458,0.783239,0.92081,1.429411
2026-06-28,2026-06-28,"5. Campaña de Seguidores",inactive,,,,"Con el presupuesto del conjunto de anuncios",0,0,0,0,"En curso","Configuración de atribución múltiple",0,,0,0
2026-06-28,2026-06-28,"Trafico Boxer web",inactive,,,,"Con el presupuesto del conjunto de anuncios",0,0,0,0,"En curso","7 días tras clic o 1 día tras visualización",0,,0,0
2026-06-28,2026-06-28,"Interacción Contenido - Feed",inactive,,,,"Con el presupuesto del conjunto de anuncios",0,0,0,0,"En curso","7 días tras clic o 1 día tras visualización",0,,0,0
2026-06-27,2026-06-27,"JY | Webinar Mostrador - 17 SEPT 2026",active,,,,"Con el presupuesto del conjunto de anuncios",0,0,0,0,"En curso","7 días tras clic o 1 día tras visualización",0,,0,0
2026-06-27,2026-06-27,"JY | Viajes Presenciales Luciana",active,,,,"Con el presupuesto del conjunto de anuncios",0,0,0,0,"En curso","7 días tras clic o 1 día tras visualización",0,,0,0
2026-06-27,2026-06-27,"JY | Interaccion Boxer Taller",inactive,,,,"Con el presupuesto del conjunto de anuncios",0,0,0,0,"En curso","7 días tras clic o 1 día tras visualización",0,,0,0
2026-06-27,2026-06-27,"JY | Awareness Boxer Taller",active,,,,"Con el presupuesto del conjunto de anuncios",0,0,0,0,"En curso","1 día tras clic",0,,0,0
2026-06-27,2026-06-27,"JY | Conversiones - Copia - Boton a WhatsApp",inactive,,,,"Con el presupuesto del conjunto de anuncios",0,0,0,0,"En curso","7 días tras clic o 1 día tras visualización",0,,0,0
2026-06-27,2026-06-27,"JY | Remarketing",active,,,,"Con el presupuesto del conjunto de anuncios",0,0,0,0,"En curso","7 días tras clic o 1 día tras visualización",0,,0,0
2026-06-27,2026-06-27,"JY | Conversiones",active,,,,"Con el presupuesto del conjunto de anuncios",0,0,0,0,"En curso","7 días tras clic o 1 día tras visualización",0,,0,0
2026-06-27,2026-06-27,"JY | Awareness",active,,,,"Con el presupuesto del conjunto de anuncios",0,0,0,0,"En curso","1 día tras clic",0,,0,0
2026-06-27,2026-06-27,"Clientes Potenciales - Alta Intencion GEM",inactive,,,,3500,Diario,0,0,0,"En curso","7 días tras clic o 1 día tras visualización",0,,0,0
2026-06-27,2026-06-27,"Yamil | Campaña de Formularios - CENTRO Argentina",inactive,1,actions:lead,12158.32,7000,Diario,12158.32,1455,1309,"En curso","7 días tras clic o 1 día tras visualización",8356.233677,2.611684,2.902979,2.955326
2026-06-27,2026-06-27,"Yamil | Campaña de Formularios - NO Argentina",inactive,,,,5000,Diario,0,0,0,"En curso","7 días tras clic o 1 día tras visualización",0,,0,0
2026-06-27,2026-06-27,"2. Campaña de Conversiones - Copia",inactive,,,,"Con el presupuesto del conjunto de anuncios",0,0,0,0,"En curso","7 días tras clic o 1 día tras visualización",0,,0,0
2026-06-27,2026-06-27,"7. Clientes potenciales - formulario - Copia",inactive,1,actions:lead,17553.41,"Con el presupuesto del conjunto de anuncios",0,17553.41,4550,4053,"En curso","7 días tras clic o 1 día tras visualización",3857.892308,0.681319,0.715519,0.879121
2026-06-27,2026-06-27,"5. Campaña de Seguidores",inactive,,,,"Con el presupuesto del conjunto de anuncios",0,0,0,0,"En curso","Configuración de atribución múltiple",0,,0,0
2026-06-27,2026-06-27,"Trafico Boxer web",inactive,,,,"Con el presupuesto del conjunto de anuncios",0,0,0,0,"En curso","7 días tras clic o 1 día tras visualización",0,,0,0
2026-06-27,2026-06-27,"Interacción Contenido - Feed",inactive,,,,"Con el presupuesto del conjunto de anuncios",0,0,0,0,"En curso","7 días tras clic o 1 día tras visualización",0,,0,0
2026-06-26,2026-06-26,"JY | Webinar Mostrador - 17 SEPT 2026",active,,,,"Con el presupuesto del conjunto de anuncios",0,0,0,0,"En curso","7 días tras clic o 1 día tras visualización",0,,0,0
2026-06-26,2026-06-26,"JY | Viajes Presenciales Luciana",active,,,,"Con el presupuesto del conjunto de anuncios",0,0,0,0,"En curso","7 días tras clic o 1 día tras visualización",0,,0,0
2026-06-26,2026-06-26,"JY | Interaccion Boxer Taller",inactive,,,,"Con el presupuesto del conjunto de anuncios",0,0,0,0,"En curso","7 días tras clic o 1 día tras visualización",0,,0,0
2026-06-26,2026-06-26,"JY | Awareness Boxer Taller",active,,,,"Con el presupuesto del conjunto de anuncios",0,0,0,0,"En curso","1 día tras clic",0,,0,0
2026-06-26,2026-06-26,"JY | Conversiones - Copia - Boton a WhatsApp",inactive,,,,"Con el presupuesto del conjunto de anuncios",0,0,0,0,"En curso","7 días tras clic o 1 día tras visualización",0,,0,0
2026-06-26,2026-06-26,"JY | Remarketing",active,,,,"Con el presupuesto del conjunto de anuncios",0,0,0,0,"En curso","7 días tras clic o 1 día tras visualización",0,,0,0
2026-06-26,2026-06-26,"JY | Conversiones",active,,,,"Con el presupuesto del conjunto de anuncios",0,0,0,0,"En curso","7 días tras clic o 1 día tras visualización",0,,0,0
2026-06-26,2026-06-26,"JY | Awareness",active,,,,"Con el presupuesto del conjunto de anuncios",0,0,0,0,"En curso","1 día tras clic",0,,0,0
2026-06-26,2026-06-26,"Clientes Potenciales - Alta Intencion GEM",inactive,,,,3500,Diario,0,0,0,"En curso","7 días tras clic o 1 día tras visualización",0,,0,0
2026-06-26,2026-06-26,"Yamil | Campaña de Formularios - CENTRO Argentina",inactive,1,actions:lead,15656.99,7000,Diario,15656.99,2280,1957,"En curso","7 días tras clic o 1 día tras visualización",6867.100877,2.236842,2.554931,2.587719
2026-06-26,2026-06-26,"Yamil | Campaña de Formularios - NO Argentina",inactive,,,,5000,Diario,0,0,0,"En curso","7 días tras clic o 1 día tras visualización",0,,0,0
2026-06-26,2026-06-26,"2. Campaña de Conversiones - Copia",inactive,,,,"Con el presupuesto del conjunto de anuncios",0,0,0,0,"En curso","7 días tras clic o 1 día tras visualización",0,,0,0
2026-06-26,2026-06-26,"7. Clientes potenciales - formulario - Copia",inactive,2,actions:lead,9225.795,"Con el presupuesto del conjunto de anuncios",0,18451.59,4829,4171,"En curso","7 días tras clic o 1 día tras visualización",3820.996065,0.414164,0.455526,0.828329
2026-06-26,2026-06-26,"5. Campaña de Seguidores",inactive,,,,"Con el presupuesto del conjunto de anuncios",0,0,0,0,"En curso","Configuración de atribución múltiple",0,,0,0
2026-06-26,2026-06-26,"Trafico Boxer web",inactive,,,,"Con el presupuesto del conjunto de anuncios",0,0,0,0,"En curso","7 días tras clic o 1 día tras visualización",0,,0,0
2026-06-26,2026-06-26,"Interacción Contenido - Feed",inactive,,,,"Con el presupuesto del conjunto de anuncios",0,0,0,0,"En curso","7 días tras clic o 1 día tras visualización",0,,0,0
2026-06-25,2026-06-25,"JY | Webinar Mostrador - 17 SEPT 2026",active,,,,"Con el presupuesto del conjunto de anuncios",0,0,0,0,"En curso","7 días tras clic o 1 día tras visualización",0,,0,0
2026-06-25,2026-06-25,"JY | Viajes Presenciales Luciana",active,,,,"Con el presupuesto del conjunto de anuncios",0,0,0,0,"En curso","7 días tras clic o 1 día tras visualización",0,,0,0
2026-06-25,2026-06-25,"JY | Interaccion Boxer Taller",inactive,,,,"Con el presupuesto del conjunto de anuncios",0,0,0,0,"En curso","7 días tras clic o 1 día tras visualización",0,,0,0
2026-06-25,2026-06-25,"JY | Awareness Boxer Taller",active,,,,"Con el presupuesto del conjunto de anuncios",0,0,0,0,"En curso","1 día tras clic",0,,0,0
2026-06-25,2026-06-25,"JY | Conversiones - Copia - Boton a WhatsApp",inactive,,,,"Con el presupuesto del conjunto de anuncios",0,0,0,0,"En curso","7 días tras clic o 1 día tras visualización",0,,0,0
2026-06-25,2026-06-25,"JY | Remarketing",active,,,,"Con el presupuesto del conjunto de anuncios",0,0,0,0,"En curso","7 días tras clic o 1 día tras visualización",0,,0,0
2026-06-25,2026-06-25,"JY | Conversiones",active,,,,"Con el presupuesto del conjunto de anuncios",0,0,0,0,"En curso","7 días tras clic o 1 día tras visualización",0,,0,0
2026-06-25,2026-06-25,"JY | Awareness",active,,,,"Con el presupuesto del conjunto de anuncios",0,0,0,0,"En curso","1 día tras clic",0,,0,0
2026-06-25,2026-06-25,"Clientes Potenciales - Alta Intencion GEM",inactive,,,,3500,Diario,0,0,0,"En curso","7 días tras clic o 1 día tras visualización",0,,0,0
2026-06-25,2026-06-25,"Yamil | Campaña de Formularios - CENTRO Argentina",inactive,3,actions:lead,4330.05666667,7000,Diario,12990.17,1952,1688,"En curso","7 días tras clic o 1 día tras visualización",6654.800205,2.10041,2.42891,2.612705
2026-06-25,2026-06-25,"Yamil | Campaña de Formularios - NO Argentina",inactive,,,,5000,Diario,0,0,0,"En curso","7 días tras clic o 1 día tras visualización",0,,0,0
2026-06-25,2026-06-25,"2. Campaña de Conversiones - Copia",inactive,,,,"Con el presupuesto del conjunto de anuncios",0,0,0,0,"En curso","7 días tras clic o 1 día tras visualización",0,,0,0
2026-06-25,2026-06-25,"7. Clientes potenciales - formulario - Copia",inactive,3,actions:lead,5962.59666667,"Con el presupuesto del conjunto de anuncios",0,17887.79,4423,3919,"En curso","7 días tras clic o 1 día tras visualización",4044.266335,0.7461,0.816535,1.2435
2026-06-25,2026-06-25,"5. Campaña de Seguidores",inactive,,,,"Con el presupuesto del conjunto de anuncios",0,0,0,0,"En curso","Configuración de atribución múltiple",0,,0,0
2026-06-25,2026-06-25,"Trafico Boxer web",inactive,,,,"Con el presupuesto del conjunto de anuncios",0,0,0,0,"En curso","7 días tras clic o 1 día tras visualización",0,,0,0
2026-06-25,2026-06-25,"Interacción Contenido - Feed",inactive,,,,"Con el presupuesto del conjunto de anuncios",0,0,0,0,"En curso","7 días tras clic o 1 día tras visualización",0,,0,0
2026-06-24,2026-06-24,"JY | Webinar Mostrador - 17 SEPT 2026",active,,,,"Con el presupuesto del conjunto de anuncios",0,0,0,0,"En curso","7 días tras clic o 1 día tras visualización",0,,0,0
2026-06-24,2026-06-24,"JY | Viajes Presenciales Luciana",active,,,,"Con el presupuesto del conjunto de anuncios",0,0,0,0,"En curso","7 días tras clic o 1 día tras visualización",0,,0,0
2026-06-24,2026-06-24,"JY | Interaccion Boxer Taller",inactive,,,,"Con el presupuesto del conjunto de anuncios",0,0,0,0,"En curso","7 días tras clic o 1 día tras visualización",0,,0,0
2026-06-24,2026-06-24,"JY | Awareness Boxer Taller",active,,,,"Con el presupuesto del conjunto de anuncios",0,0,0,0,"En curso","1 día tras clic",0,,0,0
2026-06-24,2026-06-24,"JY | Conversiones - Copia - Boton a WhatsApp",inactive,,,,"Con el presupuesto del conjunto de anuncios",0,0,0,0,"En curso","7 días tras clic o 1 día tras visualización",0,,0,0
2026-06-24,2026-06-24,"JY | Remarketing",active,,,,"Con el presupuesto del conjunto de anuncios",0,0,0,0,"En curso","7 días tras clic o 1 día tras visualización",0,,0,0
2026-06-24,2026-06-24,"JY | Conversiones",active,,,,"Con el presupuesto del conjunto de anuncios",0,0,0,0,"En curso","7 días tras clic o 1 día tras visualización",0,,0,0
2026-06-24,2026-06-24,"JY | Awareness",active,,,,"Con el presupuesto del conjunto de anuncios",0,0,0,0,"En curso","1 día tras clic",0,,0,0
2026-06-24,2026-06-24,"Clientes Potenciales - Alta Intencion GEM",inactive,,,,3500,Diario,0,0,0,"En curso","7 días tras clic o 1 día tras visualización",0,,0,0
2026-06-24,2026-06-24,"Yamil | Campaña de Formularios - CENTRO Argentina",inactive,,,,7000,Diario,15041.49,2159,1900,"En curso","7 días tras clic o 1 día tras visualización",6966.878184,2.45484,2.789474,2.779064
2026-06-24,2026-06-24,"Yamil | Campaña de Formularios - NO Argentina",inactive,,,,5000,Diario,0,0,0,"En curso","7 días tras clic o 1 día tras visualización",0,,0,0
2026-06-24,2026-06-24,"2. Campaña de Conversiones - Copia",inactive,,,,"Con el presupuesto del conjunto de anuncios",0,0,0,0,"En curso","7 días tras clic o 1 día tras visualización",0,,0,0
2026-06-24,2026-06-24,"7. Clientes potenciales - formulario - Copia",inactive,6,actions:lead,3759.09833333,"Con el presupuesto del conjunto de anuncios",0,22554.59,6248,5444,"En curso","7 días tras clic o 1 día tras visualización",3609.889565,0.512164,0.532697,1.040333
2026-06-24,2026-06-24,"5. Campaña de Seguidores",inactive,,,,"Con el presupuesto del conjunto de anuncios",0,0,0,0,"En curso","Configuración de atribución múltiple",0,,0,0
2026-06-24,2026-06-24,"Trafico Boxer web",inactive,,,,"Con el presupuesto del conjunto de anuncios",0,0,0,0,"En curso","7 días tras clic o 1 día tras visualización",0,,0,0
2026-06-24,2026-06-24,"Interacción Contenido - Feed",inactive,,,,"Con el presupuesto del conjunto de anuncios",0,0,0,0,"En curso","7 días tras clic o 1 día tras visualización",0,,0,0
2026-06-23,2026-06-23,"JY | Webinar Mostrador - 17 SEPT 2026",active,,,,"Con el presupuesto del conjunto de anuncios",0,0,0,0,"En curso","7 días tras clic o 1 día tras visualización",0,,0,0
2026-06-23,2026-06-23,"JY | Viajes Presenciales Luciana",active,,,,"Con el presupuesto del conjunto de anuncios",0,0,0,0,"En curso","7 días tras clic o 1 día tras visualización",0,,0,0
2026-06-23,2026-06-23,"JY | Interaccion Boxer Taller",inactive,,,,"Con el presupuesto del conjunto de anuncios",0,0,0,0,"En curso","7 días tras clic o 1 día tras visualización",0,,0,0
2026-06-23,2026-06-23,"JY | Awareness Boxer Taller",active,,,,"Con el presupuesto del conjunto de anuncios",0,0,0,0,"En curso","1 día tras clic",0,,0,0
2026-06-23,2026-06-23,"JY | Conversiones - Copia - Boton a WhatsApp",inactive,,,,"Con el presupuesto del conjunto de anuncios",0,0,0,0,"En curso","7 días tras clic o 1 día tras visualización",0,,0,0
2026-06-23,2026-06-23,"JY | Remarketing",active,,,,"Con el presupuesto del conjunto de anuncios",0,0,0,0,"En curso","7 días tras clic o 1 día tras visualización",0,,0,0
2026-06-23,2026-06-23,"JY | Conversiones",active,,,,"Con el presupuesto del conjunto de anuncios",0,0,0,0,"En curso","7 días tras clic o 1 día tras visualización",0,,0,0
2026-06-23,2026-06-23,"JY | Awareness",active,,,,"Con el presupuesto del conjunto de anuncios",0,0,0,0,"En curso","1 día tras clic",0,,0,0
2026-06-23,2026-06-23,"Clientes Potenciales - Alta Intencion GEM",inactive,,,,3500,Diario,0,0,0,"En curso","7 días tras clic o 1 día tras visualización",0,,0,0
2026-06-23,2026-06-23,"Yamil | Campaña de Formularios - CENTRO Argentina",inactive,,,,7000,Diario,15717.43,2003,1837,"En curso","7 días tras clic o 1 día tras visualización",7846.944583,1.597604,1.741971,1.697454
2026-06-23,2026-06-23,"Yamil | Campaña de Formularios - NO Argentina",inactive,,,,5000,Diario,0,0,0,"En curso","7 días tras clic o 1 día tras visualización",0,,0,0
2026-06-23,2026-06-23,"2. Campaña de Conversiones - Copia",inactive,,,,"Con el presupuesto del conjunto de anuncios",0,0,0,0,"En curso","7 días tras clic o 1 día tras visualización",0,,0,0
2026-06-23,2026-06-23,"7. Clientes potenciales - formulario - Copia",inactive,7,actions:lead,3034.98857143,"Con el presupuesto del conjunto de anuncios",0,21244.92,5538,4709,"En curso","7 días tras clic o 1 día tras visualización",3836.208017,0.704225,0.764494,1.209823
2026-06-23,2026-06-23,"5. Campaña de Seguidores",inactive,,,,"Con el presupuesto del conjunto de anuncios",0,0,0,0,"En curso","Configuración de atribución múltiple",0,,0,0
2026-06-23,2026-06-23,"Trafico Boxer web",inactive,,,,"Con el presupuesto del conjunto de anuncios",0,0,0,0,"En curso","7 días tras clic o 1 día tras visualización",0,,0,0
2026-06-23,2026-06-23,"Interacción Contenido - Feed",inactive,,,,"Con el presupuesto del conjunto de anuncios",0,0,0,0,"En curso","7 días tras clic o 1 día tras visualización",0,,0,0
2026-06-22,2026-06-22,"JY | Webinar Mostrador - 17 SEPT 2026",active,,,,"Con el presupuesto del conjunto de anuncios",0,0,0,0,"En curso","7 días tras clic o 1 día tras visualización",0,,0,0
2026-06-22,2026-06-22,"JY | Viajes Presenciales Luciana",active,,,,"Con el presupuesto del conjunto de anuncios",0,0,0,0,"En curso","7 días tras clic o 1 día tras visualización",0,,0,0
2026-06-22,2026-06-22,"JY | Interaccion Boxer Taller",inactive,,,,"Con el presupuesto del conjunto de anuncios",0,0,0,0,"En curso","7 días tras clic o 1 día tras visualización",0,,0,0
2026-06-22,2026-06-22,"JY | Awareness Boxer Taller",active,,,,"Con el presupuesto del conjunto de anuncios",0,0,0,0,"En curso","1 día tras clic",0,,0,0
2026-06-22,2026-06-22,"JY | Conversiones - Copia - Boton a WhatsApp",inactive,,,,"Con el presupuesto del conjunto de anuncios",0,0,0,0,"En curso","7 días tras clic o 1 día tras visualización",0,,0,0
2026-06-22,2026-06-22,"JY | Remarketing",active,,,,"Con el presupuesto del conjunto de anuncios",0,0,0,0,"En curso","7 días tras clic o 1 día tras visualización",0,,0,0
2026-06-22,2026-06-22,"JY | Conversiones",active,,,,"Con el presupuesto del conjunto de anuncios",0,0,0,0,"En curso","7 días tras clic o 1 día tras visualización",0,,0,0
2026-06-22,2026-06-22,"JY | Awareness",active,,,,"Con el presupuesto del conjunto de anuncios",0,0,0,0,"En curso","1 día tras clic",0,,0,0
2026-06-22,2026-06-22,"Clientes Potenciales - Alta Intencion GEM",inactive,,,,3500,Diario,0,0,0,"En curso","7 días tras clic o 1 día tras visualización",0,,0,0
2026-06-22,2026-06-22,"Yamil | Campaña de Formularios - CENTRO Argentina",inactive,,,,7000,Diario,15490.95,2087,1801,"En curso","7 días tras clic o 1 día tras visualización",7422.592238,2.491615,2.887285,3.018687
2026-06-22,2026-06-22,"Yamil | Campaña de Formularios - NO Argentina",inactive,,,,5000,Diario,0,0,0,"En curso","7 días tras clic o 1 día tras visualización",0,,0,0
2026-06-22,2026-06-22,"2. Campaña de Conversiones - Copia",inactive,,,,"Con el presupuesto del conjunto de anuncios",0,0,0,0,"En curso","7 días tras clic o 1 día tras visualización",0,,0,0
2026-06-22,2026-06-22,"7. Clientes potenciales - formulario - Copia",inactive,3,actions:lead,6928.47333333,"Con el presupuesto del conjunto de anuncios",0,20785.42,7060,5862,"En curso","7 días tras clic o 1 día tras visualización",2944.110482,0.410765,0.494712,0.750708
2026-06-22,2026-06-22,"5. Campaña de Seguidores",inactive,,,,"Con el presupuesto del conjunto de anuncios",0,0,0,0,"En curso","Configuración de atribución múltiple",0,,0,0
2026-06-22,2026-06-22,"Trafico Boxer web",inactive,,,,"Con el presupuesto del conjunto de anuncios",0,0,0,0,"En curso","7 días tras clic o 1 día tras visualización",0,,0,0
2026-06-22,2026-06-22,"Interacción Contenido - Feed",inactive,,,,"Con el presupuesto del conjunto de anuncios",0,0,0,0,"En curso","7 días tras clic o 1 día tras visualización",0,,0,0
2026-06-21,2026-06-21,"JY | Webinar Mostrador - 17 SEPT 2026",active,,,,"Con el presupuesto del conjunto de anuncios",0,0,0,0,"En curso","7 días tras clic o 1 día tras visualización",0,,0,0
2026-06-21,2026-06-21,"JY | Viajes Presenciales Luciana",active,,,,"Con el presupuesto del conjunto de anuncios",0,0,0,0,"En curso","7 días tras clic o 1 día tras visualización",0,,0,0
2026-06-21,2026-06-21,"JY | Interaccion Boxer Taller",inactive,,,,"Con el presupuesto del conjunto de anuncios",0,0,0,0,"En curso","7 días tras clic o 1 día tras visualización",0,,0,0
2026-06-21,2026-06-21,"JY | Awareness Boxer Taller",active,,,,"Con el presupuesto del conjunto de anuncios",0,0,0,0,"En curso","1 día tras clic",0,,0,0
2026-06-21,2026-06-21,"JY | Conversiones - Copia - Boton a WhatsApp",inactive,,,,"Con el presupuesto del conjunto de anuncios",0,0,0,0,"En curso","7 días tras clic o 1 día tras visualización",0,,0,0
2026-06-21,2026-06-21,"JY | Remarketing",active,,,,"Con el presupuesto del conjunto de anuncios",0,0,0,0,"En curso","7 días tras clic o 1 día tras visualización",0,,0,0
2026-06-21,2026-06-21,"JY | Conversiones",active,,,,"Con el presupuesto del conjunto de anuncios",0,0,0,0,"En curso","7 días tras clic o 1 día tras visualización",0,,0,0
2026-06-21,2026-06-21,"JY | Awareness",active,,,,"Con el presupuesto del conjunto de anuncios",0,0,0,0,"En curso","1 día tras clic",0,,0,0
2026-06-21,2026-06-21,"Clientes Potenciales - Alta Intencion GEM",inactive,,,,3500,Diario,0,0,0,"En curso","7 días tras clic o 1 día tras visualización",0,,0,0
2026-06-21,2026-06-21,"Yamil | Campaña de Formularios - CENTRO Argentina",inactive,1,actions:lead,17733.2,7000,Diario,17733.2,2302,2046,"En curso","7 días tras clic o 1 día tras visualización",7703.388358,2.128584,2.346041,2.345786
2026-06-21,2026-06-21,"Yamil | Campaña de Formularios - NO Argentina",inactive,,,,5000,Diario,0,0,0,"En curso","7 días tras clic o 1 día tras visualización",0,,0,0
2026-06-21,2026-06-21,"2. Campaña de Conversiones - Copia",inactive,,,,"Con el presupuesto del conjunto de anuncios",0,0,0,0,"En curso","7 días tras clic o 1 día tras visualización",0,,0,0
2026-06-21,2026-06-21,"7. Clientes potenciales - formulario - Copia",inactive,5,actions:lead,4255.928,"Con el presupuesto del conjunto de anuncios",0,21279.64,5114,4387,"En curso","7 días tras clic o 1 día tras visualización",4161.055925,0.430192,0.501482,0.977708
2026-06-21,2026-06-21,"5. Campaña de Seguidores",inactive,,,,"Con el presupuesto del conjunto de anuncios",0,0,0,0,"En curso","Configuración de atribución múltiple",0,,0,0
2026-06-21,2026-06-21,"Trafico Boxer web",inactive,,,,"Con el presupuesto del conjunto de anuncios",0,0,0,0,"En curso","7 días tras clic o 1 día tras visualización",0,,0,0
2026-06-21,2026-06-21,"Interacción Contenido - Feed",inactive,,,,"Con el presupuesto del conjunto de anuncios",0,0,0,0,"En curso","7 días tras clic o 1 día tras visualización",0,,0,0
2026-06-20,2026-06-20,"JY | Webinar Mostrador - 17 SEPT 2026",active,,,,"Con el presupuesto del conjunto de anuncios",0,0,0,0,"En curso","7 días tras clic o 1 día tras visualización",0,,0,0
2026-06-20,2026-06-20,"JY | Viajes Presenciales Luciana",active,,,,"Con el presupuesto del conjunto de anuncios",0,0,0,0,"En curso","7 días tras clic o 1 día tras visualización",0,,0,0
2026-06-20,2026-06-20,"JY | Interaccion Boxer Taller",inactive,,,,"Con el presupuesto del conjunto de anuncios",0,0,0,0,"En curso","7 días tras clic o 1 día tras visualización",0,,0,0
2026-06-20,2026-06-20,"JY | Awareness Boxer Taller",active,,,,"Con el presupuesto del conjunto de anuncios",0,0,0,0,"En curso","1 día tras clic",0,,0,0
2026-06-20,2026-06-20,"JY | Conversiones - Copia - Boton a WhatsApp",inactive,,,,"Con el presupuesto del conjunto de anuncios",0,0,0,0,"En curso","7 días tras clic o 1 día tras visualización",0,,0,0
2026-06-20,2026-06-20,"JY | Remarketing",active,,,,"Con el presupuesto del conjunto de anuncios",0,0,0,0,"En curso","7 días tras clic o 1 día tras visualización",0,,0,0
2026-06-20,2026-06-20,"JY | Conversiones",active,,,,"Con el presupuesto del conjunto de anuncios",0,0,0,0,"En curso","7 días tras clic o 1 día tras visualización",0,,0,0
2026-06-20,2026-06-20,"JY | Awareness",active,,,,"Con el presupuesto del conjunto de anuncios",0,0,0,0,"En curso","1 día tras clic",0,,0,0
2026-06-20,2026-06-20,"Clientes Potenciales - Alta Intencion GEM",inactive,,,,3500,Diario,0,0,0,"En curso","7 días tras clic o 1 día tras visualización",0,,0,0
2026-06-20,2026-06-20,"Yamil | Campaña de Formularios - CENTRO Argentina",inactive,1,actions:lead,11351.37,7000,Diario,11351.37,1655,1518,"En curso","7 días tras clic o 1 día tras visualización",6858.833837,1.993958,2.108037,2.598187
2026-06-20,2026-06-20,"Yamil | Campaña de Formularios - NO Argentina",inactive,,,,5000,Diario,0,0,0,"En curso","7 días tras clic o 1 día tras visualización",0,,0,0
2026-06-20,2026-06-20,"2. Campaña de Conversiones - Copia",inactive,,,,"Con el presupuesto del conjunto de anuncios",0,0,0,0,"En curso","7 días tras clic o 1 día tras visualización",0,,0,0
2026-06-20,2026-06-20,"7. Clientes potenciales - formulario - Copia",inactive,1,actions:lead,20880.06,"Con el presupuesto del conjunto de anuncios",0,20880.06,5954,5338,"En curso","7 días tras clic o 1 día tras visualización",3506.896204,0.40309,0.449607,0.806181
2026-06-20,2026-06-20,"5. Campaña de Seguidores",inactive,,,,"Con el presupuesto del conjunto de anuncios",0,0,0,0,"En curso","Configuración de atribución múltiple",0,,0,0
2026-06-20,2026-06-20,"Trafico Boxer web",inactive,,,,"Con el presupuesto del conjunto de anuncios",0,0,0,0,"En curso","7 días tras clic o 1 día tras visualización",0,,0,0
2026-06-20,2026-06-20,"Interacción Contenido - Feed",inactive,,,,"Con el presupuesto del conjunto de anuncios",0,0,0,0,"En curso","7 días tras clic o 1 día tras visualización",0,,0,0
2026-06-19,2026-06-19,"JY | Webinar Mostrador - 17 SEPT 2026",active,,,,"Con el presupuesto del conjunto de anuncios",0,0,0,0,"En curso","7 días tras clic o 1 día tras visualización",0,,0,0
2026-06-19,2026-06-19,"JY | Viajes Presenciales Luciana",active,,,,"Con el presupuesto del conjunto de anuncios",0,0,0,0,"En curso","7 días tras clic o 1 día tras visualización",0,,0,0
2026-06-19,2026-06-19,"JY | Interaccion Boxer Taller",inactive,,,,"Con el presupuesto del conjunto de anuncios",0,0,0,0,"En curso","7 días tras clic o 1 día tras visualización",0,,0,0
2026-06-19,2026-06-19,"JY | Awareness Boxer Taller",active,,,,"Con el presupuesto del conjunto de anuncios",0,0,0,0,"En curso","1 día tras clic",0,,0,0
2026-06-19,2026-06-19,"JY | Conversiones - Copia - Boton a WhatsApp",inactive,,,,"Con el presupuesto del conjunto de anuncios",0,0,0,0,"En curso","7 días tras clic o 1 día tras visualización",0,,0,0
2026-06-19,2026-06-19,"JY | Remarketing",active,,,,"Con el presupuesto del conjunto de anuncios",0,0,0,0,"En curso","7 días tras clic o 1 día tras visualización",0,,0,0
2026-06-19,2026-06-19,"JY | Conversiones",active,,,,"Con el presupuesto del conjunto de anuncios",0,0,0,0,"En curso","7 días tras clic o 1 día tras visualización",0,,0,0
2026-06-19,2026-06-19,"JY | Awareness",active,,,,"Con el presupuesto del conjunto de anuncios",0,0,0,0,"En curso","1 día tras clic",0,,0,0
2026-06-19,2026-06-19,"Clientes Potenciales - Alta Intencion GEM",inactive,,,,3500,Diario,0,0,0,"En curso","7 días tras clic o 1 día tras visualización",0,,0,0
2026-06-19,2026-06-19,"Yamil | Campaña de Formularios - CENTRO Argentina",inactive,2,actions:lead,5048.955,7000,Diario,10097.91,1338,1198,"En curso","7 días tras clic o 1 día tras visualización",7547.017937,2.167414,2.420701,2.84006
2026-06-19,2026-06-19,"Yamil | Campaña de Formularios - NO Argentina",inactive,,,,5000,Diario,0,0,0,"En curso","7 días tras clic o 1 día tras visualización",0,,0,0
2026-06-19,2026-06-19,"2. Campaña de Conversiones - Copia",inactive,,,,"Con el presupuesto del conjunto de anuncios",0,0,0,0,"En curso","7 días tras clic o 1 día tras visualización",0,,0,0
2026-06-19,2026-06-19,"7. Clientes potenciales - formulario - Copia",inactive,3,actions:lead,5654.20333333,"Con el presupuesto del conjunto de anuncios",0,16962.61,4813,4176,"En curso","7 días tras clic o 1 día tras visualización",3524.332017,0.685643,0.742337,1.101184
2026-06-19,2026-06-19,"5. Campaña de Seguidores",inactive,,,,"Con el presupuesto del conjunto de anuncios",0,0,0,0,"En curso","Configuración de atribución múltiple",0,,0,0
2026-06-19,2026-06-19,"Trafico Boxer web",inactive,,,,"Con el presupuesto del conjunto de anuncios",0,0,0,0,"En curso","7 días tras clic o 1 día tras visualización",0,,0,0
2026-06-19,2026-06-19,"Interacción Contenido - Feed",inactive,,,,"Con el presupuesto del conjunto de anuncios",0,0,0,0,"En curso","7 días tras clic o 1 día tras visualización",0,,0,0
2026-06-18,2026-06-18,"JY | Webinar Mostrador - 17 SEPT 2026",active,,,,"Con el presupuesto del conjunto de anuncios",0,0,0,0,"En curso","7 días tras clic o 1 día tras visualización",0,,0,0
2026-06-18,2026-06-18,"JY | Viajes Presenciales Luciana",active,,,,"Con el presupuesto del conjunto de anuncios",0,0,0,0,"En curso","7 días tras clic o 1 día tras visualización",0,,0,0
2026-06-18,2026-06-18,"JY | Interaccion Boxer Taller",inactive,,,,"Con el presupuesto del conjunto de anuncios",0,0,0,0,"En curso","7 días tras clic o 1 día tras visualización",0,,0,0
2026-06-18,2026-06-18,"JY | Awareness Boxer Taller",active,,,,"Con el presupuesto del conjunto de anuncios",0,0,0,0,"En curso","1 día tras clic",0,,0,0
2026-06-18,2026-06-18,"JY | Conversiones - Copia - Boton a WhatsApp",inactive,,,,"Con el presupuesto del conjunto de anuncios",0,0,0,0,"En curso","7 días tras clic o 1 día tras visualización",0,,0,0
2026-06-18,2026-06-18,"JY | Remarketing",active,,,,"Con el presupuesto del conjunto de anuncios",0,0,0,0,"En curso","7 días tras clic o 1 día tras visualización",0,,0,0
2026-06-18,2026-06-18,"JY | Conversiones",active,,,,"Con el presupuesto del conjunto de anuncios",0,0,0,0,"En curso","7 días tras clic o 1 día tras visualización",0,,0,0
2026-06-18,2026-06-18,"JY | Awareness",active,,,,"Con el presupuesto del conjunto de anuncios",0,0,0,0,"En curso","1 día tras clic",0,,0,0
2026-06-18,2026-06-18,"Clientes Potenciales - Alta Intencion GEM",inactive,,,,3500,Diario,0,0,0,"En curso","7 días tras clic o 1 día tras visualización",0,,0,0
2026-06-18,2026-06-18,"Yamil | Campaña de Formularios - CENTRO Argentina",inactive,4,actions:lead,3561.7725,7000,Diario,14247.09,1915,1657,"En curso","7 días tras clic o 1 día tras visualización",7439.733681,1.879896,2.051901,2.715405
2026-06-18,2026-06-18,"Yamil | Campaña de Formularios - NO Argentina",inactive,,,,5000,Diario,0,0,0,"En curso","7 días tras clic o 1 día tras visualización",0,,0,0
2026-06-18,2026-06-18,"2. Campaña de Conversiones - Copia",inactive,,,,"Con el presupuesto del conjunto de anuncios",0,0,0,0,"En curso","7 días tras clic o 1 día tras visualización",0,,0,0
2026-06-18,2026-06-18,"7. Clientes potenciales - formulario - Copia",inactive,8,actions:lead,2673.1475,"Con el presupuesto del conjunto de anuncios",0,21385.18,5580,4742,"En curso","7 días tras clic o 1 día tras visualización",3832.469534,0.573477,0.653733,1.039427
2026-06-18,2026-06-18,"5. Campaña de Seguidores",inactive,,,,"Con el presupuesto del conjunto de anuncios",0,0,0,0,"En curso","Configuración de atribución múltiple",0,,0,0
2026-06-18,2026-06-18,"Trafico Boxer web",inactive,,,,"Con el presupuesto del conjunto de anuncios",0,0,0,0,"En curso","7 días tras clic o 1 día tras visualización",0,,0,0
2026-06-18,2026-06-18,"Interacción Contenido - Feed",inactive,,,,"Con el presupuesto del conjunto de anuncios",0,0,0,0,"En curso","7 días tras clic o 1 día tras visualización",0,,0,0
2026-06-17,2026-06-17,"JY | Webinar Mostrador - 17 SEPT 2026",active,,,,"Con el presupuesto del conjunto de anuncios",0,0,0,0,"En curso","7 días tras clic o 1 día tras visualización",0,,0,0
2026-06-17,2026-06-17,"JY | Viajes Presenciales Luciana",active,,,,"Con el presupuesto del conjunto de anuncios",0,0,0,0,"En curso","7 días tras clic o 1 día tras visualización",0,,0,0
2026-06-17,2026-06-17,"JY | Interaccion Boxer Taller",inactive,,,,"Con el presupuesto del conjunto de anuncios",0,0,0,0,"En curso","7 días tras clic o 1 día tras visualización",0,,0,0
2026-06-17,2026-06-17,"JY | Awareness Boxer Taller",active,,,,"Con el presupuesto del conjunto de anuncios",0,0,0,0,"En curso","1 día tras clic",0,,0,0
2026-06-17,2026-06-17,"JY | Conversiones - Copia - Boton a WhatsApp",inactive,,,,"Con el presupuesto del conjunto de anuncios",0,0,0,0,"En curso","7 días tras clic o 1 día tras visualización",0,,0,0
2026-06-17,2026-06-17,"JY | Remarketing",active,,,,"Con el presupuesto del conjunto de anuncios",0,0,0,0,"En curso","7 días tras clic o 1 día tras visualización",0,,0,0
2026-06-17,2026-06-17,"JY | Conversiones",active,,,,"Con el presupuesto del conjunto de anuncios",0,0,0,0,"En curso","7 días tras clic o 1 día tras visualización",0,,0,0
2026-06-17,2026-06-17,"JY | Awareness",active,,,,"Con el presupuesto del conjunto de anuncios",0,0,0,0,"En curso","1 día tras clic",0,,0,0
2026-06-17,2026-06-17,"Clientes Potenciales - Alta Intencion GEM",inactive,,,,3500,Diario,0,0,0,"En curso","7 días tras clic o 1 día tras visualización",0,,0,0
2026-06-17,2026-06-17,"Yamil | Campaña de Formularios - CENTRO Argentina",inactive,1,actions:lead,18370.06,7000,Diario,18370.06,2098,1808,"En curso","7 días tras clic o 1 día tras visualización",8755.986654,2.1449,2.488938,2.526215
2026-06-17,2026-06-17,"Yamil | Campaña de Formularios - NO Argentina",inactive,,,,5000,Diario,0,0,0,"En curso","7 días tras clic o 1 día tras visualización",0,,0,0
2026-06-17,2026-06-17,"2. Campaña de Conversiones - Copia",inactive,,,,"Con el presupuesto del conjunto de anuncios",0,0,0,0,"En curso","7 días tras clic o 1 día tras visualización",0,,0,0
2026-06-17,2026-06-17,"7. Clientes potenciales - formulario - Copia",inactive,3,actions:lead,6587.01,"Con el presupuesto del conjunto de anuncios",0,19761.03,5863,5076,"En curso","7 días tras clic o 1 día tras visualización",3370.463926,0.61402,0.70922,1.006311
2026-06-17,2026-06-17,"5. Campaña de Seguidores",inactive,,,,"Con el presupuesto del conjunto de anuncios",0,0,0,0,"En curso","Configuración de atribución múltiple",0,,0,0
2026-06-17,2026-06-17,"Trafico Boxer web",inactive,,,,"Con el presupuesto del conjunto de anuncios",0,0,0,0,"En curso","7 días tras clic o 1 día tras visualización",0,,0,0
2026-06-17,2026-06-17,"Interacción Contenido - Feed",inactive,,,,"Con el presupuesto del conjunto de anuncios",0,0,0,0,"En curso","7 días tras clic o 1 día tras visualización",0,,0,0
2026-06-16,2026-06-16,"JY | Webinar Mostrador - 17 SEPT 2026",active,,,,"Con el presupuesto del conjunto de anuncios",0,0,0,0,"En curso","7 días tras clic o 1 día tras visualización",0,,0,0
2026-06-16,2026-06-16,"JY | Viajes Presenciales Luciana",active,,,,"Con el presupuesto del conjunto de anuncios",0,0,0,0,"En curso","7 días tras clic o 1 día tras visualización",0,,0,0
2026-06-16,2026-06-16,"JY | Interaccion Boxer Taller",inactive,,,,"Con el presupuesto del conjunto de anuncios",0,0,0,0,"En curso","7 días tras clic o 1 día tras visualización",0,,0,0
2026-06-16,2026-06-16,"JY | Awareness Boxer Taller",active,,,,"Con el presupuesto del conjunto de anuncios",0,0,0,0,"En curso","1 día tras clic",0,,0,0
2026-06-16,2026-06-16,"JY | Conversiones - Copia - Boton a WhatsApp",inactive,,,,"Con el presupuesto del conjunto de anuncios",0,0,0,0,"En curso","7 días tras clic o 1 día tras visualización",0,,0,0
2026-06-16,2026-06-16,"JY | Remarketing",active,,,,"Con el presupuesto del conjunto de anuncios",0,0,0,0,"En curso","7 días tras clic o 1 día tras visualización",0,,0,0
2026-06-16,2026-06-16,"JY | Conversiones",active,,,,"Con el presupuesto del conjunto de anuncios",0,0,0,0,"En curso","7 días tras clic o 1 día tras visualización",0,,0,0
2026-06-16,2026-06-16,"JY | Awareness",active,,,,"Con el presupuesto del conjunto de anuncios",0,0,0,0,"En curso","1 día tras clic",0,,0,0
2026-06-16,2026-06-16,"Clientes Potenciales - Alta Intencion GEM",inactive,,,,3500,Diario,0,0,0,"En curso","7 días tras clic o 1 día tras visualización",0,,0,0
2026-06-16,2026-06-16,"Yamil | Campaña de Formularios - CENTRO Argentina",inactive,,,,7000,Diario,13246.98,2210,1815,"En curso","7 días tras clic o 1 día tras visualización",5994.108597,0.995475,1.212121,1.809955
2026-06-16,2026-06-16,"Yamil | Campaña de Formularios - NO Argentina",inactive,,,,5000,Diario,0,0,0,"En curso","7 días tras clic o 1 día tras visualización",0,,0,0
2026-06-16,2026-06-16,"2. Campaña de Conversiones - Copia",inactive,,,,"Con el presupuesto del conjunto de anuncios",0,0,0,0,"En curso","7 días tras clic o 1 día tras visualización",0,,0,0
2026-06-16,2026-06-16,"7. Clientes potenciales - formulario - Copia",inactive,,,,"Con el presupuesto del conjunto de anuncios",0,15591.86,4307,3807,"En curso","7 días tras clic o 1 día tras visualización",3620.120734,0.487578,0.551615,0.812631
2026-06-16,2026-06-16,"5. Campaña de Seguidores",inactive,,,,"Con el presupuesto del conjunto de anuncios",0,779.81,226,224,"En curso","Configuración de atribución múltiple",3450.486726,10.176991,10.267857,10.176991
2026-06-16,2026-06-16,"Trafico Boxer web",inactive,,,,"Con el presupuesto del conjunto de anuncios",0,0,0,0,"En curso","7 días tras clic o 1 día tras visualización",0,,0,0
2026-06-16,2026-06-16,"Interacción Contenido - Feed",inactive,,,,"Con el presupuesto del conjunto de anuncios",0,0,0,0,"En curso","7 días tras clic o 1 día tras visualización",0,,0,0
2026-06-15,2026-06-15,"JY | Webinar Mostrador - 17 SEPT 2026",active,,,,"Con el presupuesto del conjunto de anuncios",0,0,0,0,"En curso","7 días tras clic o 1 día tras visualización",0,,0,0
2026-06-15,2026-06-15,"JY | Viajes Presenciales Luciana",active,,,,"Con el presupuesto del conjunto de anuncios",0,0,0,0,"En curso","7 días tras clic o 1 día tras visualización",0,,0,0
2026-06-15,2026-06-15,"JY | Interaccion Boxer Taller",inactive,,,,"Con el presupuesto del conjunto de anuncios",0,0,0,0,"En curso","7 días tras clic o 1 día tras visualización",0,,0,0
2026-06-15,2026-06-15,"JY | Awareness Boxer Taller",active,,,,"Con el presupuesto del conjunto de anuncios",0,0,0,0,"En curso","1 día tras clic",0,,0,0
2026-06-15,2026-06-15,"JY | Conversiones - Copia - Boton a WhatsApp",inactive,,,,"Con el presupuesto del conjunto de anuncios",0,0,0,0,"En curso","7 días tras clic o 1 día tras visualización",0,,0,0
2026-06-15,2026-06-15,"JY | Remarketing",active,,,,"Con el presupuesto del conjunto de anuncios",0,0,0,0,"En curso","7 días tras clic o 1 día tras visualización",0,,0,0
2026-06-15,2026-06-15,"JY | Conversiones",active,,,,"Con el presupuesto del conjunto de anuncios",0,0,0,0,"En curso","7 días tras clic o 1 día tras visualización",0,,0,0
2026-06-15,2026-06-15,"JY | Awareness",active,,,,"Con el presupuesto del conjunto de anuncios",0,0,0,0,"En curso","1 día tras clic",0,,0,0
2026-06-15,2026-06-15,"Clientes Potenciales - Alta Intencion GEM",inactive,,,,3500,Diario,0,0,0,"En curso","7 días tras clic o 1 día tras visualización",0,,0,0
2026-06-15,2026-06-15,"Yamil | Campaña de Formularios - CENTRO Argentina",inactive,1,actions:lead,15476.97,7000,Diario,15476.97,1831,1565,"En curso","7 días tras clic o 1 día tras visualización",8452.741671,1.365374,1.597444,1.911524
2026-06-15,2026-06-15,"Yamil | Campaña de Formularios - NO Argentina",inactive,,,,5000,Diario,0,0,0,"En curso","7 días tras clic o 1 día tras visualización",0,,0,0
2026-06-15,2026-06-15,"2. Campaña de Conversiones - Copia",inactive,,,,"Con el presupuesto del conjunto de anuncios",0,0,0,0,"En curso","7 días tras clic o 1 día tras visualización",0,,0,0
2026-06-15,2026-06-15,"7. Clientes potenciales - formulario - Copia",inactive,3,actions:lead,7591.9,"Con el presupuesto del conjunto de anuncios",0,22775.7,6320,5336,"En curso","7 días tras clic o 1 día tras visualización",3603.75,0.68038,0.787106,0.949367
2026-06-15,2026-06-15,"5. Campaña de Seguidores",inactive,,,,"Con el presupuesto del conjunto de anuncios",0,7866.66,2637,2420,"En curso","Configuración de atribución múltiple",2983.185438,8.570345,9.008264,8.532423
2026-06-15,2026-06-15,"Trafico Boxer web",inactive,,,,"Con el presupuesto del conjunto de anuncios",0,0,0,0,"En curso","7 días tras clic o 1 día tras visualización",0,,0,0
2026-06-15,2026-06-15,"Interacción Contenido - Feed",inactive,,,,"Con el presupuesto del conjunto de anuncios",0,0,0,0,"En curso","7 días tras clic o 1 día tras visualización",0,,0,0
2026-06-14,2026-06-14,"JY | Webinar Mostrador - 17 SEPT 2026",active,,,,"Con el presupuesto del conjunto de anuncios",0,0,0,0,"En curso","7 días tras clic o 1 día tras visualización",0,,0,0
2026-06-14,2026-06-14,"JY | Viajes Presenciales Luciana",active,,,,"Con el presupuesto del conjunto de anuncios",0,0,0,0,"En curso","7 días tras clic o 1 día tras visualización",0,,0,0
2026-06-14,2026-06-14,"JY | Interaccion Boxer Taller",inactive,,,,"Con el presupuesto del conjunto de anuncios",0,0,0,0,"En curso","7 días tras clic o 1 día tras visualización",0,,0,0
2026-06-14,2026-06-14,"JY | Awareness Boxer Taller",active,,,,"Con el presupuesto del conjunto de anuncios",0,0,0,0,"En curso","1 día tras clic",0,,0,0
2026-06-14,2026-06-14,"JY | Conversiones - Copia - Boton a WhatsApp",inactive,,,,"Con el presupuesto del conjunto de anuncios",0,0,0,0,"En curso","7 días tras clic o 1 día tras visualización",0,,0,0
2026-06-14,2026-06-14,"JY | Remarketing",active,,,,"Con el presupuesto del conjunto de anuncios",0,0,0,0,"En curso","7 días tras clic o 1 día tras visualización",0,,0,0
2026-06-14,2026-06-14,"JY | Conversiones",active,,,,"Con el presupuesto del conjunto de anuncios",0,0,0,0,"En curso","7 días tras clic o 1 día tras visualización",0,,0,0
2026-06-14,2026-06-14,"JY | Awareness",active,,,,"Con el presupuesto del conjunto de anuncios",0,0,0,0,"En curso","1 día tras clic",0,,0,0
2026-06-14,2026-06-14,"Clientes Potenciales - Alta Intencion GEM",inactive,,,,3500,Diario,0,0,0,"En curso","7 días tras clic o 1 día tras visualización",0,,0,0
2026-06-14,2026-06-14,"Yamil | Campaña de Formularios - CENTRO Argentina",inactive,2,actions:lead,10877.56,7000,Diario,21755.12,2225,1876,"En curso","7 días tras clic o 1 día tras visualización",9777.582022,1.797753,2.132196,2.606742
2026-06-14,2026-06-14,"Yamil | Campaña de Formularios - NO Argentina",inactive,,,,5000,Diario,0,0,0,"En curso","7 días tras clic o 1 día tras visualización",0,,0,0
2026-06-14,2026-06-14,"2. Campaña de Conversiones - Copia",inactive,,,,"Con el presupuesto del conjunto de anuncios",0,0,0,0,"En curso","7 días tras clic o 1 día tras visualización",0,,0,0
2026-06-14,2026-06-14,"7. Clientes potenciales - formulario - Copia",inactive,2,actions:lead,11287.34,"Con el presupuesto del conjunto de anuncios",0,22574.68,4551,3986,"En curso","7 días tras clic o 1 día tras visualización",4960.377939,0.900901,1.003512,1.318392
2026-06-14,2026-06-14,"5. Campaña de Seguidores",inactive,,,,"Con el presupuesto del conjunto de anuncios",0,9660.87,3369,3262,"En curso","Configuración de atribución múltiple",2867.577916,5.105373,5.119559,5.135055
2026-06-14,2026-06-14,"Trafico Boxer web",inactive,,,,"Con el presupuesto del conjunto de anuncios",0,0,0,0,"En curso","7 días tras clic o 1 día tras visualización",0,,0,0
2026-06-14,2026-06-14,"Interacción Contenido - Feed",inactive,,,,"Con el presupuesto del conjunto de anuncios",0,0,0,0,"En curso","7 días tras clic o 1 día tras visualización",0,,0,0
2026-06-13,2026-06-13,"JY | Webinar Mostrador - 17 SEPT 2026",active,,,,"Con el presupuesto del conjunto de anuncios",0,0,0,0,"En curso","7 días tras clic o 1 día tras visualización",0,,0,0
2026-06-13,2026-06-13,"JY | Viajes Presenciales Luciana",active,,,,"Con el presupuesto del conjunto de anuncios",0,0,0,0,"En curso","7 días tras clic o 1 día tras visualización",0,,0,0
2026-06-13,2026-06-13,"JY | Interaccion Boxer Taller",inactive,,,,"Con el presupuesto del conjunto de anuncios",0,0,0,0,"En curso","7 días tras clic o 1 día tras visualización",0,,0,0
2026-06-13,2026-06-13,"JY | Awareness Boxer Taller",active,,,,"Con el presupuesto del conjunto de anuncios",0,0,0,0,"En curso","1 día tras clic",0,,0,0
2026-06-13,2026-06-13,"JY | Conversiones - Copia - Boton a WhatsApp",inactive,,,,"Con el presupuesto del conjunto de anuncios",0,0,0,0,"En curso","7 días tras clic o 1 día tras visualización",0,,0,0
2026-06-13,2026-06-13,"JY | Remarketing",active,,,,"Con el presupuesto del conjunto de anuncios",0,0,0,0,"En curso","7 días tras clic o 1 día tras visualización",0,,0,0
2026-06-13,2026-06-13,"JY | Conversiones",active,,,,"Con el presupuesto del conjunto de anuncios",0,0,0,0,"En curso","7 días tras clic o 1 día tras visualización",0,,0,0
2026-06-13,2026-06-13,"JY | Awareness",active,,,,"Con el presupuesto del conjunto de anuncios",0,0,0,0,"En curso","1 día tras clic",0,,0,0
2026-06-13,2026-06-13,"Clientes Potenciales - Alta Intencion GEM",inactive,,,,3500,Diario,0,0,0,"En curso","7 días tras clic o 1 día tras visualización",0,,0,0
2026-06-13,2026-06-13,"Yamil | Campaña de Formularios - CENTRO Argentina",inactive,,,,7000,Diario,12813.42,2206,1918,"En curso","7 días tras clic o 1 día tras visualización",5808.440617,0.861287,0.990615,1.49592
2026-06-13,2026-06-13,"Yamil | Campaña de Formularios - NO Argentina",inactive,,,,5000,Diario,0,0,0,"En curso","7 días tras clic o 1 día tras visualización",0,,0,0
2026-06-13,2026-06-13,"2. Campaña de Conversiones - Copia",inactive,,,,"Con el presupuesto del conjunto de anuncios",0,0,0,0,"En curso","7 días tras clic o 1 día tras visualización",0,,0,0
2026-06-13,2026-06-13,"7. Clientes potenciales - formulario - Copia",inactive,2,actions:lead,8143.265,"Con el presupuesto del conjunto de anuncios",0,16286.53,3754,3297,"En curso","7 días tras clic o 1 día tras visualización",4338.44699,0.692595,0.788596,0.958977
2026-06-13,2026-06-13,"5. Campaña de Seguidores",inactive,,,,"Con el presupuesto del conjunto de anuncios",0,5869.63,2236,2138,"En curso","Configuración de atribución múltiple",2625.05814,3.62254,3.648269,3.667263
2026-06-13,2026-06-13,"Trafico Boxer web",inactive,,,,"Con el presupuesto del conjunto de anuncios",0,0,0,0,"En curso","7 días tras clic o 1 día tras visualización",0,,0,0
2026-06-13,2026-06-13,"Interacción Contenido - Feed",inactive,,,,"Con el presupuesto del conjunto de anuncios",0,0,0,0,"En curso","7 días tras clic o 1 día tras visualización",0,,0,0
2026-06-12,2026-06-12,"JY | Webinar Mostrador - 17 SEPT 2026",active,,,,"Con el presupuesto del conjunto de anuncios",0,0,0,0,"En curso","7 días tras clic o 1 día tras visualización",0,,0,0
2026-06-12,2026-06-12,"JY | Viajes Presenciales Luciana",active,,,,"Con el presupuesto del conjunto de anuncios",0,0,0,0,"En curso","7 días tras clic o 1 día tras visualización",0,,0,0
2026-06-12,2026-06-12,"JY | Interaccion Boxer Taller",inactive,,,,"Con el presupuesto del conjunto de anuncios",0,0,0,0,"En curso","7 días tras clic o 1 día tras visualización",0,,0,0
2026-06-12,2026-06-12,"JY | Awareness Boxer Taller",active,,,,"Con el presupuesto del conjunto de anuncios",0,0,0,0,"En curso","1 día tras clic",0,,0,0
2026-06-12,2026-06-12,"JY | Conversiones - Copia - Boton a WhatsApp",inactive,,,,"Con el presupuesto del conjunto de anuncios",0,0,0,0,"En curso","7 días tras clic o 1 día tras visualización",0,,0,0
2026-06-12,2026-06-12,"JY | Remarketing",active,,,,"Con el presupuesto del conjunto de anuncios",0,0,0,0,"En curso","7 días tras clic o 1 día tras visualización",0,,0,0
2026-06-12,2026-06-12,"JY | Conversiones",active,,,,"Con el presupuesto del conjunto de anuncios",0,0,0,0,"En curso","7 días tras clic o 1 día tras visualización",0,,0,0
2026-06-12,2026-06-12,"JY | Awareness",active,,,,"Con el presupuesto del conjunto de anuncios",0,0,0,0,"En curso","1 día tras clic",0,,0,0
2026-06-12,2026-06-12,"Clientes Potenciales - Alta Intencion GEM",inactive,,,,3500,Diario,0,0,0,"En curso","7 días tras clic o 1 día tras visualización",0,,0,0
2026-06-12,2026-06-12,"Yamil | Campaña de Formularios - CENTRO Argentina",inactive,,,,7000,Diario,14746.75,2111,1744,"En curso","7 días tras clic o 1 día tras visualización",6985.670298,1.705353,2.006881,2.558029
2026-06-12,2026-06-12,"Yamil | Campaña de Formularios - NO Argentina",inactive,,,,5000,Diario,0,0,0,"En curso","7 días tras clic o 1 día tras visualización",0,,0,0
2026-06-12,2026-06-12,"2. Campaña de Conversiones - Copia",inactive,,,,"Con el presupuesto del conjunto de anuncios",0,0,0,0,"En curso","7 días tras clic o 1 día tras visualización",0,,0,0
2026-06-12,2026-06-12,"7. Clientes potenciales - formulario - Copia",inactive,2,actions:lead,9994.845,"Con el presupuesto del conjunto de anuncios",0,19989.69,4873,4235,"En curso","7 días tras clic o 1 día tras visualización",4102.132157,0.533552,0.590319,1.210753
2026-06-12,2026-06-12,"5. Campaña de Seguidores",inactive,,,,"Con el presupuesto del conjunto de anuncios",0,5706.99,2447,2332,"En curso","Configuración de atribución múltiple",2332.239477,2.370249,2.487136,2.451982
2026-06-12,2026-06-12,"Trafico Boxer web",inactive,,,,"Con el presupuesto del conjunto de anuncios",0,0,0,0,"En curso","7 días tras clic o 1 día tras visualización",0,,0,0
2026-06-12,2026-06-12,"Interacción Contenido - Feed",inactive,,,,"Con el presupuesto del conjunto de anuncios",0,0,0,0,"En curso","7 días tras clic o 1 día tras visualización",0,,0,0
2026-06-11,2026-06-11,"JY | Webinar Mostrador - 17 SEPT 2026",active,,,,"Con el presupuesto del conjunto de anuncios",0,0,0,0,"En curso","7 días tras clic o 1 día tras visualización",0,,0,0
2026-06-11,2026-06-11,"JY | Viajes Presenciales Luciana",active,,,,"Con el presupuesto del conjunto de anuncios",0,0,0,0,"En curso","7 días tras clic o 1 día tras visualización",0,,0,0
2026-06-11,2026-06-11,"JY | Interaccion Boxer Taller",inactive,,,,"Con el presupuesto del conjunto de anuncios",0,0,0,0,"En curso","7 días tras clic o 1 día tras visualización",0,,0,0
2026-06-11,2026-06-11,"JY | Awareness Boxer Taller",active,,,,"Con el presupuesto del conjunto de anuncios",0,0,0,0,"En curso","1 día tras clic",0,,0,0
2026-06-11,2026-06-11,"JY | Conversiones - Copia - Boton a WhatsApp",inactive,,,,"Con el presupuesto del conjunto de anuncios",0,0,0,0,"En curso","7 días tras clic o 1 día tras visualización",0,,0,0
2026-06-11,2026-06-11,"JY | Remarketing",active,,,,"Con el presupuesto del conjunto de anuncios",0,0,0,0,"En curso","7 días tras clic o 1 día tras visualización",0,,0,0
2026-06-11,2026-06-11,"JY | Conversiones",active,,,,"Con el presupuesto del conjunto de anuncios",0,0,0,0,"En curso","7 días tras clic o 1 día tras visualización",0,,0,0
2026-06-11,2026-06-11,"JY | Awareness",active,,,,"Con el presupuesto del conjunto de anuncios",0,0,0,0,"En curso","1 día tras clic",0,,0,0
2026-06-11,2026-06-11,"Clientes Potenciales - Alta Intencion GEM",inactive,,,,3500,Diario,0,0,0,"En curso","7 días tras clic o 1 día tras visualización",0,,0,0
2026-06-11,2026-06-11,"Yamil | Campaña de Formularios - CENTRO Argentina",inactive,2,actions:lead,8438.955,7000,Diario,16877.91,2398,2026,"En curso","7 días tras clic o 1 día tras visualización",7038.327773,1.209341,1.431392,1.834862
2026-06-11,2026-06-11,"Yamil | Campaña de Formularios - NO Argentina",inactive,,,,5000,Diario,0,0,0,"En curso","7 días tras clic o 1 día tras visualización",0,,0,0
2026-06-11,2026-06-11,"2. Campaña de Conversiones - Copia",inactive,,,,"Con el presupuesto del conjunto de anuncios",0,0,0,0,"En curso","7 días tras clic o 1 día tras visualización",0,,0,0
2026-06-11,2026-06-11,"7. Clientes potenciales - formulario - Copia",inactive,5,actions:lead,3785.516,"Con el presupuesto del conjunto de anuncios",0,18927.58,4457,3861,"En curso","7 días tras clic o 1 día tras visualización",4246.708548,0.471169,0.518001,0.807718
2026-06-11,2026-06-11,"5. Campaña de Seguidores",inactive,,,,"Con el presupuesto del conjunto de anuncios",0,5500.39,2185,2116,"En curso","Configuración de atribución múltiple",2517.340961,4.30206,4.347826,4.256293
2026-06-11,2026-06-11,"Trafico Boxer web",inactive,,,,"Con el presupuesto del conjunto de anuncios",0,0,0,0,"En curso","7 días tras clic o 1 día tras visualización",0,,0,0
2026-06-11,2026-06-11,"Interacción Contenido - Feed",inactive,,,,"Con el presupuesto del conjunto de anuncios",0,0,0,0,"En curso","7 días tras clic o 1 día tras visualización",0,,0,0
2026-06-10,2026-06-10,"JY | Webinar Mostrador - 17 SEPT 2026",active,,,,"Con el presupuesto del conjunto de anuncios",0,0,0,0,"En curso","7 días tras clic o 1 día tras visualización",0,,0,0
2026-06-10,2026-06-10,"JY | Viajes Presenciales Luciana",active,,,,"Con el presupuesto del conjunto de anuncios",0,0,0,0,"En curso","7 días tras clic o 1 día tras visualización",0,,0,0
2026-06-10,2026-06-10,"JY | Interaccion Boxer Taller",inactive,,,,"Con el presupuesto del conjunto de anuncios",0,0,0,0,"En curso","7 días tras clic o 1 día tras visualización",0,,0,0
2026-06-10,2026-06-10,"JY | Awareness Boxer Taller",active,,,,"Con el presupuesto del conjunto de anuncios",0,0,0,0,"En curso","1 día tras clic",0,,0,0
2026-06-10,2026-06-10,"JY | Conversiones - Copia - Boton a WhatsApp",inactive,,,,"Con el presupuesto del conjunto de anuncios",0,0,0,0,"En curso","7 días tras clic o 1 día tras visualización",0,,0,0
2026-06-10,2026-06-10,"JY | Remarketing",active,,,,"Con el presupuesto del conjunto de anuncios",0,0,0,0,"En curso","7 días tras clic o 1 día tras visualización",0,,0,0
2026-06-10,2026-06-10,"JY | Conversiones",active,,,,"Con el presupuesto del conjunto de anuncios",0,0,0,0,"En curso","7 días tras clic o 1 día tras visualización",0,,0,0
2026-06-10,2026-06-10,"JY | Awareness",active,,,,"Con el presupuesto del conjunto de anuncios",0,0,0,0,"En curso","1 día tras clic",0,,0,0
2026-06-10,2026-06-10,"Clientes Potenciales - Alta Intencion GEM",inactive,,,,3500,Diario,0,0,0,"En curso","7 días tras clic o 1 día tras visualización",0,,0,0
2026-06-10,2026-06-10,"Yamil | Campaña de Formularios - CENTRO Argentina",inactive,,,,7000,Diario,11180.42,1929,1518,"En curso","7 días tras clic o 1 día tras visualización",5795.966822,0.777605,0.922266,1.55521
2026-06-10,2026-06-10,"Yamil | Campaña de Formularios - NO Argentina",inactive,,,,5000,Diario,0,0,0,"En curso","7 días tras clic o 1 día tras visualización",0,,0,0
2026-06-10,2026-06-10,"2. Campaña de Conversiones - Copia",inactive,,,,"Con el presupuesto del conjunto de anuncios",0,0,0,0,"En curso","7 días tras clic o 1 día tras visualización",0,,0,0
2026-06-10,2026-06-10,"7. Clientes potenciales - formulario - Copia",inactive,4,actions:lead,5701.89,"Con el presupuesto del conjunto de anuncios",0,22807.56,6155,4967,"En curso","7 días tras clic o 1 día tras visualización",3705.533712,0.357433,0.442923,0.877336
2026-06-10,2026-06-10,"5. Campaña de Seguidores",inactive,,,,"Con el presupuesto del conjunto de anuncios",0,5206.38,2787,2565,"En curso","Configuración de atribución múltiple",1868.094726,2.152853,2.300195,2.296376
2026-06-10,2026-06-10,"Trafico Boxer web",inactive,,,,"Con el presupuesto del conjunto de anuncios",0,0,0,0,"En curso","7 días tras clic o 1 día tras visualización",0,,0,0
2026-06-10,2026-06-10,"Interacción Contenido - Feed",inactive,,,,"Con el presupuesto del conjunto de anuncios",0,0,0,0,"En curso","7 días tras clic o 1 día tras visualización",0,,0,0
2026-06-09,2026-06-09,"JY | Webinar Mostrador - 17 SEPT 2026",active,,,,"Con el presupuesto del conjunto de anuncios",0,0,0,0,"En curso","7 días tras clic o 1 día tras visualización",0,,0,0
2026-06-09,2026-06-09,"JY | Viajes Presenciales Luciana",active,,,,"Con el presupuesto del conjunto de anuncios",0,0,0,0,"En curso","7 días tras clic o 1 día tras visualización",0,,0,0
2026-06-09,2026-06-09,"JY | Interaccion Boxer Taller",inactive,,,,"Con el presupuesto del conjunto de anuncios",0,0,0,0,"En curso","7 días tras clic o 1 día tras visualización",0,,0,0
2026-06-09,2026-06-09,"JY | Awareness Boxer Taller",active,,,,"Con el presupuesto del conjunto de anuncios",0,0,0,0,"En curso","1 día tras clic",0,,0,0
2026-06-09,2026-06-09,"JY | Conversiones - Copia - Boton a WhatsApp",inactive,,,,"Con el presupuesto del conjunto de anuncios",0,0,0,0,"En curso","7 días tras clic o 1 día tras visualización",0,,0,0
2026-06-09,2026-06-09,"JY | Remarketing",active,,,,"Con el presupuesto del conjunto de anuncios",0,0,0,0,"En curso","7 días tras clic o 1 día tras visualización",0,,0,0
2026-06-09,2026-06-09,"JY | Conversiones",active,,,,"Con el presupuesto del conjunto de anuncios",0,0,0,0,"En curso","7 días tras clic o 1 día tras visualización",0,,0,0
2026-06-09,2026-06-09,"JY | Awareness",active,,,,"Con el presupuesto del conjunto de anuncios",0,0,0,0,"En curso","1 día tras clic",0,,0,0
2026-06-09,2026-06-09,"Clientes Potenciales - Alta Intencion GEM",inactive,,,,3500,Diario,0,0,0,"En curso","7 días tras clic o 1 día tras visualización",0,,0,0
2026-06-09,2026-06-09,"Yamil | Campaña de Formularios - CENTRO Argentina",inactive,1,actions:lead,14605.53,7000,Diario,14605.53,2242,1875,"En curso","7 días tras clic o 1 día tras visualización",6514.509367,1.115076,1.333333,1.650312
2026-06-09,2026-06-09,"Yamil | Campaña de Formularios - NO Argentina",inactive,,,,5000,Diario,0,0,0,"En curso","7 días tras clic o 1 día tras visualización",0,,0,0
2026-06-09,2026-06-09,"2. Campaña de Conversiones - Copia",inactive,,,,"Con el presupuesto del conjunto de anuncios",0,0,0,0,"En curso","7 días tras clic o 1 día tras visualización",0,,0,0
2026-06-09,2026-06-09,"7. Clientes potenciales - formulario - Copia",inactive,1,actions:lead,17731.37,"Con el presupuesto del conjunto de anuncios",0,17731.37,4184,3636,"En curso","7 días tras clic o 1 día tras visualización",4237.89914,0.740918,0.715072,1.195029
2026-06-09,2026-06-09,"5. Campaña de Seguidores",inactive,,,,"Con el presupuesto del conjunto de anuncios",0,6887.95,2601,2459,"En curso","Configuración de atribución múltiple",2648.193003,4.805844,4.880033,4.536717
2026-06-09,2026-06-09,"Trafico Boxer web",inactive,,,,"Con el presupuesto del conjunto de anuncios",0,0,0,0,"En curso","7 días tras clic o 1 día tras visualización",0,,0,0
2026-06-09,2026-06-09,"Interacción Contenido - Feed",inactive,,,,"Con el presupuesto del conjunto de anuncios",0,0,0,0,"En curso","7 días tras clic o 1 día tras visualización",0,,0,0
2026-06-08,2026-06-08,"JY | Webinar Mostrador - 17 SEPT 2026",active,,,,"Con el presupuesto del conjunto de anuncios",0,0,0,0,"En curso","7 días tras clic o 1 día tras visualización",0,,0,0
2026-06-08,2026-06-08,"JY | Viajes Presenciales Luciana",active,,,,"Con el presupuesto del conjunto de anuncios",0,0,0,0,"En curso","7 días tras clic o 1 día tras visualización",0,,0,0
2026-06-08,2026-06-08,"JY | Interaccion Boxer Taller",inactive,,,,"Con el presupuesto del conjunto de anuncios",0,0,0,0,"En curso","7 días tras clic o 1 día tras visualización",0,,0,0
2026-06-08,2026-06-08,"JY | Awareness Boxer Taller",active,,,,"Con el presupuesto del conjunto de anuncios",0,0,0,0,"En curso","1 día tras clic",0,,0,0
2026-06-08,2026-06-08,"JY | Conversiones - Copia - Boton a WhatsApp",inactive,,,,"Con el presupuesto del conjunto de anuncios",0,0,0,0,"En curso","7 días tras clic o 1 día tras visualización",0,,0,0
2026-06-08,2026-06-08,"JY | Remarketing",active,,,,"Con el presupuesto del conjunto de anuncios",0,0,0,0,"En curso","7 días tras clic o 1 día tras visualización",0,,0,0
2026-06-08,2026-06-08,"JY | Conversiones",active,,,,"Con el presupuesto del conjunto de anuncios",0,0,0,0,"En curso","7 días tras clic o 1 día tras visualización",0,,0,0
2026-06-08,2026-06-08,"JY | Awareness",active,,,,"Con el presupuesto del conjunto de anuncios",0,0,0,0,"En curso","1 día tras clic",0,,0,0
2026-06-08,2026-06-08,"Clientes Potenciales - Alta Intencion GEM",inactive,,,,3500,Diario,0,0,0,"En curso","7 días tras clic o 1 día tras visualización",0,,0,0
2026-06-08,2026-06-08,"Yamil | Campaña de Formularios - CENTRO Argentina",inactive,1,actions:lead,14257.12,7000,Diario,14257.12,2039,1779,"En curso","7 días tras clic o 1 día tras visualización",6992.211869,1.177048,1.349073,1.814615
2026-06-08,2026-06-08,"Yamil | Campaña de Formularios - NO Argentina",inactive,,,,5000,Diario,0,0,0,"En curso","7 días tras clic o 1 día tras visualización",0,,0,0
2026-06-08,2026-06-08,"2. Campaña de Conversiones - Copia",inactive,,,,"Con el presupuesto del conjunto de anuncios",0,0,0,0,"En curso","7 días tras clic o 1 día tras visualización",0,,0,0
2026-06-08,2026-06-08,"7. Clientes potenciales - formulario - Copia",inactive,6,actions:lead,4057.99,"Con el presupuesto del conjunto de anuncios",0,24347.94,6172,5154,"En curso","7 días tras clic o 1 día tras visualización",3944.902787,0.66429,0.756694,1.134154
2026-06-08,2026-06-08,"5. Campaña de Seguidores",inactive,,,,"Con el presupuesto del conjunto de anuncios",0,6113.79,2633,2522,"En curso","Configuración de atribución múltiple",2321.986327,4.253703,4.401269,4.139765
2026-06-08,2026-06-08,"Trafico Boxer web",inactive,,,,"Con el presupuesto del conjunto de anuncios",0,0,0,0,"En curso","7 días tras clic o 1 día tras visualización",0,,0,0
2026-06-08,2026-06-08,"Interacción Contenido - Feed",inactive,,,,"Con el presupuesto del conjunto de anuncios",0,0,0,0,"En curso","7 días tras clic o 1 día tras visualización",0,,0,0
2026-06-07,2026-06-07,"JY | Webinar Mostrador - 17 SEPT 2026",active,,,,"Con el presupuesto del conjunto de anuncios",0,0,0,0,"En curso","7 días tras clic o 1 día tras visualización",0,,0,0
2026-06-07,2026-06-07,"JY | Viajes Presenciales Luciana",active,,,,"Con el presupuesto del conjunto de anuncios",0,0,0,0,"En curso","7 días tras clic o 1 día tras visualización",0,,0,0
2026-06-07,2026-06-07,"JY | Interaccion Boxer Taller",inactive,,,,"Con el presupuesto del conjunto de anuncios",0,0,0,0,"En curso","7 días tras clic o 1 día tras visualización",0,,0,0
2026-06-07,2026-06-07,"JY | Awareness Boxer Taller",active,,,,"Con el presupuesto del conjunto de anuncios",0,0,0,0,"En curso","1 día tras clic",0,,0,0
2026-06-07,2026-06-07,"JY | Conversiones - Copia - Boton a WhatsApp",inactive,,,,"Con el presupuesto del conjunto de anuncios",0,0,0,0,"En curso","7 días tras clic o 1 día tras visualización",0,,0,0
2026-06-07,2026-06-07,"JY | Remarketing",active,,,,"Con el presupuesto del conjunto de anuncios",0,0,0,0,"En curso","7 días tras clic o 1 día tras visualización",0,,0,0
2026-06-07,2026-06-07,"JY | Conversiones",active,,,,"Con el presupuesto del conjunto de anuncios",0,0,0,0,"En curso","7 días tras clic o 1 día tras visualización",0,,0,0
2026-06-07,2026-06-07,"JY | Awareness",active,,,,"Con el presupuesto del conjunto de anuncios",0,0,0,0,"En curso","1 día tras clic",0,,0,0
2026-06-07,2026-06-07,"Clientes Potenciales - Alta Intencion GEM",inactive,,,,3500,Diario,0,0,0,"En curso","7 días tras clic o 1 día tras visualización",0,,0,0
2026-06-07,2026-06-07,"Yamil | Campaña de Formularios - CENTRO Argentina",inactive,1,actions:lead,20200.74,7000,Diario,20200.74,2637,2168,"En curso","7 días tras clic o 1 día tras visualización",7660.500569,1.289344,1.568266,2.237391
2026-06-07,2026-06-07,"Yamil | Campaña de Formularios - NO Argentina",inactive,,,,5000,Diario,0,0,0,"En curso","7 días tras clic o 1 día tras visualización",0,,0,0
2026-06-07,2026-06-07,"2. Campaña de Conversiones - Copia",inactive,,,,"Con el presupuesto del conjunto de anuncios",0,0,0,0,"En curso","7 días tras clic o 1 día tras visualización",0,,0,0
2026-06-07,2026-06-07,"7. Clientes potenciales - formulario - Copia",inactive,3,actions:lead,8563.91,"Con el presupuesto del conjunto de anuncios",0,25691.73,5288,4412,"En curso","7 días tras clic o 1 día tras visualización",4858.496596,0.529501,0.634633,0.983359
2026-06-07,2026-06-07,"5. Campaña de Seguidores",inactive,,,,"Con el presupuesto del conjunto de anuncios",0,6672.05,3049,2892,"En curso","Configuración de atribución múltiple",2188.274844,2.263037,2.351314,2.427025
2026-06-07,2026-06-07,"Trafico Boxer web",inactive,,,,"Con el presupuesto del conjunto de anuncios",0,0,0,0,"En curso","7 días tras clic o 1 día tras visualización",0,,0,0
2026-06-07,2026-06-07,"Interacción Contenido - Feed",inactive,,,,"Con el presupuesto del conjunto de anuncios",0,0,0,0,"En curso","7 días tras clic o 1 día tras visualización",0,,0,0
2026-06-06,2026-06-06,"JY | Webinar Mostrador - 17 SEPT 2026",active,,,,"Con el presupuesto del conjunto de anuncios",0,0,0,0,"En curso","7 días tras clic o 1 día tras visualización",0,,0,0
2026-06-06,2026-06-06,"JY | Viajes Presenciales Luciana",active,,,,"Con el presupuesto del conjunto de anuncios",0,0,0,0,"En curso","7 días tras clic o 1 día tras visualización",0,,0,0
2026-06-06,2026-06-06,"JY | Interaccion Boxer Taller",inactive,,,,"Con el presupuesto del conjunto de anuncios",0,0,0,0,"En curso","7 días tras clic o 1 día tras visualización",0,,0,0
2026-06-06,2026-06-06,"JY | Awareness Boxer Taller",active,,,,"Con el presupuesto del conjunto de anuncios",0,0,0,0,"En curso","1 día tras clic",0,,0,0
2026-06-06,2026-06-06,"JY | Conversiones - Copia - Boton a WhatsApp",inactive,,,,"Con el presupuesto del conjunto de anuncios",0,0,0,0,"En curso","7 días tras clic o 1 día tras visualización",0,,0,0
2026-06-06,2026-06-06,"JY | Remarketing",active,,,,"Con el presupuesto del conjunto de anuncios",0,0,0,0,"En curso","7 días tras clic o 1 día tras visualización",0,,0,0
2026-06-06,2026-06-06,"JY | Conversiones",active,,,,"Con el presupuesto del conjunto de anuncios",0,0,0,0,"En curso","7 días tras clic o 1 día tras visualización",0,,0,0
2026-06-06,2026-06-06,"JY | Awareness",active,,,,"Con el presupuesto del conjunto de anuncios",0,0,0,0,"En curso","1 día tras clic",0,,0,0
2026-06-06,2026-06-06,"Clientes Potenciales - Alta Intencion GEM",inactive,,,,3500,Diario,0,0,0,"En curso","7 días tras clic o 1 día tras visualización",0,,0,0
2026-06-06,2026-06-06,"Yamil | Campaña de Formularios - CENTRO Argentina",inactive,1,actions:lead,18018.79,7000,Diario,18018.79,2185,1828,"En curso","7 días tras clic o 1 día tras visualización",8246.585812,1.510297,1.750547,2.105263
2026-06-06,2026-06-06,"Yamil | Campaña de Formularios - NO Argentina",inactive,,,,5000,Diario,0,0,0,"En curso","7 días tras clic o 1 día tras visualización",0,,0,0
2026-06-06,2026-06-06,"2. Campaña de Conversiones - Copia",inactive,,,,"Con el presupuesto del conjunto de anuncios",0,0,0,0,"En curso","7 días tras clic o 1 día tras visualización",0,,0,0
2026-06-06,2026-06-06,"7. Clientes potenciales - formulario - Copia",inactive,5,actions:lead,4763.532,"Con el presupuesto del conjunto de anuncios",0,23817.66,4748,4183,"En curso","7 días tras clic o 1 día tras visualización",5016.356361,0.589722,0.621563,1.095198
2026-06-06,2026-06-06,"5. Campaña de Seguidores",inactive,,,,"Con el presupuesto del conjunto de anuncios",0,5983.19,2327,2282,"En curso","Configuración de atribución múltiple",2571.203266,3.566824,3.63716,3.695746
2026-06-06,2026-06-06,"Trafico Boxer web",inactive,,,,"Con el presupuesto del conjunto de anuncios",0,0,0,0,"En curso","7 días tras clic o 1 día tras visualización",0,,0,0
2026-06-06,2026-06-06,"Interacción Contenido - Feed",inactive,,,,"Con el presupuesto del conjunto de anuncios",0,0,0,0,"En curso","7 días tras clic o 1 día tras visualización",0,,0,0
2026-06-05,2026-06-05,"JY | Webinar Mostrador - 17 SEPT 2026",active,,,,"Con el presupuesto del conjunto de anuncios",0,0,0,0,"En curso","7 días tras clic o 1 día tras visualización",0,,0,0
2026-06-05,2026-06-05,"JY | Viajes Presenciales Luciana",active,,,,"Con el presupuesto del conjunto de anuncios",0,0,0,0,"En curso","7 días tras clic o 1 día tras visualización",0,,0,0
2026-06-05,2026-06-05,"JY | Interaccion Boxer Taller",inactive,,,,"Con el presupuesto del conjunto de anuncios",0,0,0,0,"En curso","7 días tras clic o 1 día tras visualización",0,,0,0
2026-06-05,2026-06-05,"JY | Awareness Boxer Taller",active,,,,"Con el presupuesto del conjunto de anuncios",0,0,0,0,"En curso","1 día tras clic",0,,0,0
2026-06-05,2026-06-05,"JY | Conversiones - Copia - Boton a WhatsApp",inactive,,,,"Con el presupuesto del conjunto de anuncios",0,0,0,0,"En curso","7 días tras clic o 1 día tras visualización",0,,0,0
2026-06-05,2026-06-05,"JY | Remarketing",active,,,,"Con el presupuesto del conjunto de anuncios",0,0,0,0,"En curso","7 días tras clic o 1 día tras visualización",0,,0,0
2026-06-05,2026-06-05,"JY | Conversiones",active,,,,"Con el presupuesto del conjunto de anuncios",0,0,0,0,"En curso","7 días tras clic o 1 día tras visualización",0,,0,0
2026-06-05,2026-06-05,"JY | Awareness",active,,,,"Con el presupuesto del conjunto de anuncios",0,0,0,0,"En curso","1 día tras clic",0,,0,0
2026-06-05,2026-06-05,"Clientes Potenciales - Alta Intencion GEM",inactive,,,,3500,Diario,0,0,0,"En curso","7 días tras clic o 1 día tras visualización",0,,0,0
2026-06-05,2026-06-05,"Yamil | Campaña de Formularios - CENTRO Argentina",inactive,,,,7000,Diario,7944.83,1402,1225,"En curso","7 días tras clic o 1 día tras visualización",5666.783167,1.141227,1.306122,1.569187
2026-06-05,2026-06-05,"Yamil | Campaña de Formularios - NO Argentina",inactive,,,,5000,Diario,0,0,0,"En curso","7 días tras clic o 1 día tras visualización",0,,0,0
2026-06-05,2026-06-05,"2. Campaña de Conversiones - Copia",inactive,,,,"Con el presupuesto del conjunto de anuncios",0,0,0,0,"En curso","7 días tras clic o 1 día tras visualización",0,,0,0
2026-06-05,2026-06-05,"7. Clientes potenciales - formulario - Copia",inactive,5,actions:lead,4610.612,"Con el presupuesto del conjunto de anuncios",0,23053.06,5328,4561,"En curso","7 días tras clic o 1 día tras visualización",4326.775526,0.825826,0.964701,1.276276
2026-06-05,2026-06-05,"5. Campaña de Seguidores",inactive,,,,"Con el presupuesto del conjunto de anuncios",0,4961.85,2167,2058,"En curso","Configuración de atribución múltiple",2289.732349,1.753576,1.846453,1.938163
2026-06-05,2026-06-05,"Trafico Boxer web",inactive,,,,"Con el presupuesto del conjunto de anuncios",0,0,0,0,"En curso","7 días tras clic o 1 día tras visualización",0,,0,0
2026-06-05,2026-06-05,"Interacción Contenido - Feed",inactive,,,,"Con el presupuesto del conjunto de anuncios",0,0,0,0,"En curso","7 días tras clic o 1 día tras visualización",0,,0,0
2026-06-04,2026-06-04,"JY | Webinar Mostrador - 17 SEPT 2026",active,,,,"Con el presupuesto del conjunto de anuncios",0,0,0,0,"En curso","7 días tras clic o 1 día tras visualización",0,,0,0
2026-06-04,2026-06-04,"JY | Viajes Presenciales Luciana",active,,,,"Con el presupuesto del conjunto de anuncios",0,0,0,0,"En curso","7 días tras clic o 1 día tras visualización",0,,0,0
2026-06-04,2026-06-04,"JY | Interaccion Boxer Taller",inactive,,,,"Con el presupuesto del conjunto de anuncios",0,0,0,0,"En curso","7 días tras clic o 1 día tras visualización",0,,0,0
2026-06-04,2026-06-04,"JY | Awareness Boxer Taller",active,,,,"Con el presupuesto del conjunto de anuncios",0,0,0,0,"En curso","1 día tras clic",0,,0,0
2026-06-04,2026-06-04,"JY | Conversiones - Copia - Boton a WhatsApp",inactive,,,,"Con el presupuesto del conjunto de anuncios",0,0,0,0,"En curso","7 días tras clic o 1 día tras visualización",0,,0,0
2026-06-04,2026-06-04,"JY | Remarketing",active,,,,"Con el presupuesto del conjunto de anuncios",0,0,0,0,"En curso","7 días tras clic o 1 día tras visualización",0,,0,0
2026-06-04,2026-06-04,"JY | Conversiones",active,,,,"Con el presupuesto del conjunto de anuncios",0,0,0,0,"En curso","7 días tras clic o 1 día tras visualización",0,,0,0
2026-06-04,2026-06-04,"JY | Awareness",active,,,,"Con el presupuesto del conjunto de anuncios",0,0,0,0,"En curso","1 día tras clic",0,,0,0
2026-06-04,2026-06-04,"Clientes Potenciales - Alta Intencion GEM",inactive,,,,3500,Diario,0,0,0,"En curso","7 días tras clic o 1 día tras visualización",0,,0,0
2026-06-04,2026-06-04,"Yamil | Campaña de Formularios - CENTRO Argentina",inactive,,,,7000,Diario,14874.52,2521,2220,"En curso","7 días tras clic o 1 día tras visualización",5900.245934,1.031337,1.171171,1.229671
2026-06-04,2026-06-04,"Yamil | Campaña de Formularios - NO Argentina",inactive,,,,5000,Diario,0,0,0,"En curso","7 días tras clic o 1 día tras visualización",0,,0,0
2026-06-04,2026-06-04,"2. Campaña de Conversiones - Copia",inactive,,,,"Con el presupuesto del conjunto de anuncios",0,0,0,0,"En curso","7 días tras clic o 1 día tras visualización",0,,0,0
2026-06-04,2026-06-04,"7. Clientes potenciales - formulario - Copia",inactive,6,actions:lead,3561.24333333,"Con el presupuesto del conjunto de anuncios",0,21367.46,5658,4705,"En curso","7 días tras clic o 1 día tras visualización",3776.504065,0.759986,0.913921,1.413927
2026-06-04,2026-06-04,"5. Campaña de Seguidores",inactive,,,,"Con el presupuesto del conjunto de anuncios",0,4239.04,1706,1584,"En curso","Configuración de atribución múltiple",2484.783118,4.337632,4.608586,4.454865
2026-06-04,2026-06-04,"Trafico Boxer web",inactive,,,,"Con el presupuesto del conjunto de anuncios",0,0,0,0,"En curso","7 días tras clic o 1 día tras visualización",0,,0,0
2026-06-04,2026-06-04,"Interacción Contenido - Feed",inactive,,,,"Con el presupuesto del conjunto de anuncios",0,0,0,0,"En curso","7 días tras clic o 1 día tras visualización",0,,0,0
2026-06-03,2026-06-03,"JY | Webinar Mostrador - 17 SEPT 2026",active,,,,"Con el presupuesto del conjunto de anuncios",0,0,0,0,"En curso","7 días tras clic o 1 día tras visualización",0,,0,0
2026-06-03,2026-06-03,"JY | Viajes Presenciales Luciana",active,,,,"Con el presupuesto del conjunto de anuncios",0,0,0,0,"En curso","7 días tras clic o 1 día tras visualización",0,,0,0
2026-06-03,2026-06-03,"JY | Interaccion Boxer Taller",inactive,,,,"Con el presupuesto del conjunto de anuncios",0,0,0,0,"En curso","7 días tras clic o 1 día tras visualización",0,,0,0
2026-06-03,2026-06-03,"JY | Awareness Boxer Taller",active,,,,"Con el presupuesto del conjunto de anuncios",0,0,0,0,"En curso","1 día tras clic",0,,0,0
2026-06-03,2026-06-03,"JY | Conversiones - Copia - Boton a WhatsApp",inactive,,,,"Con el presupuesto del conjunto de anuncios",0,0,0,0,"En curso","7 días tras clic o 1 día tras visualización",0,,0,0
2026-06-03,2026-06-03,"JY | Remarketing",active,,,,"Con el presupuesto del conjunto de anuncios",0,0,0,0,"En curso","7 días tras clic o 1 día tras visualización",0,,0,0
2026-06-03,2026-06-03,"JY | Conversiones",active,,,,"Con el presupuesto del conjunto de anuncios",0,0,0,0,"En curso","7 días tras clic o 1 día tras visualización",0,,0,0
2026-06-03,2026-06-03,"JY | Awareness",active,,,,"Con el presupuesto del conjunto de anuncios",0,0,0,0,"En curso","1 día tras clic",0,,0,0
2026-06-03,2026-06-03,"Clientes Potenciales - Alta Intencion GEM",inactive,,,,3500,Diario,0,0,0,"En curso","7 días tras clic o 1 día tras visualización",0,,0,0
2026-06-03,2026-06-03,"Yamil | Campaña de Formularios - CENTRO Argentina",inactive,1,actions:lead,16468.52,7000,Diario,16468.52,2437,2100,"En curso","7 días tras clic o 1 día tras visualización",6757.702093,1.764465,2.047619,2.338941
2026-06-03,2026-06-03,"Yamil | Campaña de Formularios - NO Argentina",inactive,,,,5000,Diario,0,0,0,"En curso","7 días tras clic o 1 día tras visualización",0,,0,0
2026-06-03,2026-06-03,"2. Campaña de Conversiones - Copia",inactive,,,,"Con el presupuesto del conjunto de anuncios",0,0,0,0,"En curso","7 días tras clic o 1 día tras visualización",0,,0,0
2026-06-03,2026-06-03,"7. Clientes potenciales - formulario - Copia",inactive,4,actions:lead,5511.42,"Con el presupuesto del conjunto de anuncios",0,22045.68,6469,5275,"En curso","7 días tras clic o 1 día tras visualización",3407.89612,0.571959,0.682464,1.004792
2026-06-03,2026-06-03,"5. Campaña de Seguidores",inactive,,,,"Con el presupuesto del conjunto de anuncios",0,3206.72,1362,1282,"En curso","Configuración de atribución múltiple",2354.419971,3.671072,3.900156,3.671072
2026-06-03,2026-06-03,"Trafico Boxer web",inactive,,,,"Con el presupuesto del conjunto de anuncios",0,0,0,0,"En curso","7 días tras clic o 1 día tras visualización",0,,0,0
2026-06-03,2026-06-03,"Interacción Contenido - Feed",inactive,,,,"Con el presupuesto del conjunto de anuncios",0,0,0,0,"En curso","7 días tras clic o 1 día tras visualización",0,,0,0
2026-06-02,2026-06-02,"JY | Webinar Mostrador - 17 SEPT 2026",active,,,,"Con el presupuesto del conjunto de anuncios",0,0,0,0,"En curso","7 días tras clic o 1 día tras visualización",0,,0,0
2026-06-02,2026-06-02,"JY | Viajes Presenciales Luciana",active,,,,"Con el presupuesto del conjunto de anuncios",0,0,0,0,"En curso","7 días tras clic o 1 día tras visualización",0,,0,0
2026-06-02,2026-06-02,"JY | Interaccion Boxer Taller",inactive,,,,"Con el presupuesto del conjunto de anuncios",0,0,0,0,"En curso","7 días tras clic o 1 día tras visualización",0,,0,0
2026-06-02,2026-06-02,"JY | Awareness Boxer Taller",active,,,,"Con el presupuesto del conjunto de anuncios",0,0,0,0,"En curso","1 día tras clic",0,,0,0
2026-06-02,2026-06-02,"JY | Conversiones - Copia - Boton a WhatsApp",inactive,,,,"Con el presupuesto del conjunto de anuncios",0,0,0,0,"En curso","7 días tras clic o 1 día tras visualización",0,,0,0
2026-06-02,2026-06-02,"JY | Remarketing",active,,,,"Con el presupuesto del conjunto de anuncios",0,0,0,0,"En curso","7 días tras clic o 1 día tras visualización",0,,0,0
2026-06-02,2026-06-02,"JY | Conversiones",active,,,,"Con el presupuesto del conjunto de anuncios",0,0,0,0,"En curso","7 días tras clic o 1 día tras visualización",0,,0,0
2026-06-02,2026-06-02,"JY | Awareness",active,,,,"Con el presupuesto del conjunto de anuncios",0,0,0,0,"En curso","1 día tras clic",0,,0,0
2026-06-02,2026-06-02,"Clientes Potenciales - Alta Intencion GEM",inactive,,,,3500,Diario,0,0,0,"En curso","7 días tras clic o 1 día tras visualización",0,,0,0
2026-06-02,2026-06-02,"Yamil | Campaña de Formularios - CENTRO Argentina",inactive,1,actions:lead,15061.64,7000,Diario,15061.64,2574,2012,"En curso","7 días tras clic o 1 día tras visualización",5851.452991,0.893551,1.143141,1.864802
2026-06-02,2026-06-02,"Yamil | Campaña de Formularios - NO Argentina",inactive,,,,5000,Diario,0,0,0,"En curso","7 días tras clic o 1 día tras visualización",0,,0,0
2026-06-02,2026-06-02,"2. Campaña de Conversiones - Copia",inactive,1,actions:onsite_conversion.messaging_conversation_started_7d,0,"Con el presupuesto del conjunto de anuncios",0,0,0,0,"En curso","7 días tras clic o 1 día tras visualización",0,,0,0
2026-06-02,2026-06-02,"7. Clientes potenciales - formulario - Copia",inactive,5,actions:lead,5078.046,"Con el presupuesto del conjunto de anuncios",0,25390.23,7120,5500,"En curso","7 días tras clic o 1 día tras visualización",3566.043539,0.533708,0.636364,0.955056
2026-06-02,2026-06-02,"5. Campaña de Seguidores",inactive,,,,"Con el presupuesto del conjunto de anuncios",0,3019.57,1594,1491,"En curso","Configuración de atribución múltiple",1894.335006,2.195734,2.146211,2.634881
2026-06-02,2026-06-02,"Trafico Boxer web",inactive,,,,"Con el presupuesto del conjunto de anuncios",0,0,0,0,"En curso","7 días tras clic o 1 día tras visualización",0,,0,0
2026-06-02,2026-06-02,"Interacción Contenido - Feed",inactive,,,,"Con el presupuesto del conjunto de anuncios",0,0,0,0,"En curso","7 días tras clic o 1 día tras visualización",0,,0,0
2026-06-01,2026-06-01,"JY | Webinar Mostrador - 17 SEPT 2026",active,,,,"Con el presupuesto del conjunto de anuncios",0,0,0,0,"En curso","7 días tras clic o 1 día tras visualización",0,,0,0
2026-06-01,2026-06-01,"JY | Viajes Presenciales Luciana",active,,,,"Con el presupuesto del conjunto de anuncios",0,0,0,0,"En curso","7 días tras clic o 1 día tras visualización",0,,0,0
2026-06-01,2026-06-01,"JY | Interaccion Boxer Taller",inactive,,,,"Con el presupuesto del conjunto de anuncios",0,0,0,0,"En curso","7 días tras clic o 1 día tras visualización",0,,0,0
2026-06-01,2026-06-01,"JY | Awareness Boxer Taller",active,,,,"Con el presupuesto del conjunto de anuncios",0,0,0,0,"En curso","1 día tras clic",0,,0,0
2026-06-01,2026-06-01,"JY | Conversiones - Copia - Boton a WhatsApp",inactive,,,,"Con el presupuesto del conjunto de anuncios",0,0,0,0,"En curso","7 días tras clic o 1 día tras visualización",0,,0,0
2026-06-01,2026-06-01,"JY | Remarketing",active,,,,"Con el presupuesto del conjunto de anuncios",0,0,0,0,"En curso","7 días tras clic o 1 día tras visualización",0,,0,0
2026-06-01,2026-06-01,"JY | Conversiones",active,,,,"Con el presupuesto del conjunto de anuncios",0,0,0,0,"En curso","7 días tras clic o 1 día tras visualización",0,,0,0
2026-06-01,2026-06-01,"JY | Awareness",active,,,,"Con el presupuesto del conjunto de anuncios",0,0,0,0,"En curso","1 día tras clic",0,,0,0
2026-06-01,2026-06-01,"Clientes Potenciales - Alta Intencion GEM",inactive,,,,3500,Diario,0,0,0,"En curso","7 días tras clic o 1 día tras visualización",0,,0,0
2026-06-01,2026-06-01,"Yamil | Campaña de Formularios - CENTRO Argentina",inactive,,,,7000,Diario,16232.32,3495,2675,"En curso","7 días tras clic o 1 día tras visualización",4644.440629,0.572246,0.672897,1.258941
2026-06-01,2026-06-01,"Yamil | Campaña de Formularios - NO Argentina",inactive,,,,5000,Diario,0,0,0,"En curso","7 días tras clic o 1 día tras visualización",0,,0,0
2026-06-01,2026-06-01,"2. Campaña de Conversiones - Copia",inactive,2,actions:onsite_conversion.messaging_conversation_started_7d,799.17,"Con el presupuesto del conjunto de anuncios",0,1598.34,1035,988,"En curso","7 días tras clic o 1 día tras visualización",1544.289855,2.318841,2.42915,3.768116
2026-06-01,2026-06-01,"7. Clientes potenciales - formulario - Copia",inactive,3,actions:lead,8409.76,"Con el presupuesto del conjunto de anuncios",0,25229.28,6717,5312,"En curso","7 días tras clic o 1 día tras visualización",3756.033944,0.789043,0.941265,1.101682
2026-06-01,2026-06-01,"5. Campaña de Seguidores",inactive,,,,"Con el presupuesto del conjunto de anuncios",0,2905.21,1436,1386,"En curso","Configuración de atribución múltiple",2023.126741,3.690808,3.823954,3.690808
2026-06-01,2026-06-01,"Trafico Boxer web",inactive,,,,"Con el presupuesto del conjunto de anuncios",0,0,0,0,"En curso","7 días tras clic o 1 día tras visualización",0,,0,0
2026-06-01,2026-06-01,"Interacción Contenido - Feed",inactive,,,,"Con el presupuesto del conjunto de anuncios",0,0,0,0,"En curso","7 días tras clic o 1 día tras visualización",0,,0,0
2026-05-31,2026-05-31,"JY | Webinar Mostrador - 17 SEPT 2026",active,,,,"Con el presupuesto del conjunto de anuncios",0,0,0,0,"En curso","7 días tras clic o 1 día tras visualización",0,,0,0
2026-05-31,2026-05-31,"JY | Viajes Presenciales Luciana",active,,,,"Con el presupuesto del conjunto de anuncios",0,0,0,0,"En curso","7 días tras clic o 1 día tras visualización",0,,0,0
2026-05-31,2026-05-31,"JY | Interaccion Boxer Taller",inactive,,,,"Con el presupuesto del conjunto de anuncios",0,0,0,0,"En curso","7 días tras clic o 1 día tras visualización",0,,0,0
2026-05-31,2026-05-31,"JY | Awareness Boxer Taller",active,,,,"Con el presupuesto del conjunto de anuncios",0,0,0,0,"En curso","1 día tras clic",0,,0,0
2026-05-31,2026-05-31,"JY | Conversiones - Copia - Boton a WhatsApp",inactive,,,,"Con el presupuesto del conjunto de anuncios",0,0,0,0,"En curso","7 días tras clic o 1 día tras visualización",0,,0,0
2026-05-31,2026-05-31,"JY | Remarketing",active,,,,"Con el presupuesto del conjunto de anuncios",0,0,0,0,"En curso","7 días tras clic o 1 día tras visualización",0,,0,0
2026-05-31,2026-05-31,"JY | Conversiones",active,,,,"Con el presupuesto del conjunto de anuncios",0,0,0,0,"En curso","7 días tras clic o 1 día tras visualización",0,,0,0
2026-05-31,2026-05-31,"JY | Awareness",active,,,,"Con el presupuesto del conjunto de anuncios",0,0,0,0,"En curso","1 día tras clic",0,,0,0
2026-05-31,2026-05-31,"Clientes Potenciales - Alta Intencion GEM",inactive,,,,3500,Diario,0,0,0,"En curso","7 días tras clic o 1 día tras visualización",0,,0,0
2026-05-31,2026-05-31,"Yamil | Campaña de Formularios - CENTRO Argentina",inactive,,,,7000,Diario,16008.1,3234,2597,"En curso","7 días tras clic o 1 día tras visualización",4949.938157,0.463822,0.57759,1.298701
2026-05-31,2026-05-31,"Yamil | Campaña de Formularios - NO Argentina",inactive,,,,5000,Diario,0,0,0,"En curso","7 días tras clic o 1 día tras visualización",0,,0,0
2026-05-31,2026-05-31,"2. Campaña de Conversiones - Copia",inactive,9,actions:onsite_conversion.messaging_conversation_started_7d,460.57222222,"Con el presupuesto del conjunto de anuncios",0,4145.15,2949,2770,"En curso","7 días tras clic o 1 día tras visualización",1405.612072,3.255341,3.429603,3.831807
2026-05-31,2026-05-31,"7. Clientes potenciales - formulario - Copia",inactive,4,actions:lead,6669.995,"Con el presupuesto del conjunto de anuncios",0,26679.98,7118,6008,"En curso","7 días tras clic o 1 día tras visualización",3748.241079,0.646249,0.732357,1.067716
2026-05-31,2026-05-31,"5. Campaña de Seguidores",inactive,,,,"Con el presupuesto del conjunto de anuncios",0,3510.55,1768,1586,"En curso","Configuración de atribución múltiple",1985.605204,1.866516,2.080706,1.866516
2026-05-31,2026-05-31,"Trafico Boxer web",inactive,,,,"Con el presupuesto del conjunto de anuncios",0,0,0,0,"En curso","7 días tras clic o 1 día tras visualización",0,,0,0
2026-05-31,2026-05-31,"Interacción Contenido - Feed",inactive,,,,"Con el presupuesto del conjunto de anuncios",0,0,0,0,"En curso","7 días tras clic o 1 día tras visualización",0,,0,0
2026-05-30,2026-05-30,"JY | Webinar Mostrador - 17 SEPT 2026",active,,,,"Con el presupuesto del conjunto de anuncios",0,0,0,0,"En curso","7 días tras clic o 1 día tras visualización",0,,0,0
2026-05-30,2026-05-30,"JY | Viajes Presenciales Luciana",active,,,,"Con el presupuesto del conjunto de anuncios",0,0,0,0,"En curso","7 días tras clic o 1 día tras visualización",0,,0,0
2026-05-30,2026-05-30,"JY | Interaccion Boxer Taller",inactive,,,,"Con el presupuesto del conjunto de anuncios",0,0,0,0,"En curso","7 días tras clic o 1 día tras visualización",0,,0,0
2026-05-30,2026-05-30,"JY | Awareness Boxer Taller",active,,,,"Con el presupuesto del conjunto de anuncios",0,0,0,0,"En curso","1 día tras clic",0,,0,0
2026-05-30,2026-05-30,"JY | Conversiones - Copia - Boton a WhatsApp",inactive,,,,"Con el presupuesto del conjunto de anuncios",0,0,0,0,"En curso","7 días tras clic o 1 día tras visualización",0,,0,0
2026-05-30,2026-05-30,"JY | Remarketing",active,,,,"Con el presupuesto del conjunto de anuncios",0,0,0,0,"En curso","7 días tras clic o 1 día tras visualización",0,,0,0
2026-05-30,2026-05-30,"JY | Conversiones",active,,,,"Con el presupuesto del conjunto de anuncios",0,0,0,0,"En curso","7 días tras clic o 1 día tras visualización",0,,0,0
2026-05-30,2026-05-30,"JY | Awareness",active,,,,"Con el presupuesto del conjunto de anuncios",0,0,0,0,"En curso","1 día tras clic",0,,0,0
2026-05-30,2026-05-30,"Clientes Potenciales - Alta Intencion GEM",inactive,,,,3500,Diario,0,0,0,"En curso","7 días tras clic o 1 día tras visualización",0,,0,0
2026-05-30,2026-05-30,"Yamil | Campaña de Formularios - CENTRO Argentina",inactive,2,actions:lead,5995.715,7000,Diario,11991.43,2132,1901,"En curso","7 días tras clic o 1 día tras visualización",5624.498124,0.562852,0.578643,1.313321
2026-05-30,2026-05-30,"Yamil | Campaña de Formularios - NO Argentina",inactive,,,,5000,Diario,0,0,0,"En curso","7 días tras clic o 1 día tras visualización",0,,0,0
2026-05-30,2026-05-30,"2. Campaña de Conversiones - Copia",inactive,5,actions:onsite_conversion.messaging_conversation_started_7d,520.268,"Con el presupuesto del conjunto de anuncios",0,2601.34,1760,1682,"En curso","7 días tras clic o 1 día tras visualización",1478.034091,2.897727,3.032105,3.181818
2026-05-30,2026-05-30,"7. Clientes potenciales - formulario - Copia",inactive,2,actions:lead,10923.205,"Con el presupuesto del conjunto de anuncios",0,21846.41,5215,4483,"En curso","7 días tras clic o 1 día tras visualización",4189.14861,0.651965,0.691501,1.188878
2026-05-30,2026-05-30,"5. Campaña de Seguidores",inactive,,,,"Con el presupuesto del conjunto de anuncios",0,2550.56,1308,1173,"En curso","Configuración de atribución múltiple",1949.969419,1.911315,2.046036,1.605505
2026-05-30,2026-05-30,"Trafico Boxer web",inactive,,,,"Con el presupuesto del conjunto de anuncios",0,0,0,0,"En curso","7 días tras clic o 1 día tras visualización",0,,0,0
2026-05-30,2026-05-30,"Interacción Contenido - Feed",inactive,,,,"Con el presupuesto del conjunto de anuncios",0,0,0,0,"En curso","7 días tras clic o 1 día tras visualización",0,,0,0
2026-05-29,2026-05-29,"JY | Webinar Mostrador - 17 SEPT 2026",active,,,,"Con el presupuesto del conjunto de anuncios",0,0,0,0,"En curso","7 días tras clic o 1 día tras visualización",0,,0,0
2026-05-29,2026-05-29,"JY | Viajes Presenciales Luciana",active,,,,"Con el presupuesto del conjunto de anuncios",0,0,0,0,"En curso","7 días tras clic o 1 día tras visualización",0,,0,0
2026-05-29,2026-05-29,"JY | Interaccion Boxer Taller",inactive,,,,"Con el presupuesto del conjunto de anuncios",0,0,0,0,"En curso","7 días tras clic o 1 día tras visualización",0,,0,0
2026-05-29,2026-05-29,"JY | Awareness Boxer Taller",active,,,,"Con el presupuesto del conjunto de anuncios",0,0,0,0,"En curso","1 día tras clic",0,,0,0
2026-05-29,2026-05-29,"JY | Conversiones - Copia - Boton a WhatsApp",inactive,,,,"Con el presupuesto del conjunto de anuncios",0,0,0,0,"En curso","7 días tras clic o 1 día tras visualización",0,,0,0
2026-05-29,2026-05-29,"JY | Remarketing",active,,,,"Con el presupuesto del conjunto de anuncios",0,0,0,0,"En curso","7 días tras clic o 1 día tras visualización",0,,0,0
2026-05-29,2026-05-29,"JY | Conversiones",active,,,,"Con el presupuesto del conjunto de anuncios",0,0,0,0,"En curso","7 días tras clic o 1 día tras visualización",0,,0,0
2026-05-29,2026-05-29,"JY | Awareness",active,,,,"Con el presupuesto del conjunto de anuncios",0,0,0,0,"En curso","1 día tras clic",0,,0,0
2026-05-29,2026-05-29,"Clientes Potenciales - Alta Intencion GEM",inactive,,,,3500,Diario,0,0,0,"En curso","7 días tras clic o 1 día tras visualización",0,,0,0
2026-05-29,2026-05-29,"Yamil | Campaña de Formularios - CENTRO Argentina",inactive,3,actions:lead,4446.48,7000,Diario,13339.44,2941,2456,"En curso","7 días tras clic o 1 día tras visualización",4535.681741,0.646039,0.773616,1.32608
2026-05-29,2026-05-29,"Yamil | Campaña de Formularios - NO Argentina",inactive,,,,5000,Diario,0,0,0,"En curso","7 días tras clic o 1 día tras visualización",0,,0,0
2026-05-29,2026-05-29,"2. Campaña de Conversiones - Copia",inactive,4,actions:onsite_conversion.messaging_conversation_started_7d,845.875,"Con el presupuesto del conjunto de anuncios",0,3383.5,2284,2175,"En curso","7 días tras clic o 1 día tras visualización",1481.392294,2.977233,3.08046,3.458844
2026-05-29,2026-05-29,"7. Clientes potenciales - formulario - Copia",inactive,4,actions:lead,5684.0525,"Con el presupuesto del conjunto de anuncios",0,22736.21,6476,5474,"En curso","7 días tras clic o 1 día tras visualización",3510.841569,0.555899,0.639386,0.957381
2026-05-29,2026-05-29,"5. Campaña de Seguidores",inactive,,,,"Con el presupuesto del conjunto de anuncios",0,2372.24,1198,1124,"En curso","Configuración de atribución múltiple",1980.166945,2.671119,2.758007,2.420701
2026-05-29,2026-05-29,"Trafico Boxer web",inactive,,,,"Con el presupuesto del conjunto de anuncios",0,0,0,0,"En curso","7 días tras clic o 1 día tras visualización",0,,0,0
2026-05-29,2026-05-29,"Interacción Contenido - Feed",inactive,,,,"Con el presupuesto del conjunto de anuncios",0,0,0,0,"En curso","7 días tras clic o 1 día tras visualización",0,,0,0
2026-05-28,2026-05-28,"JY | Webinar Mostrador - 17 SEPT 2026",active,,,,"Con el presupuesto del conjunto de anuncios",0,0,0,0,"En curso","7 días tras clic o 1 día tras visualización",0,,0,0
2026-05-28,2026-05-28,"JY | Viajes Presenciales Luciana",active,,,,"Con el presupuesto del conjunto de anuncios",0,0,0,0,"En curso","7 días tras clic o 1 día tras visualización",0,,0,0
2026-05-28,2026-05-28,"JY | Interaccion Boxer Taller",inactive,,,,"Con el presupuesto del conjunto de anuncios",0,0,0,0,"En curso","7 días tras clic o 1 día tras visualización",0,,0,0
2026-05-28,2026-05-28,"JY | Awareness Boxer Taller",active,,,,"Con el presupuesto del conjunto de anuncios",0,0,0,0,"En curso","1 día tras clic",0,,0,0
2026-05-28,2026-05-28,"JY | Conversiones - Copia - Boton a WhatsApp",inactive,,,,"Con el presupuesto del conjunto de anuncios",0,0,0,0,"En curso","7 días tras clic o 1 día tras visualización",0,,0,0
2026-05-28,2026-05-28,"JY | Remarketing",active,,,,"Con el presupuesto del conjunto de anuncios",0,0,0,0,"En curso","7 días tras clic o 1 día tras visualización",0,,0,0
2026-05-28,2026-05-28,"JY | Conversiones",active,,,,"Con el presupuesto del conjunto de anuncios",0,0,0,0,"En curso","7 días tras clic o 1 día tras visualización",0,,0,0
2026-05-28,2026-05-28,"JY | Awareness",active,,,,"Con el presupuesto del conjunto de anuncios",0,0,0,0,"En curso","1 día tras clic",0,,0,0
2026-05-28,2026-05-28,"Clientes Potenciales - Alta Intencion GEM",inactive,,,,3500,Diario,0,0,0,"En curso","7 días tras clic o 1 día tras visualización",0,,0,0
2026-05-28,2026-05-28,"Yamil | Campaña de Formularios - CENTRO Argentina",inactive,2,actions:lead,7614.815,7000,Diario,15229.63,3498,2812,"En curso","7 días tras clic o 1 día tras visualización",4353.810749,0.628931,0.782361,1.372213
2026-05-28,2026-05-28,"Yamil | Campaña de Formularios - NO Argentina",inactive,,,,5000,Diario,0,0,0,"En curso","7 días tras clic o 1 día tras visualización",0,,0,0
2026-05-28,2026-05-28,"2. Campaña de Conversiones - Copia",inactive,4,actions:onsite_conversion.messaging_conversation_started_7d,1045.6175,"Con el presupuesto del conjunto de anuncios",0,4182.47,2170,2006,"En curso","7 días tras clic o 1 día tras visualización",1927.40553,3.410138,3.639083,4.193548
2026-05-28,2026-05-28,"7. Clientes potenciales - formulario - Copia",inactive,9,actions:lead,2824.94444444,"Con el presupuesto del conjunto de anuncios",0,25424.5,6500,5431,"En curso","7 días tras clic o 1 día tras visualización",3911.461538,0.861538,0.957466,1.415385
2026-05-28,2026-05-28,"5. Campaña de Seguidores",inactive,,,,"Con el presupuesto del conjunto de anuncios",0,1292.45,320,316,"En curso","Configuración de atribución múltiple",4038.90625,13.125,13.291139,13.125
2026-05-28,2026-05-28,"Trafico Boxer web",inactive,,,,"Con el presupuesto del conjunto de anuncios",0,0,0,0,"En curso","7 días tras clic o 1 día tras visualización",0,,0,0
2026-05-28,2026-05-28,"Interacción Contenido - Feed",inactive,,,,"Con el presupuesto del conjunto de anuncios",0,0,0,0,"En curso","7 días tras clic o 1 día tras visualización",0,,0,0
2026-05-27,2026-05-27,"JY | Webinar Mostrador - 17 SEPT 2026",active,,,,"Con el presupuesto del conjunto de anuncios",0,0,0,0,"En curso","7 días tras clic o 1 día tras visualización",0,,0,0
2026-05-27,2026-05-27,"JY | Viajes Presenciales Luciana",active,,,,"Con el presupuesto del conjunto de anuncios",0,0,0,0,"En curso","7 días tras clic o 1 día tras visualización",0,,0,0
2026-05-27,2026-05-27,"JY | Interaccion Boxer Taller",inactive,,,,"Con el presupuesto del conjunto de anuncios",0,0,0,0,"En curso","7 días tras clic o 1 día tras visualización",0,,0,0
2026-05-27,2026-05-27,"JY | Awareness Boxer Taller",active,,,,"Con el presupuesto del conjunto de anuncios",0,0,0,0,"En curso","1 día tras clic",0,,0,0
2026-05-27,2026-05-27,"JY | Conversiones - Copia - Boton a WhatsApp",inactive,,,,"Con el presupuesto del conjunto de anuncios",0,0,0,0,"En curso","7 días tras clic o 1 día tras visualización",0,,0,0
2026-05-27,2026-05-27,"JY | Remarketing",active,,,,"Con el presupuesto del conjunto de anuncios",0,0,0,0,"En curso","7 días tras clic o 1 día tras visualización",0,,0,0
2026-05-27,2026-05-27,"JY | Conversiones",active,,,,"Con el presupuesto del conjunto de anuncios",0,0,0,0,"En curso","7 días tras clic o 1 día tras visualización",0,,0,0
2026-05-27,2026-05-27,"JY | Awareness",active,,,,"Con el presupuesto del conjunto de anuncios",0,0,0,0,"En curso","1 día tras clic",0,,0,0
2026-05-27,2026-05-27,"Clientes Potenciales - Alta Intencion GEM",inactive,,,,3500,Diario,0,0,0,"En curso","7 días tras clic o 1 día tras visualización",0,,0,0
2026-05-27,2026-05-27,"Yamil | Campaña de Formularios - CENTRO Argentina",inactive,,,,7000,Diario,14458.32,2931,2387,"En curso","7 días tras clic o 1 día tras visualización",4932.896622,0.477653,0.58651,0.955305
2026-05-27,2026-05-27,"Yamil | Campaña de Formularios - NO Argentina",inactive,,,,5000,Diario,0,0,0,"En curso","7 días tras clic o 1 día tras visualización",0,,0,0
2026-05-27,2026-05-27,"2. Campaña de Conversiones - Copia",inactive,4,actions:onsite_conversion.messaging_conversation_started_7d,1055.4275,"Con el presupuesto del conjunto de anuncios",0,4221.71,2224,2047,"En curso","7 días tras clic o 1 día tras visualización",1898.250899,2.158273,2.344895,2.78777
2026-05-27,2026-05-27,"7. Clientes potenciales - formulario - Copia",inactive,12,actions:lead,2368.43833333,"Con el presupuesto del conjunto de anuncios",0,28421.26,7936,6443,"En curso","7 días tras clic o 1 día tras visualización",3581.307964,0.793851,0.946764,1.461694
2026-05-27,2026-05-27,"5. Campaña de Seguidores",inactive,,,,"Con el presupuesto del conjunto de anuncios",0,1401.05,310,300,"En curso","Configuración de atribución múltiple",4519.516129,12.258065,12.666667,11.935484
2026-05-27,2026-05-27,"Trafico Boxer web",inactive,,,,"Con el presupuesto del conjunto de anuncios",0,0,0,0,"En curso","7 días tras clic o 1 día tras visualización",0,,0,0
2026-05-27,2026-05-27,"Interacción Contenido - Feed",inactive,,,,"Con el presupuesto del conjunto de anuncios",0,0,0,0,"En curso","7 días tras clic o 1 día tras visualización",0,,0,0
2026-05-26,2026-05-26,"JY | Webinar Mostrador - 17 SEPT 2026",active,,,,"Con el presupuesto del conjunto de anuncios",0,0,0,0,"En curso","7 días tras clic o 1 día tras visualización",0,,0,0
2026-05-26,2026-05-26,"JY | Viajes Presenciales Luciana",active,,,,"Con el presupuesto del conjunto de anuncios",0,0,0,0,"En curso","7 días tras clic o 1 día tras visualización",0,,0,0
2026-05-26,2026-05-26,"JY | Interaccion Boxer Taller",inactive,,,,"Con el presupuesto del conjunto de anuncios",0,0,0,0,"En curso","7 días tras clic o 1 día tras visualización",0,,0,0
2026-05-26,2026-05-26,"JY | Awareness Boxer Taller",active,,,,"Con el presupuesto del conjunto de anuncios",0,0,0,0,"En curso","1 día tras clic",0,,0,0
2026-05-26,2026-05-26,"JY | Conversiones - Copia - Boton a WhatsApp",inactive,,,,"Con el presupuesto del conjunto de anuncios",0,0,0,0,"En curso","7 días tras clic o 1 día tras visualización",0,,0,0
2026-05-26,2026-05-26,"JY | Remarketing",active,,,,"Con el presupuesto del conjunto de anuncios",0,0,0,0,"En curso","7 días tras clic o 1 día tras visualización",0,,0,0
2026-05-26,2026-05-26,"JY | Conversiones",active,,,,"Con el presupuesto del conjunto de anuncios",0,0,0,0,"En curso","7 días tras clic o 1 día tras visualización",0,,0,0
2026-05-26,2026-05-26,"JY | Awareness",active,,,,"Con el presupuesto del conjunto de anuncios",0,0,0,0,"En curso","1 día tras clic",0,,0,0
2026-05-26,2026-05-26,"Clientes Potenciales - Alta Intencion GEM",inactive,,,,3500,Diario,0,0,0,"En curso","7 días tras clic o 1 día tras visualización",0,,0,0
2026-05-26,2026-05-26,"Yamil | Campaña de Formularios - CENTRO Argentina",inactive,3,actions:lead,4893.69333333,7000,Diario,14681.08,3492,2894,"En curso","7 días tras clic o 1 día tras visualización",4204.203895,0.945017,1.14029,1.804124
2026-05-26,2026-05-26,"Yamil | Campaña de Formularios - NO Argentina",inactive,,,,5000,Diario,0,0,0,"En curso","7 días tras clic o 1 día tras visualización",0,,0,0
2026-05-26,2026-05-26,"2. Campaña de Conversiones - Copia",inactive,2,actions:onsite_conversion.messaging_conversation_started_7d,2442.42,"Con el presupuesto del conjunto de anuncios",0,4884.84,2964,2666,"En curso","7 días tras clic o 1 día tras visualización",1648.05668,2.395412,2.663166,3.137652
2026-05-26,2026-05-26,"7. Clientes potenciales - formulario - Copia",inactive,14,actions:lead,2208.85785714,"Con el presupuesto del conjunto de anuncios",0,30924.01,9285,7159,"En curso","7 días tras clic o 1 día tras visualización",3330.534195,0.743134,0.880011,1.335487
2026-05-26,2026-05-26,"5. Campaña de Seguidores",inactive,,,,"Con el presupuesto del conjunto de anuncios",0,1651.64,361,355,"En curso","Configuración de atribución múltiple",4575.180055,10.526316,10.704225,10.249307
2026-05-26,2026-05-26,"Trafico Boxer web",inactive,,,,"Con el presupuesto del conjunto de anuncios",0,0,0,0,"En curso","7 días tras clic o 1 día tras visualización",0,,0,0
2026-05-26,2026-05-26,"Interacción Contenido - Feed",inactive,,,,"Con el presupuesto del conjunto de anuncios",0,0,0,0,"En curso","7 días tras clic o 1 día tras visualización",0,,0,0
2026-05-25,2026-05-25,"JY | Webinar Mostrador - 17 SEPT 2026",active,,,,"Con el presupuesto del conjunto de anuncios",0,0,0,0,"En curso","7 días tras clic o 1 día tras visualización",0,,0,0
2026-05-25,2026-05-25,"JY | Viajes Presenciales Luciana",active,,,,"Con el presupuesto del conjunto de anuncios",0,0,0,0,"En curso","7 días tras clic o 1 día tras visualización",0,,0,0
2026-05-25,2026-05-25,"JY | Interaccion Boxer Taller",inactive,,,,"Con el presupuesto del conjunto de anuncios",0,0,0,0,"En curso","7 días tras clic o 1 día tras visualización",0,,0,0
2026-05-25,2026-05-25,"JY | Awareness Boxer Taller",active,,,,"Con el presupuesto del conjunto de anuncios",0,0,0,0,"En curso","1 día tras clic",0,,0,0
2026-05-25,2026-05-25,"JY | Conversiones - Copia - Boton a WhatsApp",inactive,,,,"Con el presupuesto del conjunto de anuncios",0,0,0,0,"En curso","7 días tras clic o 1 día tras visualización",0,,0,0
2026-05-25,2026-05-25,"JY | Remarketing",active,,,,"Con el presupuesto del conjunto de anuncios",0,0,0,0,"En curso","7 días tras clic o 1 día tras visualización",0,,0,0
2026-05-25,2026-05-25,"JY | Conversiones",active,,,,"Con el presupuesto del conjunto de anuncios",0,0,0,0,"En curso","7 días tras clic o 1 día tras visualización",0,,0,0
2026-05-25,2026-05-25,"JY | Awareness",active,,,,"Con el presupuesto del conjunto de anuncios",0,0,0,0,"En curso","1 día tras clic",0,,0,0
2026-05-25,2026-05-25,"Clientes Potenciales - Alta Intencion GEM",inactive,,,,3500,Diario,0,0,0,"En curso","7 días tras clic o 1 día tras visualización",0,,0,0
2026-05-25,2026-05-25,"Yamil | Campaña de Formularios - CENTRO Argentina",inactive,2,actions:lead,8954.175,7000,Diario,17908.35,4251,3607,"En curso","7 días tras clic o 1 día tras visualización",4212.738179,0.682192,0.776268,1.411433
2026-05-25,2026-05-25,"Yamil | Campaña de Formularios - NO Argentina",inactive,,,,5000,Diario,0,0,0,"En curso","7 días tras clic o 1 día tras visualización",0,,0,0
2026-05-25,2026-05-25,"2. Campaña de Conversiones - Copia",inactive,4,actions:onsite_conversion.messaging_conversation_started_7d,1232.6525,"Con el presupuesto del conjunto de anuncios",0,4930.61,3004,2773,"En curso","7 días tras clic o 1 día tras visualización",1641.348202,3.029294,3.281644,3.828229
2026-05-25,2026-05-25,"7. Clientes potenciales - formulario - Copia",inactive,12,actions:lead,2457.92833333,"Con el presupuesto del conjunto de anuncios",0,29495.14,7849,6469,"En curso","7 días tras clic o 1 día tras visualización",3757.821379,0.955536,1.128459,1.503376
2026-05-25,2026-05-25,"5. Campaña de Seguidores",inactive,,,,"Con el presupuesto del conjunto de anuncios",0,1665.61,376,371,"En curso","Configuración de atribución múltiple",4429.81383,13.297872,12.938005,13.031915
2026-05-25,2026-05-25,"Trafico Boxer web",inactive,,,,"Con el presupuesto del conjunto de anuncios",0,0,0,0,"En curso","7 días tras clic o 1 día tras visualización",0,,0,0
2026-05-25,2026-05-25,"Interacción Contenido - Feed",inactive,,,,"Con el presupuesto del conjunto de anuncios",0,0,0,0,"En curso","7 días tras clic o 1 día tras visualización",0,,0,0
2026-05-24,2026-05-24,"JY | Webinar Mostrador - 17 SEPT 2026",active,,,,"Con el presupuesto del conjunto de anuncios",0,0,0,0,"En curso","7 días tras clic o 1 día tras visualización",0,,0,0
2026-05-24,2026-05-24,"JY | Viajes Presenciales Luciana",active,,,,"Con el presupuesto del conjunto de anuncios",0,0,0,0,"En curso","7 días tras clic o 1 día tras visualización",0,,0,0
2026-05-24,2026-05-24,"JY | Interaccion Boxer Taller",inactive,,,,"Con el presupuesto del conjunto de anuncios",0,0,0,0,"En curso","7 días tras clic o 1 día tras visualización",0,,0,0
2026-05-24,2026-05-24,"JY | Awareness Boxer Taller",active,,,,"Con el presupuesto del conjunto de anuncios",0,0,0,0,"En curso","1 día tras clic",0,,0,0
2026-05-24,2026-05-24,"JY | Conversiones - Copia - Boton a WhatsApp",inactive,,,,"Con el presupuesto del conjunto de anuncios",0,0,0,0,"En curso","7 días tras clic o 1 día tras visualización",0,,0,0
2026-05-24,2026-05-24,"JY | Remarketing",active,,,,"Con el presupuesto del conjunto de anuncios",0,0,0,0,"En curso","7 días tras clic o 1 día tras visualización",0,,0,0
2026-05-24,2026-05-24,"JY | Conversiones",active,,,,"Con el presupuesto del conjunto de anuncios",0,0,0,0,"En curso","7 días tras clic o 1 día tras visualización",0,,0,0
2026-05-24,2026-05-24,"JY | Awareness",active,,,,"Con el presupuesto del conjunto de anuncios",0,0,0,0,"En curso","1 día tras clic",0,,0,0
2026-05-24,2026-05-24,"Clientes Potenciales - Alta Intencion GEM",inactive,,,,3500,Diario,0,0,0,"En curso","7 días tras clic o 1 día tras visualización",0,,0,0
2026-05-24,2026-05-24,"Yamil | Campaña de Formularios - CENTRO Argentina",inactive,3,actions:lead,5730.54666667,7000,Diario,17191.64,3404,2745,"En curso","7 días tras clic o 1 día tras visualización",5050.423032,0.470035,0.582878,1.292597
2026-05-24,2026-05-24,"Yamil | Campaña de Formularios - NO Argentina",inactive,,,,5000,Diario,0,0,0,"En curso","7 días tras clic o 1 día tras visualización",0,,0,0
2026-05-24,2026-05-24,"2. Campaña de Conversiones - Copia",inactive,5,actions:onsite_conversion.messaging_conversation_started_7d,740.534,"Con el presupuesto del conjunto de anuncios",0,3702.67,2044,1801,"En curso","7 días tras clic o 1 día tras visualización",1811.482387,2.641879,2.998334,3.473581
2026-05-24,2026-05-24,"7. Clientes potenciales - formulario - Copia",inactive,4,actions:lead,6293.6525,"Con el presupuesto del conjunto de anuncios",0,25174.61,5855,4646,"En curso","7 días tras clic o 1 día tras visualización",4299.677199,0.631939,0.77486,1.110162
2026-05-24,2026-05-24,"5. Campaña de Seguidores",inactive,,,,"Con el presupuesto del conjunto de anuncios",0,1817.2,405,405,"En curso","Configuración de atribución múltiple",4486.91358,12.345679,12.345679,11.851852
2026-05-24,2026-05-24,"Trafico Boxer web",inactive,,,,"Con el presupuesto del conjunto de anuncios",0,0,0,0,"En curso","7 días tras clic o 1 día tras visualización",0,,0,0
2026-05-24,2026-05-24,"Interacción Contenido - Feed",inactive,,,,"Con el presupuesto del conjunto de anuncios",0,0,0,0,"En curso","7 días tras clic o 1 día tras visualización",0,,0,0
2026-05-23,2026-05-23,"JY | Webinar Mostrador - 17 SEPT 2026",active,,,,"Con el presupuesto del conjunto de anuncios",0,0,0,0,"En curso","7 días tras clic o 1 día tras visualización",0,,0,0
2026-05-23,2026-05-23,"JY | Viajes Presenciales Luciana",active,,,,"Con el presupuesto del conjunto de anuncios",0,0,0,0,"En curso","7 días tras clic o 1 día tras visualización",0,,0,0
2026-05-23,2026-05-23,"JY | Interaccion Boxer Taller",inactive,,,,"Con el presupuesto del conjunto de anuncios",0,0,0,0,"En curso","7 días tras clic o 1 día tras visualización",0,,0,0
2026-05-23,2026-05-23,"JY | Awareness Boxer Taller",active,,,,"Con el presupuesto del conjunto de anuncios",0,0,0,0,"En curso","1 día tras clic",0,,0,0
2026-05-23,2026-05-23,"JY | Conversiones - Copia - Boton a WhatsApp",inactive,,,,"Con el presupuesto del conjunto de anuncios",0,0,0,0,"En curso","7 días tras clic o 1 día tras visualización",0,,0,0
2026-05-23,2026-05-23,"JY | Remarketing",active,,,,"Con el presupuesto del conjunto de anuncios",0,0,0,0,"En curso","7 días tras clic o 1 día tras visualización",0,,0,0
2026-05-23,2026-05-23,"JY | Conversiones",active,,,,"Con el presupuesto del conjunto de anuncios",0,0,0,0,"En curso","7 días tras clic o 1 día tras visualización",0,,0,0
2026-05-23,2026-05-23,"JY | Awareness",active,,,,"Con el presupuesto del conjunto de anuncios",0,0,0,0,"En curso","1 día tras clic",0,,0,0
2026-05-23,2026-05-23,"Clientes Potenciales - Alta Intencion GEM",inactive,,,,3500,Diario,0,0,0,"En curso","7 días tras clic o 1 día tras visualización",0,,0,0
2026-05-23,2026-05-23,"Yamil | Campaña de Formularios - CENTRO Argentina",inactive,2,actions:lead,7183.43,7000,Diario,14366.86,3309,2994,"En curso","7 días tras clic o 1 día tras visualización",4341.752795,0.695074,0.768203,1.48081
2026-05-23,2026-05-23,"Yamil | Campaña de Formularios - NO Argentina",inactive,,,,5000,Diario,0,0,0,"En curso","7 días tras clic o 1 día tras visualización",0,,0,0
2026-05-23,2026-05-23,"2. Campaña de Conversiones - Copia",inactive,4,actions:onsite_conversion.messaging_conversation_started_7d,762.8775,"Con el presupuesto del conjunto de anuncios",0,3051.51,1380,1236,"En curso","7 días tras clic o 1 día tras visualización",2211.23913,1.811594,2.022654,2.971014
2026-05-23,2026-05-23,"7. Clientes potenciales - formulario - Copia",inactive,11,actions:lead,2276.47272727,"Con el presupuesto del conjunto de anuncios",0,25041.2,6119,5224,"En curso","7 días tras clic o 1 día tras visualización",4092.368034,0.768099,0.899694,1.372773
2026-05-23,2026-05-23,"5. Campaña de Seguidores",inactive,,,,"Con el presupuesto del conjunto de anuncios",0,1209.59,302,299,"En curso","Configuración de atribución múltiple",4005.264901,8.609272,8.695652,8.278146
2026-05-23,2026-05-23,"Trafico Boxer web",inactive,,,,"Con el presupuesto del conjunto de anuncios",0,0,0,0,"En curso","7 días tras clic o 1 día tras visualización",0,,0,0
2026-05-23,2026-05-23,"Interacción Contenido - Feed",inactive,,,,"Con el presupuesto del conjunto de anuncios",0,0,0,0,"En curso","7 días tras clic o 1 día tras visualización",0,,0,0
2026-05-22,2026-05-22,"JY | Webinar Mostrador - 17 SEPT 2026",active,,,,"Con el presupuesto del conjunto de anuncios",0,0,0,0,"En curso","7 días tras clic o 1 día tras visualización",0,,0,0
2026-05-22,2026-05-22,"JY | Viajes Presenciales Luciana",active,,,,"Con el presupuesto del conjunto de anuncios",0,0,0,0,"En curso","7 días tras clic o 1 día tras visualización",0,,0,0
2026-05-22,2026-05-22,"JY | Interaccion Boxer Taller",inactive,,,,"Con el presupuesto del conjunto de anuncios",0,0,0,0,"En curso","7 días tras clic o 1 día tras visualización",0,,0,0
2026-05-22,2026-05-22,"JY | Awareness Boxer Taller",active,,,,"Con el presupuesto del conjunto de anuncios",0,0,0,0,"En curso","1 día tras clic",0,,0,0
2026-05-22,2026-05-22,"JY | Conversiones - Copia - Boton a WhatsApp",inactive,,,,"Con el presupuesto del conjunto de anuncios",0,0,0,0,"En curso","7 días tras clic o 1 día tras visualización",0,,0,0
2026-05-22,2026-05-22,"JY | Remarketing",active,,,,"Con el presupuesto del conjunto de anuncios",0,0,0,0,"En curso","7 días tras clic o 1 día tras visualización",0,,0,0
2026-05-22,2026-05-22,"JY | Conversiones",active,,,,"Con el presupuesto del conjunto de anuncios",0,0,0,0,"En curso","7 días tras clic o 1 día tras visualización",0,,0,0
2026-05-22,2026-05-22,"JY | Awareness",active,,,,"Con el presupuesto del conjunto de anuncios",0,0,0,0,"En curso","1 día tras clic",0,,0,0
2026-05-22,2026-05-22,"Clientes Potenciales - Alta Intencion GEM",inactive,,,,3500,Diario,0,0,0,"En curso","7 días tras clic o 1 día tras visualización",0,,0,0
2026-05-22,2026-05-22,"Yamil | Campaña de Formularios - CENTRO Argentina",inactive,1,actions:lead,11755.19,7000,Diario,11755.19,2671,2153,"En curso","7 días tras clic o 1 día tras visualización",4401.044553,0.861101,0.975383,1.684762
2026-05-22,2026-05-22,"Yamil | Campaña de Formularios - NO Argentina",inactive,,,,5000,Diario,0,0,0,"En curso","7 días tras clic o 1 día tras visualización",0,,0,0
2026-05-22,2026-05-22,"2. Campaña de Conversiones - Copia",inactive,4,actions:onsite_conversion.messaging_conversation_started_7d,790.495,"Con el presupuesto del conjunto de anuncios",0,3161.98,1683,1516,"En curso","7 días tras clic o 1 día tras visualización",1878.775995,2.020202,2.176781,3.386809
2026-05-22,2026-05-22,"7. Clientes potenciales - formulario - Copia",inactive,13,actions:lead,1754.86461538,"Con el presupuesto del conjunto de anuncios",0,22813.24,5678,4824,"En curso","7 días tras clic o 1 día tras visualización",4017.830222,0.704473,0.829187,1.268052
2026-05-22,2026-05-22,"5. Campaña de Seguidores",inactive,,,,"Con el presupuesto del conjunto de anuncios",0,1442.05,323,315,"En curso","Configuración de atribución múltiple",4464.551084,10.216718,10.47619,9.907121
2026-05-22,2026-05-22,"Trafico Boxer web",inactive,,,,"Con el presupuesto del conjunto de anuncios",0,0,0,0,"En curso","7 días tras clic o 1 día tras visualización",0,,0,0
2026-05-22,2026-05-22,"Interacción Contenido - Feed",inactive,,,,"Con el presupuesto del conjunto de anuncios",0,0,0,0,"En curso","7 días tras clic o 1 día tras visualización",0,,0,0
2026-05-21,2026-05-21,"JY | Webinar Mostrador - 17 SEPT 2026",active,,,,"Con el presupuesto del conjunto de anuncios",0,0,0,0,"En curso","7 días tras clic o 1 día tras visualización",0,,0,0
2026-05-21,2026-05-21,"JY | Viajes Presenciales Luciana",active,,,,"Con el presupuesto del conjunto de anuncios",0,0,0,0,"En curso","7 días tras clic o 1 día tras visualización",0,,0,0
2026-05-21,2026-05-21,"JY | Interaccion Boxer Taller",inactive,,,,"Con el presupuesto del conjunto de anuncios",0,0,0,0,"En curso","7 días tras clic o 1 día tras visualización",0,,0,0
2026-05-21,2026-05-21,"JY | Awareness Boxer Taller",active,,,,"Con el presupuesto del conjunto de anuncios",0,0,0,0,"En curso","1 día tras clic",0,,0,0
2026-05-21,2026-05-21,"JY | Conversiones - Copia - Boton a WhatsApp",inactive,,,,"Con el presupuesto del conjunto de anuncios",0,0,0,0,"En curso","7 días tras clic o 1 día tras visualización",0,,0,0
2026-05-21,2026-05-21,"JY | Remarketing",active,,,,"Con el presupuesto del conjunto de anuncios",0,0,0,0,"En curso","7 días tras clic o 1 día tras visualización",0,,0,0
2026-05-21,2026-05-21,"JY | Conversiones",active,,,,"Con el presupuesto del conjunto de anuncios",0,0,0,0,"En curso","7 días tras clic o 1 día tras visualización",0,,0,0
2026-05-21,2026-05-21,"JY | Awareness",active,,,,"Con el presupuesto del conjunto de anuncios",0,0,0,0,"En curso","1 día tras clic",0,,0,0
2026-05-21,2026-05-21,"Clientes Potenciales - Alta Intencion GEM",inactive,,,,3500,Diario,0,0,0,"En curso","7 días tras clic o 1 día tras visualización",0,,0,0
2026-05-21,2026-05-21,"Yamil | Campaña de Formularios - CENTRO Argentina",inactive,1,actions:lead,13368.93,7000,Diario,13368.93,3137,2572,"En curso","7 días tras clic o 1 día tras visualización",4261.6927,0.701307,0.816485,1.275104
2026-05-21,2026-05-21,"Yamil | Campaña de Formularios - NO Argentina",inactive,,,,5000,Diario,0,0,0,"En curso","7 días tras clic o 1 día tras visualización",0,,0,0
2026-05-21,2026-05-21,"2. Campaña de Conversiones - Copia",inactive,9,actions:onsite_conversion.messaging_conversation_started_7d,436.55666667,"Con el presupuesto del conjunto de anuncios",0,3929.01,2059,1860,"En curso","7 días tras clic o 1 día tras visualización",1908.212725,2.379796,2.634409,4.031083
2026-05-21,2026-05-21,"7. Clientes potenciales - formulario - Copia",inactive,11,actions:lead,2381.48181818,"Con el presupuesto del conjunto de anuncios",0,26196.3,6428,5091,"En curso","7 días tras clic o 1 día tras visualización",4075.342253,0.840075,1.060695,1.462352
2026-05-21,2026-05-21,"5. Campaña de Seguidores",inactive,,,,"Con el presupuesto del conjunto de anuncios",0,1432.62,789,773,"En curso","Configuración de atribución múltiple",1815.741445,4.055767,4.139715,3.802281
2026-05-21,2026-05-21,"Trafico Boxer web",inactive,,,,"Con el presupuesto del conjunto de anuncios",0,0,0,0,"En curso","7 días tras clic o 1 día tras visualización",0,,0,0
2026-05-21,2026-05-21,"Interacción Contenido - Feed",inactive,,,,"Con el presupuesto del conjunto de anuncios",0,0,0,0,"En curso","7 días tras clic o 1 día tras visualización",0,,0,0
2026-05-20,2026-05-20,"JY | Webinar Mostrador - 17 SEPT 2026",active,,,,"Con el presupuesto del conjunto de anuncios",0,0,0,0,"En curso","7 días tras clic o 1 día tras visualización",0,,0,0
2026-05-20,2026-05-20,"JY | Viajes Presenciales Luciana",active,,,,"Con el presupuesto del conjunto de anuncios",0,0,0,0,"En curso","7 días tras clic o 1 día tras visualización",0,,0,0
2026-05-20,2026-05-20,"JY | Interaccion Boxer Taller",inactive,,,,"Con el presupuesto del conjunto de anuncios",0,0,0,0,"En curso","7 días tras clic o 1 día tras visualización",0,,0,0
2026-05-20,2026-05-20,"JY | Awareness Boxer Taller",active,,,,"Con el presupuesto del conjunto de anuncios",0,0,0,0,"En curso","1 día tras clic",0,,0,0
2026-05-20,2026-05-20,"JY | Conversiones - Copia - Boton a WhatsApp",inactive,,,,"Con el presupuesto del conjunto de anuncios",0,0,0,0,"En curso","7 días tras clic o 1 día tras visualización",0,,0,0
2026-05-20,2026-05-20,"JY | Remarketing",active,,,,"Con el presupuesto del conjunto de anuncios",0,0,0,0,"En curso","7 días tras clic o 1 día tras visualización",0,,0,0
2026-05-20,2026-05-20,"JY | Conversiones",active,,,,"Con el presupuesto del conjunto de anuncios",0,0,0,0,"En curso","7 días tras clic o 1 día tras visualización",0,,0,0
2026-05-20,2026-05-20,"JY | Awareness",active,,,,"Con el presupuesto del conjunto de anuncios",0,0,0,0,"En curso","1 día tras clic",0,,0,0
2026-05-20,2026-05-20,"Clientes Potenciales - Alta Intencion GEM",inactive,,,,3500,Diario,0,0,0,"En curso","7 días tras clic o 1 día tras visualización",0,,0,0
2026-05-20,2026-05-20,"Yamil | Campaña de Formularios - CENTRO Argentina",inactive,1,actions:lead,14401.28,7000,Diario,14401.28,3146,2607,"En curso","7 días tras clic o 1 día tras visualización",4577.647807,0.540369,0.613732,1.080737
2026-05-20,2026-05-20,"Yamil | Campaña de Formularios - NO Argentina",inactive,,,,5000,Diario,0,0,0,"En curso","7 días tras clic o 1 día tras visualización",0,,0,0
2026-05-20,2026-05-20,"2. Campaña de Conversiones - Copia",inactive,2,actions:onsite_conversion.messaging_conversation_started_7d,1555.42,"Con el presupuesto del conjunto de anuncios",0,3110.84,1628,1434,"En curso","7 días tras clic o 1 día tras visualización",1910.835381,2.211302,2.51046,4.422604
2026-05-20,2026-05-20,"7. Clientes potenciales - formulario - Copia",inactive,6,actions:lead,4251.58333333,"Con el presupuesto del conjunto de anuncios",0,25509.5,6085,5098,"En curso","7 días tras clic o 1 día tras visualización",4192.193919,0.85456,1.020008,1.331142
2026-05-20,2026-05-20,"5. Campaña de Seguidores",inactive,,,,"Con el presupuesto del conjunto de anuncios",0,1430.62,842,809,"En curso","Configuración de atribución múltiple",1699.073634,4.038005,4.202719,4.038005
2026-05-20,2026-05-20,"Trafico Boxer web",inactive,,,,"Con el presupuesto del conjunto de anuncios",0,0,0,0,"En curso","7 días tras clic o 1 día tras visualización",0,,0,0
2026-05-20,2026-05-20,"Interacción Contenido - Feed",inactive,,,,"Con el presupuesto del conjunto de anuncios",0,0,0,0,"En curso","7 días tras clic o 1 día tras visualización",0,,0,0
2026-05-19,2026-05-19,"JY | Webinar Mostrador - 17 SEPT 2026",active,,,,"Con el presupuesto del conjunto de anuncios",0,0,0,0,"En curso","7 días tras clic o 1 día tras visualización",0,,0,0
2026-05-19,2026-05-19,"JY | Viajes Presenciales Luciana",active,,,,"Con el presupuesto del conjunto de anuncios",0,0,0,0,"En curso","7 días tras clic o 1 día tras visualización",0,,0,0
2026-05-19,2026-05-19,"JY | Interaccion Boxer Taller",inactive,,,,"Con el presupuesto del conjunto de anuncios",0,0,0,0,"En curso","7 días tras clic o 1 día tras visualización",0,,0,0
2026-05-19,2026-05-19,"JY | Awareness Boxer Taller",active,,,,"Con el presupuesto del conjunto de anuncios",0,0,0,0,"En curso","1 día tras clic",0,,0,0
2026-05-19,2026-05-19,"JY | Conversiones - Copia - Boton a WhatsApp",inactive,,,,"Con el presupuesto del conjunto de anuncios",0,0,0,0,"En curso","7 días tras clic o 1 día tras visualización",0,,0,0
2026-05-19,2026-05-19,"JY | Remarketing",active,,,,"Con el presupuesto del conjunto de anuncios",0,0,0,0,"En curso","7 días tras clic o 1 día tras visualización",0,,0,0
2026-05-19,2026-05-19,"JY | Conversiones",active,,,,"Con el presupuesto del conjunto de anuncios",0,0,0,0,"En curso","7 días tras clic o 1 día tras visualización",0,,0,0
2026-05-19,2026-05-19,"JY | Awareness",active,,,,"Con el presupuesto del conjunto de anuncios",0,0,0,0,"En curso","1 día tras clic",0,,0,0
2026-05-19,2026-05-19,"Clientes Potenciales - Alta Intencion GEM",inactive,,,,3500,Diario,0,0,0,"En curso","7 días tras clic o 1 día tras visualización",0,,0,0
2026-05-19,2026-05-19,"Yamil | Campaña de Formularios - CENTRO Argentina",inactive,1,actions:lead,16238.14,7000,Diario,16238.14,3402,2832,"En curso","7 días tras clic o 1 día tras visualización",4773.115814,0.587889,0.706215,1.205173
2026-05-19,2026-05-19,"Yamil | Campaña de Formularios - NO Argentina",inactive,,,,5000,Diario,0,0,0,"En curso","7 días tras clic o 1 día tras visualización",0,,0,0
2026-05-19,2026-05-19,"2. Campaña de Conversiones - Copia",inactive,1,actions:onsite_conversion.messaging_conversation_started_7d,5163.57,"Con el presupuesto del conjunto de anuncios",0,5163.57,3353,3021,"En curso","7 días tras clic o 1 día tras visualización",1539.985088,1.342082,1.456471,2.922756
2026-05-19,2026-05-19,"7. Clientes potenciales - formulario - Copia",inactive,14,actions:lead,2129.77214286,"Con el presupuesto del conjunto de anuncios",0,29816.81,7651,6158,"En curso","7 días tras clic o 1 día tras visualización",3897.112796,0.70579,0.876908,1.189387
2026-05-19,2026-05-19,"5. Campaña de Seguidores",inactive,,,,"Con el presupuesto del conjunto de anuncios",0,1510.33,746,713,"En curso","Configuración de atribución múltiple",2024.571046,3.619303,3.646564,3.485255
2026-05-19,2026-05-19,"Trafico Boxer web",inactive,,,,"Con el presupuesto del conjunto de anuncios",0,0,0,0,"En curso","7 días tras clic o 1 día tras visualización",0,,0,0
2026-05-19,2026-05-19,"Interacción Contenido - Feed",inactive,,,,"Con el presupuesto del conjunto de anuncios",0,0,0,0,"En curso","7 días tras clic o 1 día tras visualización",0,,0,0
2026-05-18,2026-05-18,"JY | Webinar Mostrador - 17 SEPT 2026",active,,,,"Con el presupuesto del conjunto de anuncios",0,0,0,0,"En curso","7 días tras clic o 1 día tras visualización",0,,0,0
2026-05-18,2026-05-18,"JY | Viajes Presenciales Luciana",active,,,,"Con el presupuesto del conjunto de anuncios",0,0,0,0,"En curso","7 días tras clic o 1 día tras visualización",0,,0,0
2026-05-18,2026-05-18,"JY | Interaccion Boxer Taller",inactive,,,,"Con el presupuesto del conjunto de anuncios",0,0,0,0,"En curso","7 días tras clic o 1 día tras visualización",0,,0,0
2026-05-18,2026-05-18,"JY | Awareness Boxer Taller",active,,,,"Con el presupuesto del conjunto de anuncios",0,0,0,0,"En curso","1 día tras clic",0,,0,0
2026-05-18,2026-05-18,"JY | Conversiones - Copia - Boton a WhatsApp",inactive,,,,"Con el presupuesto del conjunto de anuncios",0,0,0,0,"En curso","7 días tras clic o 1 día tras visualización",0,,0,0
2026-05-18,2026-05-18,"JY | Remarketing",active,,,,"Con el presupuesto del conjunto de anuncios",0,0,0,0,"En curso","7 días tras clic o 1 día tras visualización",0,,0,0
2026-05-18,2026-05-18,"JY | Conversiones",active,,,,"Con el presupuesto del conjunto de anuncios",0,0,0,0,"En curso","7 días tras clic o 1 día tras visualización",0,,0,0
2026-05-18,2026-05-18,"JY | Awareness",active,,,,"Con el presupuesto del conjunto de anuncios",0,0,0,0,"En curso","1 día tras clic",0,,0,0
2026-05-18,2026-05-18,"Clientes Potenciales - Alta Intencion GEM",inactive,,,,3500,Diario,0,0,0,"En curso","7 días tras clic o 1 día tras visualización",0,,0,0
2026-05-18,2026-05-18,"Yamil | Campaña de Formularios - CENTRO Argentina",inactive,3,actions:lead,5859.64666667,7000,Diario,17578.94,4103,3411,"En curso","7 días tras clic o 1 día tras visualización",4284.411406,0.511821,0.615655,1.145503
2026-05-18,2026-05-18,"Yamil | Campaña de Formularios - NO Argentina",inactive,,,,5000,Diario,0,0,0,"En curso","7 días tras clic o 1 día tras visualización",0,,0,0
2026-05-18,2026-05-18,"2. Campaña de Conversiones - Copia",inactive,2,actions:onsite_conversion.messaging_conversation_started_7d,1581.02,"Con el presupuesto del conjunto de anuncios",0,3162.04,1178,1031,"En curso","7 días tras clic o 1 día tras visualización",2684.244482,1.103565,1.260912,6.451613
2026-05-18,2026-05-18,"7. Clientes potenciales - formulario - Copia",inactive,7,actions:lead,4100.25,"Con el presupuesto del conjunto de anuncios",0,28701.75,6419,5090,"En curso","7 días tras clic o 1 día tras visualización",4471.374046,0.810095,0.982318,1.49556
2026-05-18,2026-05-18,"5. Campaña de Seguidores",inactive,,,,"Con el presupuesto del conjunto de anuncios",0,1637.45,1016,956,"En curso","Configuración de atribución múltiple",1611.663386,2.65748,2.824268,2.755906
2026-05-18,2026-05-18,"Trafico Boxer web",inactive,,,,"Con el presupuesto del conjunto de anuncios",0,0,0,0,"En curso","7 días tras clic o 1 día tras visualización",0,,0,0
2026-05-18,2026-05-18,"Interacción Contenido - Feed",inactive,,,,"Con el presupuesto del conjunto de anuncios",0,0,0,0,"En curso","7 días tras clic o 1 día tras visualización",0,,0,0
2026-05-17,2026-05-17,"JY | Webinar Mostrador - 17 SEPT 2026",active,,,,"Con el presupuesto del conjunto de anuncios",0,0,0,0,"En curso","7 días tras clic o 1 día tras visualización",0,,0,0
2026-05-17,2026-05-17,"JY | Viajes Presenciales Luciana",active,,,,"Con el presupuesto del conjunto de anuncios",0,0,0,0,"En curso","7 días tras clic o 1 día tras visualización",0,,0,0
2026-05-17,2026-05-17,"JY | Interaccion Boxer Taller",inactive,,,,"Con el presupuesto del conjunto de anuncios",0,0,0,0,"En curso","7 días tras clic o 1 día tras visualización",0,,0,0
2026-05-17,2026-05-17,"JY | Awareness Boxer Taller",active,,,,"Con el presupuesto del conjunto de anuncios",0,0,0,0,"En curso","1 día tras clic",0,,0,0
2026-05-17,2026-05-17,"JY | Conversiones - Copia - Boton a WhatsApp",inactive,,,,"Con el presupuesto del conjunto de anuncios",0,0,0,0,"En curso","7 días tras clic o 1 día tras visualización",0,,0,0
2026-05-17,2026-05-17,"JY | Remarketing",active,,,,"Con el presupuesto del conjunto de anuncios",0,0,0,0,"En curso","7 días tras clic o 1 día tras visualización",0,,0,0
2026-05-17,2026-05-17,"JY | Conversiones",active,,,,"Con el presupuesto del conjunto de anuncios",0,0,0,0,"En curso","7 días tras clic o 1 día tras visualización",0,,0,0
2026-05-17,2026-05-17,"JY | Awareness",active,,,,"Con el presupuesto del conjunto de anuncios",0,0,0,0,"En curso","1 día tras clic",0,,0,0
2026-05-17,2026-05-17,"Clientes Potenciales - Alta Intencion GEM",inactive,,,,3500,Diario,0,0,0,"En curso","7 días tras clic o 1 día tras visualización",0,,0,0
2026-05-17,2026-05-17,"Yamil | Campaña de Formularios - CENTRO Argentina",inactive,3,actions:lead,5633.60666667,7000,Diario,16900.82,3677,2959,"En curso","7 días tras clic o 1 día tras visualización",4596.361164,0.897471,1.081446,1.740549
2026-05-17,2026-05-17,"Yamil | Campaña de Formularios - NO Argentina",inactive,,,,5000,Diario,0,0,0,"En curso","7 días tras clic o 1 día tras visualización",0,,0,0
2026-05-17,2026-05-17,"2. Campaña de Conversiones - Copia",inactive,,,,"Con el presupuesto del conjunto de anuncios",0,0,0,0,"En curso","7 días tras clic o 1 día tras visualización",0,,0,0
2026-05-17,2026-05-17,"7. Clientes potenciales - formulario - Copia",inactive,9,actions:lead,3160.39777778,"Con el presupuesto del conjunto de anuncios",0,28443.58,5271,4445,"En curso","7 días tras clic o 1 día tras visualización",5396.239803,0.834756,0.899888,1.441852
2026-05-17,2026-05-17,"5. Campaña de Seguidores",inactive,,,,"Con el presupuesto del conjunto de anuncios",0,1829.07,1133,1081,"En curso","Configuración de atribución múltiple",1614.360106,3.53045,3.700278,3.618711
2026-05-17,2026-05-17,"Trafico Boxer web",inactive,,,,"Con el presupuesto del conjunto de anuncios",0,0,0,0,"En curso","7 días tras clic o 1 día tras visualización",0,,0,0
2026-05-17,2026-05-17,"Interacción Contenido - Feed",inactive,,,,"Con el presupuesto del conjunto de anuncios",0,0,0,0,"En curso","7 días tras clic o 1 día tras visualización",0,,0,0
2026-05-16,2026-05-16,"JY | Webinar Mostrador - 17 SEPT 2026",active,,,,"Con el presupuesto del conjunto de anuncios",0,0,0,0,"En curso","7 días tras clic o 1 día tras visualización",0,,0,0
2026-05-16,2026-05-16,"JY | Viajes Presenciales Luciana",active,,,,"Con el presupuesto del conjunto de anuncios",0,0,0,0,"En curso","7 días tras clic o 1 día tras visualización",0,,0,0
2026-05-16,2026-05-16,"JY | Interaccion Boxer Taller",inactive,,,,"Con el presupuesto del conjunto de anuncios",0,0,0,0,"En curso","7 días tras clic o 1 día tras visualización",0,,0,0
2026-05-16,2026-05-16,"JY | Awareness Boxer Taller",active,,,,"Con el presupuesto del conjunto de anuncios",0,0,0,0,"En curso","1 día tras clic",0,,0,0
2026-05-16,2026-05-16,"JY | Conversiones - Copia - Boton a WhatsApp",inactive,,,,"Con el presupuesto del conjunto de anuncios",0,0,0,0,"En curso","7 días tras clic o 1 día tras visualización",0,,0,0
2026-05-16,2026-05-16,"JY | Remarketing",active,,,,"Con el presupuesto del conjunto de anuncios",0,0,0,0,"En curso","7 días tras clic o 1 día tras visualización",0,,0,0
2026-05-16,2026-05-16,"JY | Conversiones",active,,,,"Con el presupuesto del conjunto de anuncios",0,0,0,0,"En curso","7 días tras clic o 1 día tras visualización",0,,0,0
2026-05-16,2026-05-16,"JY | Awareness",active,,,,"Con el presupuesto del conjunto de anuncios",0,0,0,0,"En curso","1 día tras clic",0,,0,0
2026-05-16,2026-05-16,"Clientes Potenciales - Alta Intencion GEM",inactive,,,,3500,Diario,0,0,0,"En curso","7 días tras clic o 1 día tras visualización",0,,0,0
2026-05-16,2026-05-16,"Yamil | Campaña de Formularios - CENTRO Argentina",inactive,1,actions:lead,11850.64,7000,Diario,11850.64,2125,1871,"En curso","7 días tras clic o 1 día tras visualización",5576.771765,0.658824,0.694816,1.082353
2026-05-16,2026-05-16,"Yamil | Campaña de Formularios - NO Argentina",inactive,,,,5000,Diario,0,0,0,"En curso","7 días tras clic o 1 día tras visualización",0,,0,0
2026-05-16,2026-05-16,"2. Campaña de Conversiones - Copia",inactive,,,,"Con el presupuesto del conjunto de anuncios",0,0,0,0,"En curso","7 días tras clic o 1 día tras visualización",0,,0,0
2026-05-16,2026-05-16,"7. Clientes potenciales - formulario - Copia",inactive,5,actions:lead,4825.71,"Con el presupuesto del conjunto de anuncios",0,24128.55,4711,4121,"En curso","7 días tras clic o 1 día tras visualización",5121.746975,0.764169,0.873574,1.252388
2026-05-16,2026-05-16,"5. Campaña de Seguidores",inactive,,,,"Con el presupuesto del conjunto de anuncios",0,1301.22,1020,961,"En curso","Configuración de atribución múltiple",1275.705882,2.156863,2.185224,2.058824
2026-05-16,2026-05-16,"Trafico Boxer web",inactive,,,,"Con el presupuesto del conjunto de anuncios",0,0,0,0,"En curso","7 días tras clic o 1 día tras visualización",0,,0,0
2026-05-16,2026-05-16,"Interacción Contenido - Feed",inactive,,,,"Con el presupuesto del conjunto de anuncios",0,0,0,0,"En curso","7 días tras clic o 1 día tras visualización",0,,0,0
2026-05-15,2026-05-15,"JY | Webinar Mostrador - 17 SEPT 2026",active,,,,"Con el presupuesto del conjunto de anuncios",0,0,0,0,"En curso","7 días tras clic o 1 día tras visualización",0,,0,0
2026-05-15,2026-05-15,"JY | Viajes Presenciales Luciana",active,,,,"Con el presupuesto del conjunto de anuncios",0,0,0,0,"En curso","7 días tras clic o 1 día tras visualización",0,,0,0
2026-05-15,2026-05-15,"JY | Interaccion Boxer Taller",inactive,,,,"Con el presupuesto del conjunto de anuncios",0,0,0,0,"En curso","7 días tras clic o 1 día tras visualización",0,,0,0
2026-05-15,2026-05-15,"JY | Awareness Boxer Taller",active,,,,"Con el presupuesto del conjunto de anuncios",0,0,0,0,"En curso","1 día tras clic",0,,0,0
2026-05-15,2026-05-15,"JY | Conversiones - Copia - Boton a WhatsApp",inactive,,,,"Con el presupuesto del conjunto de anuncios",0,0,0,0,"En curso","7 días tras clic o 1 día tras visualización",0,,0,0
2026-05-15,2026-05-15,"JY | Remarketing",active,,,,"Con el presupuesto del conjunto de anuncios",0,0,0,0,"En curso","7 días tras clic o 1 día tras visualización",0,,0,0
2026-05-15,2026-05-15,"JY | Conversiones",active,,,,"Con el presupuesto del conjunto de anuncios",0,0,0,0,"En curso","7 días tras clic o 1 día tras visualización",0,,0,0
2026-05-15,2026-05-15,"JY | Awareness",active,,,,"Con el presupuesto del conjunto de anuncios",0,0,0,0,"En curso","1 día tras clic",0,,0,0
2026-05-15,2026-05-15,"Clientes Potenciales - Alta Intencion GEM",inactive,,,,3500,Diario,0,0,0,"En curso","7 días tras clic o 1 día tras visualización",0,,0,0
2026-05-15,2026-05-15,"Yamil | Campaña de Formularios - CENTRO Argentina",inactive,2,actions:lead,6733.635,7000,Diario,13467.27,2438,2014,"En curso","7 días tras clic o 1 día tras visualización",5523.900738,0.779327,0.893744,1.148482
2026-05-15,2026-05-15,"Yamil | Campaña de Formularios - NO Argentina",inactive,,,,5000,Diario,0,0,0,"En curso","7 días tras clic o 1 día tras visualización",0,,0,0
2026-05-15,2026-05-15,"2. Campaña de Conversiones - Copia",inactive,,,,"Con el presupuesto del conjunto de anuncios",0,0,0,0,"En curso","7 días tras clic o 1 día tras visualización",0,,0,0
2026-05-15,2026-05-15,"7. Clientes potenciales - formulario - Copia",inactive,1,actions:lead,21865.34,"Con el presupuesto del conjunto de anuncios",0,21865.34,4144,3558,"En curso","7 días tras clic o 1 día tras visualización",5276.385135,0.675676,0.730748,1.110039
2026-05-15,2026-05-15,"5. Campaña de Seguidores",inactive,,,,"Con el presupuesto del conjunto de anuncios",0,1566.78,1039,1003,"En curso","Configuración de atribución múltiple",1507.969201,1.828681,1.894317,2.40616
2026-05-15,2026-05-15,"Trafico Boxer web",inactive,,,,"Con el presupuesto del conjunto de anuncios",0,0,0,0,"En curso","7 días tras clic o 1 día tras visualización",0,,0,0
2026-05-15,2026-05-15,"Interacción Contenido - Feed",inactive,,,,"Con el presupuesto del conjunto de anuncios",0,0,0,0,"En curso","7 días tras clic o 1 día tras visualización",0,,0,0
2026-05-14,2026-05-14,"JY | Webinar Mostrador - 17 SEPT 2026",active,,,,"Con el presupuesto del conjunto de anuncios",0,0,0,0,"En curso","7 días tras clic o 1 día tras visualización",0,,0,0
2026-05-14,2026-05-14,"JY | Viajes Presenciales Luciana",active,,,,"Con el presupuesto del conjunto de anuncios",0,0,0,0,"En curso","7 días tras clic o 1 día tras visualización",0,,0,0
2026-05-14,2026-05-14,"JY | Interaccion Boxer Taller",inactive,,,,"Con el presupuesto del conjunto de anuncios",0,0,0,0,"En curso","7 días tras clic o 1 día tras visualización",0,,0,0
2026-05-14,2026-05-14,"JY | Awareness Boxer Taller",active,,,,"Con el presupuesto del conjunto de anuncios",0,0,0,0,"En curso","1 día tras clic",0,,0,0
2026-05-14,2026-05-14,"JY | Conversiones - Copia - Boton a WhatsApp",inactive,,,,"Con el presupuesto del conjunto de anuncios",0,0,0,0,"En curso","7 días tras clic o 1 día tras visualización",0,,0,0
2026-05-14,2026-05-14,"JY | Remarketing",active,,,,"Con el presupuesto del conjunto de anuncios",0,0,0,0,"En curso","7 días tras clic o 1 día tras visualización",0,,0,0
2026-05-14,2026-05-14,"JY | Conversiones",active,,,,"Con el presupuesto del conjunto de anuncios",0,0,0,0,"En curso","7 días tras clic o 1 día tras visualización",0,,0,0
2026-05-14,2026-05-14,"JY | Awareness",active,,,,"Con el presupuesto del conjunto de anuncios",0,0,0,0,"En curso","1 día tras clic",0,,0,0
2026-05-14,2026-05-14,"Clientes Potenciales - Alta Intencion GEM",inactive,,,,3500,Diario,0,0,0,"En curso","7 días tras clic o 1 día tras visualización",0,,0,0
2026-05-14,2026-05-14,"Yamil | Campaña de Formularios - CENTRO Argentina",inactive,1,actions:lead,13962.73,7000,Diario,13962.73,3193,2605,"En curso","7 días tras clic o 1 día tras visualización",4372.918885,0.657689,0.767754,1.284059
2026-05-14,2026-05-14,"Yamil | Campaña de Formularios - NO Argentina",inactive,,,,5000,Diario,0,0,0,"En curso","7 días tras clic o 1 día tras visualización",0,,0,0
2026-05-14,2026-05-14,"2. Campaña de Conversiones - Copia",inactive,,,,"Con el presupuesto del conjunto de anuncios",0,0,0,0,"En curso","7 días tras clic o 1 día tras visualización",0,,0,0
2026-05-14,2026-05-14,"7. Clientes potenciales - formulario - Copia",inactive,4,actions:lead,6257.8175,"Con el presupuesto del conjunto de anuncios",0,25031.27,5188,4437,"En curso","7 días tras clic o 1 día tras visualización",4824.840015,0.578258,0.676133,1.002313
2026-05-14,2026-05-14,"5. Campaña de Seguidores",inactive,,,,"Con el presupuesto del conjunto de anuncios",0,1564.79,1160,1100,"En curso","Configuración de atribución múltiple",1348.956897,1.206897,1.272727,1.293103
2026-05-14,2026-05-14,"Trafico Boxer web",inactive,,,,"Con el presupuesto del conjunto de anuncios",0,0,0,0,"En curso","7 días tras clic o 1 día tras visualización",0,,0,0
2026-05-14,2026-05-14,"Interacción Contenido - Feed",inactive,,,,"Con el presupuesto del conjunto de anuncios",0,0,0,0,"En curso","7 días tras clic o 1 día tras visualización",0,,0,0
2026-05-13,2026-05-13,"JY | Webinar Mostrador - 17 SEPT 2026",active,,,,"Con el presupuesto del conjunto de anuncios",0,0,0,0,"En curso","7 días tras clic o 1 día tras visualización",0,,0,0
2026-05-13,2026-05-13,"JY | Viajes Presenciales Luciana",active,,,,"Con el presupuesto del conjunto de anuncios",0,0,0,0,"En curso","7 días tras clic o 1 día tras visualización",0,,0,0
2026-05-13,2026-05-13,"JY | Interaccion Boxer Taller",inactive,,,,"Con el presupuesto del conjunto de anuncios",0,0,0,0,"En curso","7 días tras clic o 1 día tras visualización",0,,0,0
2026-05-13,2026-05-13,"JY | Awareness Boxer Taller",active,,,,"Con el presupuesto del conjunto de anuncios",0,0,0,0,"En curso","1 día tras clic",0,,0,0
2026-05-13,2026-05-13,"JY | Conversiones - Copia - Boton a WhatsApp",inactive,,,,"Con el presupuesto del conjunto de anuncios",0,0,0,0,"En curso","7 días tras clic o 1 día tras visualización",0,,0,0
2026-05-13,2026-05-13,"JY | Remarketing",active,,,,"Con el presupuesto del conjunto de anuncios",0,0,0,0,"En curso","7 días tras clic o 1 día tras visualización",0,,0,0
2026-05-13,2026-05-13,"JY | Conversiones",active,,,,"Con el presupuesto del conjunto de anuncios",0,0,0,0,"En curso","7 días tras clic o 1 día tras visualización",0,,0,0
2026-05-13,2026-05-13,"JY | Awareness",active,,,,"Con el presupuesto del conjunto de anuncios",0,0,0,0,"En curso","1 día tras clic",0,,0,0
2026-05-13,2026-05-13,"Clientes Potenciales - Alta Intencion GEM",inactive,,,,3500,Diario,0,0,0,"En curso","7 días tras clic o 1 día tras visualización",0,,0,0
2026-05-13,2026-05-13,"Yamil | Campaña de Formularios - CENTRO Argentina",inactive,3,actions:lead,5640.11666667,7000,Diario,16920.35,3272,2811,"En curso","7 días tras clic o 1 día tras visualización",5171.256112,0.702934,0.78264,1.405868
2026-05-13,2026-05-13,"Yamil | Campaña de Formularios - NO Argentina",inactive,,,,5000,Diario,0,0,0,"En curso","7 días tras clic o 1 día tras visualización",0,,0,0
2026-05-13,2026-05-13,"2. Campaña de Conversiones - Copia",inactive,,,,"Con el presupuesto del conjunto de anuncios",0,0,0,0,"En curso","7 días tras clic o 1 día tras visualización",0,,0,0
2026-05-13,2026-05-13,"7. Clientes potenciales - formulario - Copia",inactive,3,actions:lead,8128.74333333,"Con el presupuesto del conjunto de anuncios",0,24386.23,4246,3537,"En curso","7 días tras clic o 1 día tras visualización",5743.341969,0.682996,0.791631,1.154027
2026-05-13,2026-05-13,"5. Campaña de Seguidores",inactive,,,,"Con el presupuesto del conjunto de anuncios",0,1544.77,1071,1024,"En curso","Configuración de atribución múltiple",1442.362278,1.40056,1.464844,1.493931
2026-05-13,2026-05-13,"Trafico Boxer web",inactive,,,,"Con el presupuesto del conjunto de anuncios",0,0,0,0,"En curso","7 días tras clic o 1 día tras visualización",0,,0,0
2026-05-13,2026-05-13,"Interacción Contenido - Feed",inactive,,,,"Con el presupuesto del conjunto de anuncios",0,0,0,0,"En curso","7 días tras clic o 1 día tras visualización",0,,0,0
2026-05-12,2026-05-12,"JY | Webinar Mostrador - 17 SEPT 2026",active,,,,"Con el presupuesto del conjunto de anuncios",0,0,0,0,"En curso","7 días tras clic o 1 día tras visualización",0,,0,0
2026-05-12,2026-05-12,"JY | Viajes Presenciales Luciana",active,,,,"Con el presupuesto del conjunto de anuncios",0,0,0,0,"En curso","7 días tras clic o 1 día tras visualización",0,,0,0
2026-05-12,2026-05-12,"JY | Interaccion Boxer Taller",inactive,,,,"Con el presupuesto del conjunto de anuncios",0,0,0,0,"En curso","7 días tras clic o 1 día tras visualización",0,,0,0
2026-05-12,2026-05-12,"JY | Awareness Boxer Taller",active,,,,"Con el presupuesto del conjunto de anuncios",0,0,0,0,"En curso","1 día tras clic",0,,0,0
2026-05-12,2026-05-12,"JY | Conversiones - Copia - Boton a WhatsApp",inactive,,,,"Con el presupuesto del conjunto de anuncios",0,0,0,0,"En curso","7 días tras clic o 1 día tras visualización",0,,0,0
2026-05-12,2026-05-12,"JY | Remarketing",active,,,,"Con el presupuesto del conjunto de anuncios",0,0,0,0,"En curso","7 días tras clic o 1 día tras visualización",0,,0,0
2026-05-12,2026-05-12,"JY | Conversiones",active,,,,"Con el presupuesto del conjunto de anuncios",0,0,0,0,"En curso","7 días tras clic o 1 día tras visualización",0,,0,0
2026-05-12,2026-05-12,"JY | Awareness",active,,,,"Con el presupuesto del conjunto de anuncios",0,0,0,0,"En curso","1 día tras clic",0,,0,0
2026-05-12,2026-05-12,"Clientes Potenciales - Alta Intencion GEM",inactive,,,,3500,Diario,0,0,0,"En curso","7 días tras clic o 1 día tras visualización",0,,0,0
2026-05-12,2026-05-12,"Yamil | Campaña de Formularios - CENTRO Argentina",inactive,,,,7000,Diario,16719.01,3193,2696,"En curso","7 días tras clic o 1 día tras visualización",5236.144692,0.344504,0.408012,0.814281
2026-05-12,2026-05-12,"Yamil | Campaña de Formularios - NO Argentina",inactive,,,,5000,Diario,0,0,0,"En curso","7 días tras clic o 1 día tras visualización",0,,0,0
2026-05-12,2026-05-12,"2. Campaña de Conversiones - Copia",inactive,,,,"Con el presupuesto del conjunto de anuncios",0,0,0,0,"En curso","7 días tras clic o 1 día tras visualización",0,,0,0
2026-05-12,2026-05-12,"7. Clientes potenciales - formulario - Copia",inactive,2,actions:lead,11865.42,"Con el presupuesto del conjunto de anuncios",0,23730.84,4334,3639,"En curso","7 días tras clic o 1 día tras visualización",5475.505307,0.715275,0.851882,1.107522
2026-05-12,2026-05-12,"5. Campaña de Seguidores",inactive,,,,"Con el presupuesto del conjunto de anuncios",0,1462.07,864,800,"En curso","Configuración de atribución múltiple",1692.210648,2.777778,3,2.777778
2026-05-12,2026-05-12,"Trafico Boxer web",inactive,,,,"Con el presupuesto del conjunto de anuncios",0,0,0,0,"En curso","7 días tras clic o 1 día tras visualización",0,,0,0
2026-05-12,2026-05-12,"Interacción Contenido - Feed",inactive,,,,"Con el presupuesto del conjunto de anuncios",0,0,0,0,"En curso","7 días tras clic o 1 día tras visualización",0,,0,0
2026-05-11,2026-05-11,"JY | Webinar Mostrador - 17 SEPT 2026",active,,,,"Con el presupuesto del conjunto de anuncios",0,0,0,0,"En curso","7 días tras clic o 1 día tras visualización",0,,0,0
2026-05-11,2026-05-11,"JY | Viajes Presenciales Luciana",active,,,,"Con el presupuesto del conjunto de anuncios",0,0,0,0,"En curso","7 días tras clic o 1 día tras visualización",0,,0,0
2026-05-11,2026-05-11,"JY | Interaccion Boxer Taller",inactive,,,,"Con el presupuesto del conjunto de anuncios",0,0,0,0,"En curso","7 días tras clic o 1 día tras visualización",0,,0,0
2026-05-11,2026-05-11,"JY | Awareness Boxer Taller",active,,,,"Con el presupuesto del conjunto de anuncios",0,0,0,0,"En curso","1 día tras clic",0,,0,0
2026-05-11,2026-05-11,"JY | Conversiones - Copia - Boton a WhatsApp",inactive,,,,"Con el presupuesto del conjunto de anuncios",0,0,0,0,"En curso","7 días tras clic o 1 día tras visualización",0,,0,0
2026-05-11,2026-05-11,"JY | Remarketing",active,,,,"Con el presupuesto del conjunto de anuncios",0,0,0,0,"En curso","7 días tras clic o 1 día tras visualización",0,,0,0
2026-05-11,2026-05-11,"JY | Conversiones",active,,,,"Con el presupuesto del conjunto de anuncios",0,0,0,0,"En curso","7 días tras clic o 1 día tras visualización",0,,0,0
2026-05-11,2026-05-11,"JY | Awareness",active,,,,"Con el presupuesto del conjunto de anuncios",0,0,0,0,"En curso","1 día tras clic",0,,0,0
2026-05-11,2026-05-11,"Clientes Potenciales - Alta Intencion GEM",inactive,,,,3500,Diario,0,0,0,"En curso","7 días tras clic o 1 día tras visualización",0,,0,0
2026-05-11,2026-05-11,"Yamil | Campaña de Formularios - CENTRO Argentina",inactive,1,actions:lead,14352.02,7000,Diario,14352.02,2936,2437,"En curso","7 días tras clic o 1 día tras visualización",4888.290191,0.579019,0.697579,0.953678
2026-05-11,2026-05-11,"Yamil | Campaña de Formularios - NO Argentina",inactive,,,,5000,Diario,0,0,0,"En curso","7 días tras clic o 1 día tras visualización",0,,0,0
2026-05-11,2026-05-11,"2. Campaña de Conversiones - Copia",inactive,,,,"Con el presupuesto del conjunto de anuncios",0,0,0,0,"En curso","7 días tras clic o 1 día tras visualización",0,,0,0
2026-05-11,2026-05-11,"7. Clientes potenciales - formulario - Copia",inactive,4,actions:lead,5661.55,"Con el presupuesto del conjunto de anuncios",0,22646.2,5128,4261,"En curso","7 días tras clic o 1 día tras visualización",4416.185647,0.526521,0.610185,0.819033
2026-05-11,2026-05-11,"5. Campaña de Seguidores",inactive,,,,"Con el presupuesto del conjunto de anuncios",0,1272.29,732,709,"En curso","Configuración de atribución múltiple",1738.101093,2.185792,2.2567,2.459016
2026-05-11,2026-05-11,"Trafico Boxer web",inactive,,,,"Con el presupuesto del conjunto de anuncios",0,0,0,0,"En curso","7 días tras clic o 1 día tras visualización",0,,0,0
2026-05-11,2026-05-11,"Interacción Contenido - Feed",inactive,,,,"Con el presupuesto del conjunto de anuncios",0,0,0,0,"En curso","7 días tras clic o 1 día tras visualización",0,,0,0
2026-05-10,2026-05-10,"JY | Webinar Mostrador - 17 SEPT 2026",active,,,,"Con el presupuesto del conjunto de anuncios",0,0,0,0,"En curso","7 días tras clic o 1 día tras visualización",0,,0,0
2026-05-10,2026-05-10,"JY | Viajes Presenciales Luciana",active,,,,"Con el presupuesto del conjunto de anuncios",0,0,0,0,"En curso","7 días tras clic o 1 día tras visualización",0,,0,0
2026-05-10,2026-05-10,"JY | Interaccion Boxer Taller",inactive,,,,"Con el presupuesto del conjunto de anuncios",0,0,0,0,"En curso","7 días tras clic o 1 día tras visualización",0,,0,0
2026-05-10,2026-05-10,"JY | Awareness Boxer Taller",active,,,,"Con el presupuesto del conjunto de anuncios",0,0,0,0,"En curso","1 día tras clic",0,,0,0
2026-05-10,2026-05-10,"JY | Conversiones - Copia - Boton a WhatsApp",inactive,,,,"Con el presupuesto del conjunto de anuncios",0,0,0,0,"En curso","7 días tras clic o 1 día tras visualización",0,,0,0
2026-05-10,2026-05-10,"JY | Remarketing",active,,,,"Con el presupuesto del conjunto de anuncios",0,0,0,0,"En curso","7 días tras clic o 1 día tras visualización",0,,0,0
2026-05-10,2026-05-10,"JY | Conversiones",active,,,,"Con el presupuesto del conjunto de anuncios",0,0,0,0,"En curso","7 días tras clic o 1 día tras visualización",0,,0,0
2026-05-10,2026-05-10,"JY | Awareness",active,,,,"Con el presupuesto del conjunto de anuncios",0,0,0,0,"En curso","1 día tras clic",0,,0,0
2026-05-10,2026-05-10,"Clientes Potenciales - Alta Intencion GEM",inactive,,,,3500,Diario,0,0,0,"En curso","7 días tras clic o 1 día tras visualización",0,,0,0
2026-05-10,2026-05-10,"Yamil | Campaña de Formularios - CENTRO Argentina",inactive,1,actions:lead,17616.08,7000,Diario,17616.08,3714,3097,"En curso","7 días tras clic o 1 día tras visualización",4743.155627,0.457728,0.516629,0.99623
2026-05-10,2026-05-10,"Yamil | Campaña de Formularios - NO Argentina",inactive,,,,5000,Diario,0,0,0,"En curso","7 días tras clic o 1 día tras visualización",0,,0,0
2026-05-10,2026-05-10,"2. Campaña de Conversiones - Copia",inactive,,,,"Con el presupuesto del conjunto de anuncios",0,0,0,0,"En curso","7 días tras clic o 1 día tras visualización",0,,0,0
2026-05-10,2026-05-10,"7. Clientes potenciales - formulario - Copia",inactive,8,actions:lead,3244.37,"Con el presupuesto del conjunto de anuncios",0,25954.96,5563,4765,"En curso","7 días tras clic o 1 día tras visualización",4665.640841,0.88082,0.944386,1.492001
2026-05-10,2026-05-10,"5. Campaña de Seguidores",inactive,,,,"Con el presupuesto del conjunto de anuncios",0,1772.07,1221,1134,"En curso","Configuración de atribución múltiple",1451.326781,1.883702,2.028219,2.047502
2026-05-10,2026-05-10,"Trafico Boxer web",inactive,,,,"Con el presupuesto del conjunto de anuncios",0,0,0,0,"En curso","7 días tras clic o 1 día tras visualización",0,,0,0
2026-05-10,2026-05-10,"Interacción Contenido - Feed",inactive,,,,"Con el presupuesto del conjunto de anuncios",0,0,0,0,"En curso","7 días tras clic o 1 día tras visualización",0,,0,0
2026-05-09,2026-05-09,"JY | Webinar Mostrador - 17 SEPT 2026",active,,,,"Con el presupuesto del conjunto de anuncios",0,0,0,0,"En curso","7 días tras clic o 1 día tras visualización",0,,0,0
2026-05-09,2026-05-09,"JY | Viajes Presenciales Luciana",active,,,,"Con el presupuesto del conjunto de anuncios",0,0,0,0,"En curso","7 días tras clic o 1 día tras visualización",0,,0,0
2026-05-09,2026-05-09,"JY | Interaccion Boxer Taller",inactive,,,,"Con el presupuesto del conjunto de anuncios",0,0,0,0,"En curso","7 días tras clic o 1 día tras visualización",0,,0,0
2026-05-09,2026-05-09,"JY | Awareness Boxer Taller",active,,,,"Con el presupuesto del conjunto de anuncios",0,0,0,0,"En curso","1 día tras clic",0,,0,0
2026-05-09,2026-05-09,"JY | Conversiones - Copia - Boton a WhatsApp",inactive,,,,"Con el presupuesto del conjunto de anuncios",0,0,0,0,"En curso","7 días tras clic o 1 día tras visualización",0,,0,0
2026-05-09,2026-05-09,"JY | Remarketing",active,,,,"Con el presupuesto del conjunto de anuncios",0,0,0,0,"En curso","7 días tras clic o 1 día tras visualización",0,,0,0
2026-05-09,2026-05-09,"JY | Conversiones",active,,,,"Con el presupuesto del conjunto de anuncios",0,0,0,0,"En curso","7 días tras clic o 1 día tras visualización",0,,0,0
2026-05-09,2026-05-09,"JY | Awareness",active,,,,"Con el presupuesto del conjunto de anuncios",0,0,0,0,"En curso","1 día tras clic",0,,0,0
2026-05-09,2026-05-09,"Clientes Potenciales - Alta Intencion GEM",inactive,,,,3500,Diario,0,0,0,"En curso","7 días tras clic o 1 día tras visualización",0,,0,0
2026-05-09,2026-05-09,"Yamil | Campaña de Formularios - CENTRO Argentina",inactive,1,actions:lead,13588.24,7000,Diario,13588.24,3237,2714,"En curso","7 días tras clic o 1 día tras visualización",4197.788075,0.710534,0.810612,1.204819
2026-05-09,2026-05-09,"Yamil | Campaña de Formularios - NO Argentina",inactive,,,,5000,Diario,0,0,0,"En curso","7 días tras clic o 1 día tras visualización",0,,0,0
2026-05-09,2026-05-09,"2. Campaña de Conversiones - Copia",inactive,,,,"Con el presupuesto del conjunto de anuncios",0,0,0,0,"En curso","7 días tras clic o 1 día tras visualización",0,,0,0
2026-05-09,2026-05-09,"7. Clientes potenciales - formulario - Copia",inactive,2,actions:lead,11190.355,"Con el presupuesto del conjunto de anuncios",0,22380.71,5690,4995,"En curso","7 días tras clic o 1 día tras visualización",3933.340949,0.544815,0.620621,1.001757
2026-05-09,2026-05-09,"5. Campaña de Seguidores",inactive,,,,"Con el presupuesto del conjunto de anuncios",0,1383.66,1262,1184,"En curso","Configuración de atribución múltiple",1096.402536,1.584786,1.689189,1.743265
2026-05-09,2026-05-09,"Trafico Boxer web",inactive,,,,"Con el presupuesto del conjunto de anuncios",0,0,0,0,"En curso","7 días tras clic o 1 día tras visualización",0,,0,0
2026-05-09,2026-05-09,"Interacción Contenido - Feed",inactive,,,,"Con el presupuesto del conjunto de anuncios",0,0,0,0,"En curso","7 días tras clic o 1 día tras visualización",0,,0,0
2026-05-08,2026-05-08,"JY | Webinar Mostrador - 17 SEPT 2026",active,,,,"Con el presupuesto del conjunto de anuncios",0,0,0,0,"En curso","7 días tras clic o 1 día tras visualización",0,,0,0
2026-05-08,2026-05-08,"JY | Viajes Presenciales Luciana",active,,,,"Con el presupuesto del conjunto de anuncios",0,0,0,0,"En curso","7 días tras clic o 1 día tras visualización",0,,0,0
2026-05-08,2026-05-08,"JY | Interaccion Boxer Taller",inactive,,,,"Con el presupuesto del conjunto de anuncios",0,0,0,0,"En curso","7 días tras clic o 1 día tras visualización",0,,0,0
2026-05-08,2026-05-08,"JY | Awareness Boxer Taller",active,,,,"Con el presupuesto del conjunto de anuncios",0,0,0,0,"En curso","1 día tras clic",0,,0,0
2026-05-08,2026-05-08,"JY | Conversiones - Copia - Boton a WhatsApp",inactive,,,,"Con el presupuesto del conjunto de anuncios",0,0,0,0,"En curso","7 días tras clic o 1 día tras visualización",0,,0,0
2026-05-08,2026-05-08,"JY | Remarketing",active,,,,"Con el presupuesto del conjunto de anuncios",0,0,0,0,"En curso","7 días tras clic o 1 día tras visualización",0,,0,0
2026-05-08,2026-05-08,"JY | Conversiones",active,,,,"Con el presupuesto del conjunto de anuncios",0,0,0,0,"En curso","7 días tras clic o 1 día tras visualización",0,,0,0
2026-05-08,2026-05-08,"JY | Awareness",active,,,,"Con el presupuesto del conjunto de anuncios",0,0,0,0,"En curso","1 día tras clic",0,,0,0
2026-05-08,2026-05-08,"Clientes Potenciales - Alta Intencion GEM",inactive,,,,3500,Diario,0,0,0,"En curso","7 días tras clic o 1 día tras visualización",0,,0,0
2026-05-08,2026-05-08,"Yamil | Campaña de Formularios - CENTRO Argentina",inactive,1,actions:lead,14052.09,7000,Diario,14052.09,3880,3198,"En curso","7 días tras clic o 1 día tras visualización",3621.67268,0.515464,0.625391,0.773196
2026-05-08,2026-05-08,"Yamil | Campaña de Formularios - NO Argentina",inactive,,,,5000,Diario,0,0,0,"En curso","7 días tras clic o 1 día tras visualización",0,,0,0
2026-05-08,2026-05-08,"2. Campaña de Conversiones - Copia",inactive,,,,"Con el presupuesto del conjunto de anuncios",0,0,0,0,"En curso","7 días tras clic o 1 día tras visualización",0,,0,0
2026-05-08,2026-05-08,"7. Clientes potenciales - formulario - Copia",inactive,5,actions:lead,5390.924,"Con el presupuesto del conjunto de anuncios",0,26954.62,6274,5276,"En curso","7 días tras clic o 1 día tras visualización",4296.241632,0.717246,0.833965,1.147593
2026-05-08,2026-05-08,"5. Campaña de Seguidores",inactive,,,,"Con el presupuesto del conjunto de anuncios",0,1334.28,1290,1269,"En curso","Configuración de atribución múltiple",1034.325581,1.550388,1.41844,1.705426
2026-05-08,2026-05-08,"Trafico Boxer web",inactive,,,,"Con el presupuesto del conjunto de anuncios",0,0,0,0,"En curso","7 días tras clic o 1 día tras visualización",0,,0,0
2026-05-08,2026-05-08,"Interacción Contenido - Feed",inactive,,,,"Con el presupuesto del conjunto de anuncios",0,0,0,0,"En curso","7 días tras clic o 1 día tras visualización",0,,0,0
2026-05-07,2026-05-07,"JY | Webinar Mostrador - 17 SEPT 2026",active,,,,"Con el presupuesto del conjunto de anuncios",0,0,0,0,"En curso","7 días tras clic o 1 día tras visualización",0,,0,0
2026-05-07,2026-05-07,"JY | Viajes Presenciales Luciana",active,,,,"Con el presupuesto del conjunto de anuncios",0,0,0,0,"En curso","7 días tras clic o 1 día tras visualización",0,,0,0
2026-05-07,2026-05-07,"JY | Interaccion Boxer Taller",inactive,,,,"Con el presupuesto del conjunto de anuncios",0,0,0,0,"En curso","7 días tras clic o 1 día tras visualización",0,,0,0
2026-05-07,2026-05-07,"JY | Awareness Boxer Taller",active,,,,"Con el presupuesto del conjunto de anuncios",0,0,0,0,"En curso","1 día tras clic",0,,0,0
2026-05-07,2026-05-07,"JY | Conversiones - Copia - Boton a WhatsApp",inactive,,,,"Con el presupuesto del conjunto de anuncios",0,0,0,0,"En curso","7 días tras clic o 1 día tras visualización",0,,0,0
2026-05-07,2026-05-07,"JY | Remarketing",active,,,,"Con el presupuesto del conjunto de anuncios",0,0,0,0,"En curso","7 días tras clic o 1 día tras visualización",0,,0,0
2026-05-07,2026-05-07,"JY | Conversiones",active,,,,"Con el presupuesto del conjunto de anuncios",0,0,0,0,"En curso","7 días tras clic o 1 día tras visualización",0,,0,0
2026-05-07,2026-05-07,"JY | Awareness",active,,,,"Con el presupuesto del conjunto de anuncios",0,0,0,0,"En curso","1 día tras clic",0,,0,0
2026-05-07,2026-05-07,"Clientes Potenciales - Alta Intencion GEM",inactive,,,,3500,Diario,0,0,0,"En curso","7 días tras clic o 1 día tras visualización",0,,0,0
2026-05-07,2026-05-07,"Yamil | Campaña de Formularios - CENTRO Argentina",inactive,2,actions:lead,6887.695,7000,Diario,13775.39,3922,3031,"En curso","7 días tras clic o 1 día tras visualización",3512.338093,0.611933,0.758825,1.325854
2026-05-07,2026-05-07,"Yamil | Campaña de Formularios - NO Argentina",inactive,,,,5000,Diario,0,0,0,"En curso","7 días tras clic o 1 día tras visualización",0,,0,0
2026-05-07,2026-05-07,"2. Campaña de Conversiones - Copia",inactive,,,,"Con el presupuesto del conjunto de anuncios",0,0,0,0,"En curso","7 días tras clic o 1 día tras visualización",0,,0,0
2026-05-07,2026-05-07,"7. Clientes potenciales - formulario - Copia",inactive,3,actions:lead,5553.10333333,"Con el presupuesto del conjunto de anuncios",0,16659.31,4015,3356,"En curso","7 días tras clic o 1 día tras visualización",4149.267746,0.747198,0.864124,1.120797
2026-05-07,2026-05-07,"5. Campaña de Seguidores",inactive,,,,"Con el presupuesto del conjunto de anuncios",0,1417.49,1507,1440,"En curso","Configuración de atribución múltiple",940.603849,1.725282,1.805556,2.189781
2026-05-07,2026-05-07,"Trafico Boxer web",inactive,,,,"Con el presupuesto del conjunto de anuncios",0,0,0,0,"En curso","7 días tras clic o 1 día tras visualización",0,,0,0
2026-05-07,2026-05-07,"Interacción Contenido - Feed",inactive,,,,"Con el presupuesto del conjunto de anuncios",0,0,0,0,"En curso","7 días tras clic o 1 día tras visualización",0,,0,0
2026-05-06,2026-05-06,"JY | Webinar Mostrador - 17 SEPT 2026",active,,,,"Con el presupuesto del conjunto de anuncios",0,0,0,0,"En curso","7 días tras clic o 1 día tras visualización",0,,0,0
2026-05-06,2026-05-06,"JY | Viajes Presenciales Luciana",active,,,,"Con el presupuesto del conjunto de anuncios",0,0,0,0,"En curso","7 días tras clic o 1 día tras visualización",0,,0,0
2026-05-06,2026-05-06,"JY | Interaccion Boxer Taller",inactive,,,,"Con el presupuesto del conjunto de anuncios",0,0,0,0,"En curso","7 días tras clic o 1 día tras visualización",0,,0,0
2026-05-06,2026-05-06,"JY | Awareness Boxer Taller",active,,,,"Con el presupuesto del conjunto de anuncios",0,0,0,0,"En curso","1 día tras clic",0,,0,0
2026-05-06,2026-05-06,"JY | Conversiones - Copia - Boton a WhatsApp",inactive,,,,"Con el presupuesto del conjunto de anuncios",0,0,0,0,"En curso","7 días tras clic o 1 día tras visualización",0,,0,0
2026-05-06,2026-05-06,"JY | Remarketing",active,,,,"Con el presupuesto del conjunto de anuncios",0,0,0,0,"En curso","7 días tras clic o 1 día tras visualización",0,,0,0
2026-05-06,2026-05-06,"JY | Conversiones",active,,,,"Con el presupuesto del conjunto de anuncios",0,0,0,0,"En curso","7 días tras clic o 1 día tras visualización",0,,0,0
2026-05-06,2026-05-06,"JY | Awareness",active,,,,"Con el presupuesto del conjunto de anuncios",0,0,0,0,"En curso","1 día tras clic",0,,0,0
2026-05-06,2026-05-06,"Clientes Potenciales - Alta Intencion GEM",inactive,,,,3500,Diario,0,0,0,"En curso","7 días tras clic o 1 día tras visualización",0,,0,0
2026-05-06,2026-05-06,"Yamil | Campaña de Formularios - CENTRO Argentina",inactive,3,actions:lead,4915.34333333,7000,Diario,14746.03,4573,3727,"En curso","7 días tras clic o 1 día tras visualización",3224.585611,0.52482,0.617118,1.027772
2026-05-06,2026-05-06,"Yamil | Campaña de Formularios - NO Argentina",inactive,,,,5000,Diario,0,0,0,"En curso","7 días tras clic o 1 día tras visualización",0,,0,0
2026-05-06,2026-05-06,"2. Campaña de Conversiones - Copia",inactive,,,,"Con el presupuesto del conjunto de anuncios",0,0,0,0,"En curso","7 días tras clic o 1 día tras visualización",0,,0,0
2026-05-06,2026-05-06,"7. Clientes potenciales - formulario - Copia",inactive,6,actions:lead,3818.47166667,"Con el presupuesto del conjunto de anuncios",0,22910.83,6717,5547,"En curso","7 días tras clic o 1 día tras visualización",3410.872413,0.565729,0.685055,0.923031
2026-05-06,2026-05-06,"5. Campaña de Seguidores",inactive,,,,"Con el presupuesto del conjunto de anuncios",0,1553.37,1279,1200,"En curso","Configuración de atribución múltiple",1214.519156,2.971071,3.083333,3.440188
2026-05-06,2026-05-06,"Trafico Boxer web",inactive,,,,"Con el presupuesto del conjunto de anuncios",0,0,0,0,"En curso","7 días tras clic o 1 día tras visualización",0,,0,0
2026-05-06,2026-05-06,"Interacción Contenido - Feed",inactive,,,,"Con el presupuesto del conjunto de anuncios",0,0,0,0,"En curso","7 días tras clic o 1 día tras visualización",0,,0,0
2026-05-05,2026-05-05,"JY | Webinar Mostrador - 17 SEPT 2026",active,,,,"Con el presupuesto del conjunto de anuncios",0,0,0,0,"En curso","7 días tras clic o 1 día tras visualización",0,,0,0
2026-05-05,2026-05-05,"JY | Viajes Presenciales Luciana",active,,,,"Con el presupuesto del conjunto de anuncios",0,0,0,0,"En curso","7 días tras clic o 1 día tras visualización",0,,0,0
2026-05-05,2026-05-05,"JY | Interaccion Boxer Taller",inactive,,,,"Con el presupuesto del conjunto de anuncios",0,0,0,0,"En curso","7 días tras clic o 1 día tras visualización",0,,0,0
2026-05-05,2026-05-05,"JY | Awareness Boxer Taller",active,,,,"Con el presupuesto del conjunto de anuncios",0,0,0,0,"En curso","1 día tras clic",0,,0,0
2026-05-05,2026-05-05,"JY | Conversiones - Copia - Boton a WhatsApp",inactive,,,,"Con el presupuesto del conjunto de anuncios",0,0,0,0,"En curso","7 días tras clic o 1 día tras visualización",0,,0,0
2026-05-05,2026-05-05,"JY | Remarketing",active,,,,"Con el presupuesto del conjunto de anuncios",0,0,0,0,"En curso","7 días tras clic o 1 día tras visualización",0,,0,0
2026-05-05,2026-05-05,"JY | Conversiones",active,,,,"Con el presupuesto del conjunto de anuncios",0,0,0,0,"En curso","7 días tras clic o 1 día tras visualización",0,,0,0
2026-05-05,2026-05-05,"JY | Awareness",active,,,,"Con el presupuesto del conjunto de anuncios",0,0,0,0,"En curso","1 día tras clic",0,,0,0
2026-05-05,2026-05-05,"Clientes Potenciales - Alta Intencion GEM",inactive,,,,3500,Diario,0,0,0,"En curso","7 días tras clic o 1 día tras visualización",0,,0,0
2026-05-05,2026-05-05,"Yamil | Campaña de Formularios - CENTRO Argentina",inactive,3,actions:lead,5303.09,7000,Diario,15909.27,4422,3660,"En curso","7 días tras clic o 1 día tras visualización",3597.75441,0.542741,0.57377,1.062867
2026-05-05,2026-05-05,"Yamil | Campaña de Formularios - NO Argentina",inactive,,,,5000,Diario,0,0,0,"En curso","7 días tras clic o 1 día tras visualización",0,,0,0
2026-05-05,2026-05-05,"2. Campaña de Conversiones - Copia",inactive,,,,"Con el presupuesto del conjunto de anuncios",0,0,0,0,"En curso","7 días tras clic o 1 día tras visualización",0,,0,0
2026-05-05,2026-05-05,"7. Clientes potenciales - formulario - Copia",inactive,9,actions:lead,2995.87666667,"Con el presupuesto del conjunto de anuncios",0,26962.89,7348,6075,"En curso","7 días tras clic o 1 día tras visualización",3669.418889,0.748503,0.855967,1.156777
2026-05-05,2026-05-05,"5. Campaña de Seguidores",inactive,,,,"Con el presupuesto del conjunto de anuncios",0,1524.17,844,809,"En curso","Configuración de atribución múltiple",1805.888626,3.554502,3.708282,3.554502
2026-05-05,2026-05-05,"Trafico Boxer web",inactive,,,,"Con el presupuesto del conjunto de anuncios",0,0,0,0,"En curso","7 días tras clic o 1 día tras visualización",0,,0,0
2026-05-05,2026-05-05,"Interacción Contenido - Feed",inactive,,,,"Con el presupuesto del conjunto de anuncios",0,0,0,0,"En curso","7 días tras clic o 1 día tras visualización",0,,0,0
2026-05-04,2026-05-04,"JY | Webinar Mostrador - 17 SEPT 2026",active,,,,"Con el presupuesto del conjunto de anuncios",0,0,0,0,"En curso","7 días tras clic o 1 día tras visualización",0,,0,0
2026-05-04,2026-05-04,"JY | Viajes Presenciales Luciana",active,,,,"Con el presupuesto del conjunto de anuncios",0,0,0,0,"En curso","7 días tras clic o 1 día tras visualización",0,,0,0
2026-05-04,2026-05-04,"JY | Interaccion Boxer Taller",inactive,,,,"Con el presupuesto del conjunto de anuncios",0,0,0,0,"En curso","7 días tras clic o 1 día tras visualización",0,,0,0
2026-05-04,2026-05-04,"JY | Awareness Boxer Taller",active,,,,"Con el presupuesto del conjunto de anuncios",0,0,0,0,"En curso","1 día tras clic",0,,0,0
2026-05-04,2026-05-04,"JY | Conversiones - Copia - Boton a WhatsApp",inactive,,,,"Con el presupuesto del conjunto de anuncios",0,0,0,0,"En curso","7 días tras clic o 1 día tras visualización",0,,0,0
2026-05-04,2026-05-04,"JY | Remarketing",active,,,,"Con el presupuesto del conjunto de anuncios",0,0,0,0,"En curso","7 días tras clic o 1 día tras visualización",0,,0,0
2026-05-04,2026-05-04,"JY | Conversiones",active,,,,"Con el presupuesto del conjunto de anuncios",0,0,0,0,"En curso","7 días tras clic o 1 día tras visualización",0,,0,0
2026-05-04,2026-05-04,"JY | Awareness",active,,,,"Con el presupuesto del conjunto de anuncios",0,0,0,0,"En curso","1 día tras clic",0,,0,0
2026-05-04,2026-05-04,"Clientes Potenciales - Alta Intencion GEM",inactive,,,,3500,Diario,0,0,0,"En curso","7 días tras clic o 1 día tras visualización",0,,0,0
2026-05-04,2026-05-04,"Yamil | Campaña de Formularios - CENTRO Argentina",inactive,6,actions:lead,2794.735,7000,Diario,16768.41,4248,3418,"En curso","7 días tras clic o 1 día tras visualización",3947.365819,0.729755,0.819193,1.224105
2026-05-04,2026-05-04,"Yamil | Campaña de Formularios - NO Argentina",inactive,,,,5000,Diario,0,0,0,"En curso","7 días tras clic o 1 día tras visualización",0,,0,0
2026-05-04,2026-05-04,"2. Campaña de Conversiones - Copia",inactive,,,,"Con el presupuesto del conjunto de anuncios",0,0,0,0,"En curso","7 días tras clic o 1 día tras visualización",0,,0,0
2026-05-04,2026-05-04,"7. Clientes potenciales - formulario - Copia",inactive,8,actions:lead,2660.16,"Con el presupuesto del conjunto de anuncios",0,21281.28,6125,4988,"En curso","7 días tras clic o 1 día tras visualización",3474.494694,0.522449,0.601443,0.897959
2026-05-04,2026-05-04,"5. Campaña de Seguidores",inactive,,,,"Con el presupuesto del conjunto de anuncios",0,1508.34,602,579,"En curso","Configuración de atribución múltiple",2505.548173,7.475083,7.772021,7.30897
2026-05-04,2026-05-04,"Trafico Boxer web",inactive,,,,"Con el presupuesto del conjunto de anuncios",0,0,0,0,"En curso","7 días tras clic o 1 día tras visualización",0,,0,0
2026-05-04,2026-05-04,"Interacción Contenido - Feed",inactive,,,,"Con el presupuesto del conjunto de anuncios",0,0,0,0,"En curso","7 días tras clic o 1 día tras visualización",0,,0,0
2026-05-03,2026-05-03,"JY | Webinar Mostrador - 17 SEPT 2026",active,,,,"Con el presupuesto del conjunto de anuncios",0,0,0,0,"En curso","7 días tras clic o 1 día tras visualización",0,,0,0
2026-05-03,2026-05-03,"JY | Viajes Presenciales Luciana",active,,,,"Con el presupuesto del conjunto de anuncios",0,0,0,0,"En curso","7 días tras clic o 1 día tras visualización",0,,0,0
2026-05-03,2026-05-03,"JY | Interaccion Boxer Taller",inactive,,,,"Con el presupuesto del conjunto de anuncios",0,0,0,0,"En curso","7 días tras clic o 1 día tras visualización",0,,0,0
2026-05-03,2026-05-03,"JY | Awareness Boxer Taller",active,,,,"Con el presupuesto del conjunto de anuncios",0,0,0,0,"En curso","1 día tras clic",0,,0,0
2026-05-03,2026-05-03,"JY | Conversiones - Copia - Boton a WhatsApp",inactive,,,,"Con el presupuesto del conjunto de anuncios",0,0,0,0,"En curso","7 días tras clic o 1 día tras visualización",0,,0,0
2026-05-03,2026-05-03,"JY | Remarketing",active,,,,"Con el presupuesto del conjunto de anuncios",0,0,0,0,"En curso","7 días tras clic o 1 día tras visualización",0,,0,0
2026-05-03,2026-05-03,"JY | Conversiones",active,,,,"Con el presupuesto del conjunto de anuncios",0,0,0,0,"En curso","7 días tras clic o 1 día tras visualización",0,,0,0
2026-05-03,2026-05-03,"JY | Awareness",active,,,,"Con el presupuesto del conjunto de anuncios",0,0,0,0,"En curso","1 día tras clic",0,,0,0
2026-05-03,2026-05-03,"Clientes Potenciales - Alta Intencion GEM",inactive,,,,3500,Diario,0,0,0,"En curso","7 días tras clic o 1 día tras visualización",0,,0,0
2026-05-03,2026-05-03,"Yamil | Campaña de Formularios - CENTRO Argentina",inactive,,,,7000,Diario,16049.96,4424,3656,"En curso","7 días tras clic o 1 día tras visualización",3627.929476,0.474684,0.574398,0.926763
2026-05-03,2026-05-03,"Yamil | Campaña de Formularios - NO Argentina",inactive,,,,5000,Diario,0,0,0,"En curso","7 días tras clic o 1 día tras visualización",0,,0,0
2026-05-03,2026-05-03,"2. Campaña de Conversiones - Copia",inactive,,,,"Con el presupuesto del conjunto de anuncios",0,0,0,0,"En curso","7 días tras clic o 1 día tras visualización",0,,0,0
2026-05-03,2026-05-03,"7. Clientes potenciales - formulario - Copia",inactive,8,actions:lead,3808.47875,"Con el presupuesto del conjunto de anuncios",0,30467.83,8402,6725,"En curso","7 días tras clic o 1 día tras visualización",3626.259224,0.761723,0.951673,1.344918
2026-05-03,2026-05-03,"5. Campaña de Seguidores",inactive,,,,"Con el presupuesto del conjunto de anuncios",0,1749.91,752,734,"En curso","Configuración de atribución múltiple",2327.007979,6.515957,6.675749,6.382979
2026-05-03,2026-05-03,"Trafico Boxer web",inactive,,,,"Con el presupuesto del conjunto de anuncios",0,0,0,0,"En curso","7 días tras clic o 1 día tras visualización",0,,0,0
2026-05-03,2026-05-03,"Interacción Contenido - Feed",inactive,,,,"Con el presupuesto del conjunto de anuncios",0,0,0,0,"En curso","7 días tras clic o 1 día tras visualización",0,,0,0
2026-05-02,2026-05-02,"JY | Webinar Mostrador - 17 SEPT 2026",active,,,,"Con el presupuesto del conjunto de anuncios",0,0,0,0,"En curso","7 días tras clic o 1 día tras visualización",0,,0,0
2026-05-02,2026-05-02,"JY | Viajes Presenciales Luciana",active,,,,"Con el presupuesto del conjunto de anuncios",0,0,0,0,"En curso","7 días tras clic o 1 día tras visualización",0,,0,0
2026-05-02,2026-05-02,"JY | Interaccion Boxer Taller",inactive,,,,"Con el presupuesto del conjunto de anuncios",0,0,0,0,"En curso","7 días tras clic o 1 día tras visualización",0,,0,0
2026-05-02,2026-05-02,"JY | Awareness Boxer Taller",active,,,,"Con el presupuesto del conjunto de anuncios",0,0,0,0,"En curso","1 día tras clic",0,,0,0
2026-05-02,2026-05-02,"JY | Conversiones - Copia - Boton a WhatsApp",inactive,,,,"Con el presupuesto del conjunto de anuncios",0,0,0,0,"En curso","7 días tras clic o 1 día tras visualización",0,,0,0
2026-05-02,2026-05-02,"JY | Remarketing",active,,,,"Con el presupuesto del conjunto de anuncios",0,0,0,0,"En curso","7 días tras clic o 1 día tras visualización",0,,0,0
2026-05-02,2026-05-02,"JY | Conversiones",active,,,,"Con el presupuesto del conjunto de anuncios",0,0,0,0,"En curso","7 días tras clic o 1 día tras visualización",0,,0,0
2026-05-02,2026-05-02,"JY | Awareness",active,,,,"Con el presupuesto del conjunto de anuncios",0,0,0,0,"En curso","1 día tras clic",0,,0,0
2026-05-02,2026-05-02,"Clientes Potenciales - Alta Intencion GEM",inactive,,,,3500,Diario,0,0,0,"En curso","7 días tras clic o 1 día tras visualización",0,,0,0
2026-05-02,2026-05-02,"Yamil | Campaña de Formularios - CENTRO Argentina",inactive,2,actions:lead,6942.23,7000,Diario,13884.46,3850,3221,"En curso","7 días tras clic o 1 día tras visualización",3606.353247,0.545455,0.651971,1.038961
2026-05-02,2026-05-02,"Yamil | Campaña de Formularios - NO Argentina",inactive,,,,5000,Diario,0,0,0,"En curso","7 días tras clic o 1 día tras visualización",0,,0,0
2026-05-02,2026-05-02,"2. Campaña de Conversiones - Copia",inactive,,,,"Con el presupuesto del conjunto de anuncios",0,0,0,0,"En curso","7 días tras clic o 1 día tras visualización",0,,0,0
2026-05-02,2026-05-02,"7. Clientes potenciales - formulario - Copia",inactive,6,actions:lead,4287.825,"Con el presupuesto del conjunto de anuncios",0,25726.95,7690,6243,"En curso","7 días tras clic o 1 día tras visualización",3345.507152,0.650195,0.784879,1.118336
2026-05-02,2026-05-02,"5. Campaña de Seguidores",inactive,,,,"Con el presupuesto del conjunto de anuncios",0,1276.29,699,674,"En curso","Configuración de atribución múltiple",1825.879828,5.579399,5.78635,5.865522
2026-05-02,2026-05-02,"Trafico Boxer web",inactive,,,,"Con el presupuesto del conjunto de anuncios",0,0,0,0,"En curso","7 días tras clic o 1 día tras visualización",0,,0,0
2026-05-02,2026-05-02,"Interacción Contenido - Feed",inactive,,,,"Con el presupuesto del conjunto de anuncios",0,0,0,0,"En curso","7 días tras clic o 1 día tras visualización",0,,0,0
2026-05-01,2026-05-01,"JY | Webinar Mostrador - 17 SEPT 2026",active,,,,"Con el presupuesto del conjunto de anuncios",0,0,0,0,"En curso","7 días tras clic o 1 día tras visualización",0,,0,0
2026-05-01,2026-05-01,"JY | Viajes Presenciales Luciana",active,,,,"Con el presupuesto del conjunto de anuncios",0,0,0,0,"En curso","7 días tras clic o 1 día tras visualización",0,,0,0
2026-05-01,2026-05-01,"JY | Interaccion Boxer Taller",inactive,,,,"Con el presupuesto del conjunto de anuncios",0,0,0,0,"En curso","7 días tras clic o 1 día tras visualización",0,,0,0
2026-05-01,2026-05-01,"JY | Awareness Boxer Taller",active,,,,"Con el presupuesto del conjunto de anuncios",0,0,0,0,"En curso","1 día tras clic",0,,0,0
2026-05-01,2026-05-01,"JY | Conversiones - Copia - Boton a WhatsApp",inactive,,,,"Con el presupuesto del conjunto de anuncios",0,0,0,0,"En curso","7 días tras clic o 1 día tras visualización",0,,0,0
2026-05-01,2026-05-01,"JY | Remarketing",active,,,,"Con el presupuesto del conjunto de anuncios",0,0,0,0,"En curso","7 días tras clic o 1 día tras visualización",0,,0,0
2026-05-01,2026-05-01,"JY | Conversiones",active,,,,"Con el presupuesto del conjunto de anuncios",0,0,0,0,"En curso","7 días tras clic o 1 día tras visualización",0,,0,0
2026-05-01,2026-05-01,"JY | Awareness",active,,,,"Con el presupuesto del conjunto de anuncios",0,0,0,0,"En curso","1 día tras clic",0,,0,0
2026-05-01,2026-05-01,"Clientes Potenciales - Alta Intencion GEM",inactive,,,,3500,Diario,0,0,0,"En curso","7 días tras clic o 1 día tras visualización",0,,0,0
2026-05-01,2026-05-01,"Yamil | Campaña de Formularios - CENTRO Argentina",inactive,1,actions:lead,15086.45,7000,Diario,15086.45,4671,3804,"En curso","7 días tras clic o 1 día tras visualización",3229.811604,0.513809,0.630915,0.877756
2026-05-01,2026-05-01,"Yamil | Campaña de Formularios - NO Argentina",inactive,,,,5000,Diario,0,0,0,"En curso","7 días tras clic o 1 día tras visualización",0,,0,0
2026-05-01,2026-05-01,"2. Campaña de Conversiones - Copia",inactive,,,,"Con el presupuesto del conjunto de anuncios",0,0,0,0,"En curso","7 días tras clic o 1 día tras visualización",0,,0,0
2026-05-01,2026-05-01,"7. Clientes potenciales - formulario - Copia",inactive,4,actions:lead,6154.0075,"Con el presupuesto del conjunto de anuncios",0,24616.03,7862,6114,"En curso","7 días tras clic o 1 día tras visualización",3131.013737,0.64869,0.801439,1.106589
2026-05-01,2026-05-01,"5. Campaña de Seguidores",inactive,,,,"Con el presupuesto del conjunto de anuncios",0,1696.93,1117,1098,"En curso","Configuración de atribución múltiple",1519.185318,3.133393,3.187614,3.312444
2026-05-01,2026-05-01,"Trafico Boxer web",inactive,,,,"Con el presupuesto del conjunto de anuncios",0,0,0,0,"En curso","7 días tras clic o 1 día tras visualización",0,,0,0
2026-05-01,2026-05-01,"Interacción Contenido - Feed",inactive,,,,"Con el presupuesto del conjunto de anuncios",0,0,0,0,"En curso","7 días tras clic o 1 día tras visualización",0,,0,0
2026-04-30,2026-04-30,"JY | Webinar Mostrador - 17 SEPT 2026",active,,,,"Con el presupuesto del conjunto de anuncios",0,0,0,0,"En curso","7 días tras clic o 1 día tras visualización",0,,0,0
2026-04-30,2026-04-30,"JY | Viajes Presenciales Luciana",active,,,,"Con el presupuesto del conjunto de anuncios",0,0,0,0,"En curso","7 días tras clic o 1 día tras visualización",0,,0,0
2026-04-30,2026-04-30,"JY | Interaccion Boxer Taller",inactive,,,,"Con el presupuesto del conjunto de anuncios",0,0,0,0,"En curso","7 días tras clic o 1 día tras visualización",0,,0,0
2026-04-30,2026-04-30,"JY | Awareness Boxer Taller",active,,,,"Con el presupuesto del conjunto de anuncios",0,0,0,0,"En curso","1 día tras clic",0,,0,0
2026-04-30,2026-04-30,"JY | Conversiones - Copia - Boton a WhatsApp",inactive,,,,"Con el presupuesto del conjunto de anuncios",0,0,0,0,"En curso","7 días tras clic o 1 día tras visualización",0,,0,0
2026-04-30,2026-04-30,"JY | Remarketing",active,,,,"Con el presupuesto del conjunto de anuncios",0,0,0,0,"En curso","7 días tras clic o 1 día tras visualización",0,,0,0
2026-04-30,2026-04-30,"JY | Conversiones",active,,,,"Con el presupuesto del conjunto de anuncios",0,0,0,0,"En curso","7 días tras clic o 1 día tras visualización",0,,0,0
2026-04-30,2026-04-30,"JY | Awareness",active,,,,"Con el presupuesto del conjunto de anuncios",0,0,0,0,"En curso","1 día tras clic",0,,0,0
2026-04-30,2026-04-30,"Clientes Potenciales - Alta Intencion GEM",inactive,,,,3500,Diario,0,0,0,"En curso","7 días tras clic o 1 día tras visualización",0,,0,0
2026-04-30,2026-04-30,"Yamil | Campaña de Formularios - CENTRO Argentina",inactive,2,actions:lead,6592.98,7000,Diario,13185.96,4040,3296,"En curso","7 días tras clic o 1 día tras visualización",3263.851485,0.569307,0.606796,1.014851
2026-04-30,2026-04-30,"Yamil | Campaña de Formularios - NO Argentina",inactive,,,,5000,Diario,0,0,0,"En curso","7 días tras clic o 1 día tras visualización",0,,0,0
2026-04-30,2026-04-30,"2. Campaña de Conversiones - Copia",inactive,,,,"Con el presupuesto del conjunto de anuncios",0,0,0,0,"En curso","7 días tras clic o 1 día tras visualización",0,,0,0
2026-04-30,2026-04-30,"7. Clientes potenciales - formulario - Copia",inactive,13,actions:lead,1677.43076923,"Con el presupuesto del conjunto de anuncios",0,21806.6,6452,4939,"En curso","7 días tras clic o 1 día tras visualización",3379.820211,0.604464,0.789634,1.146931
2026-04-30,2026-04-30,"5. Campaña de Seguidores",inactive,,,,"Con el presupuesto del conjunto de anuncios",0,1416.42,500,486,"En curso","Configuración de atribución múltiple",2832.84,6.4,6.584362,6.8
2026-04-30,2026-04-30,"Trafico Boxer web",inactive,,,,"Con el presupuesto del conjunto de anuncios",0,0,0,0,"En curso","7 días tras clic o 1 día tras visualización",0,,0,0
2026-04-30,2026-04-30,"Interacción Contenido - Feed",inactive,,,,"Con el presupuesto del conjunto de anuncios",0,0,0,0,"En curso","7 días tras clic o 1 día tras visualización",0,,0,0
2026-04-29,2026-04-29,"JY | Webinar Mostrador - 17 SEPT 2026",active,,,,"Con el presupuesto del conjunto de anuncios",0,0,0,0,"En curso","7 días tras clic o 1 día tras visualización",0,,0,0
2026-04-29,2026-04-29,"JY | Viajes Presenciales Luciana",active,,,,"Con el presupuesto del conjunto de anuncios",0,0,0,0,"En curso","7 días tras clic o 1 día tras visualización",0,,0,0
2026-04-29,2026-04-29,"JY | Interaccion Boxer Taller",inactive,,,,"Con el presupuesto del conjunto de anuncios",0,0,0,0,"En curso","7 días tras clic o 1 día tras visualización",0,,0,0
2026-04-29,2026-04-29,"JY | Awareness Boxer Taller",active,,,,"Con el presupuesto del conjunto de anuncios",0,0,0,0,"En curso","1 día tras clic",0,,0,0
2026-04-29,2026-04-29,"JY | Conversiones - Copia - Boton a WhatsApp",inactive,,,,"Con el presupuesto del conjunto de anuncios",0,0,0,0,"En curso","7 días tras clic o 1 día tras visualización",0,,0,0
2026-04-29,2026-04-29,"JY | Remarketing",active,,,,"Con el presupuesto del conjunto de anuncios",0,0,0,0,"En curso","7 días tras clic o 1 día tras visualización",0,,0,0
2026-04-29,2026-04-29,"JY | Conversiones",active,,,,"Con el presupuesto del conjunto de anuncios",0,0,0,0,"En curso","7 días tras clic o 1 día tras visualización",0,,0,0
2026-04-29,2026-04-29,"JY | Awareness",active,,,,"Con el presupuesto del conjunto de anuncios",0,0,0,0,"En curso","1 día tras clic",0,,0,0
2026-04-29,2026-04-29,"Clientes Potenciales - Alta Intencion GEM",inactive,,,,3500,Diario,0,0,0,"En curso","7 días tras clic o 1 día tras visualización",0,,0,0
2026-04-29,2026-04-29,"Yamil | Campaña de Formularios - CENTRO Argentina",inactive,2,actions:lead,8007.76,7000,Diario,16015.52,4399,3530,"En curso","7 días tras clic o 1 día tras visualización",3640.718345,0.500114,0.594901,1.068425
2026-04-29,2026-04-29,"Yamil | Campaña de Formularios - NO Argentina",inactive,,,,5000,Diario,0,0,0,"En curso","7 días tras clic o 1 día tras visualización",0,,0,0
2026-04-29,2026-04-29,"2. Campaña de Conversiones - Copia",inactive,,,,"Con el presupuesto del conjunto de anuncios",0,0,0,0,"En curso","7 días tras clic o 1 día tras visualización",0,,0,0
2026-04-29,2026-04-29,"7. Clientes potenciales - formulario - Copia",inactive,6,actions:lead,5183.655,"Con el presupuesto del conjunto de anuncios",0,31101.93,9197,7163,"En curso","7 días tras clic o 1 día tras visualización",3381.747309,0.565402,0.67011,1.11993
2026-04-29,2026-04-29,"5. Campaña de Seguidores",inactive,,,,"Con el presupuesto del conjunto de anuncios",0,1254.21,315,313,"En curso","Configuración de atribución múltiple",3981.619048,9.52381,9.584665,9.52381
2026-04-29,2026-04-29,"Trafico Boxer web",inactive,,,,"Con el presupuesto del conjunto de anuncios",0,0,0,0,"En curso","7 días tras clic o 1 día tras visualización",0,,0,0
2026-04-29,2026-04-29,"Interacción Contenido - Feed",inactive,,,,"Con el presupuesto del conjunto de anuncios",0,0,0,0,"En curso","7 días tras clic o 1 día tras visualización",0,,0,0
2026-04-28,2026-04-28,"JY | Webinar Mostrador - 17 SEPT 2026",active,,,,"Con el presupuesto del conjunto de anuncios",0,0,0,0,"En curso","7 días tras clic o 1 día tras visualización",0,,0,0
2026-04-28,2026-04-28,"JY | Viajes Presenciales Luciana",active,,,,"Con el presupuesto del conjunto de anuncios",0,0,0,0,"En curso","7 días tras clic o 1 día tras visualización",0,,0,0
2026-04-28,2026-04-28,"JY | Interaccion Boxer Taller",inactive,,,,"Con el presupuesto del conjunto de anuncios",0,0,0,0,"En curso","7 días tras clic o 1 día tras visualización",0,,0,0
2026-04-28,2026-04-28,"JY | Awareness Boxer Taller",active,,,,"Con el presupuesto del conjunto de anuncios",0,0,0,0,"En curso","1 día tras clic",0,,0,0
2026-04-28,2026-04-28,"JY | Conversiones - Copia - Boton a WhatsApp",inactive,,,,"Con el presupuesto del conjunto de anuncios",0,0,0,0,"En curso","7 días tras clic o 1 día tras visualización",0,,0,0
2026-04-28,2026-04-28,"JY | Remarketing",active,,,,"Con el presupuesto del conjunto de anuncios",0,0,0,0,"En curso","7 días tras clic o 1 día tras visualización",0,,0,0
2026-04-28,2026-04-28,"JY | Conversiones",active,,,,"Con el presupuesto del conjunto de anuncios",0,0,0,0,"En curso","7 días tras clic o 1 día tras visualización",0,,0,0
2026-04-28,2026-04-28,"JY | Awareness",active,,,,"Con el presupuesto del conjunto de anuncios",0,0,0,0,"En curso","1 día tras clic",0,,0,0
2026-04-28,2026-04-28,"Clientes Potenciales - Alta Intencion GEM",inactive,,,,3500,Diario,0,0,0,"En curso","7 días tras clic o 1 día tras visualización",0,,0,0
2026-04-28,2026-04-28,"Yamil | Campaña de Formularios - CENTRO Argentina",inactive,5,actions:lead,3405.698,7000,Diario,17028.49,4597,3662,"En curso","7 días tras clic o 1 día tras visualización",3704.261475,0.783119,0.955762,1.392212
2026-04-28,2026-04-28,"Yamil | Campaña de Formularios - NO Argentina",inactive,,,,5000,Diario,0,0,0,"En curso","7 días tras clic o 1 día tras visualización",0,,0,0
2026-04-28,2026-04-28,"2. Campaña de Conversiones - Copia",inactive,,,,"Con el presupuesto del conjunto de anuncios",0,0,0,0,"En curso","7 días tras clic o 1 día tras visualización",0,,0,0
2026-04-28,2026-04-28,"7. Clientes potenciales - formulario - Copia",inactive,4,actions:lead,4290.345,"Con el presupuesto del conjunto de anuncios",0,17161.38,5029,4402,"En curso","7 días tras clic o 1 día tras visualización",3412.483595,0.457347,0.52249,0.994233
2026-04-28,2026-04-28,"5. Campaña de Seguidores",inactive,,,,"Con el presupuesto del conjunto de anuncios",0,1390.23,358,358,"En curso","Configuración de atribución múltiple",3883.324022,10.055866,9.776536,9.497207
2026-04-28,2026-04-28,"Trafico Boxer web",inactive,,,,"Con el presupuesto del conjunto de anuncios",0,0,0,0,"En curso","7 días tras clic o 1 día tras visualización",0,,0,0
2026-04-28,2026-04-28,"Interacción Contenido - Feed",inactive,,,,"Con el presupuesto del conjunto de anuncios",0,0,0,0,"En curso","7 días tras clic o 1 día tras visualización",0,,0,0
2026-04-27,2026-04-27,"JY | Webinar Mostrador - 17 SEPT 2026",active,,,,"Con el presupuesto del conjunto de anuncios",0,0,0,0,"En curso","7 días tras clic o 1 día tras visualización",0,,0,0
2026-04-27,2026-04-27,"JY | Viajes Presenciales Luciana",active,,,,"Con el presupuesto del conjunto de anuncios",0,0,0,0,"En curso","7 días tras clic o 1 día tras visualización",0,,0,0
2026-04-27,2026-04-27,"JY | Interaccion Boxer Taller",inactive,,,,"Con el presupuesto del conjunto de anuncios",0,0,0,0,"En curso","7 días tras clic o 1 día tras visualización",0,,0,0
2026-04-27,2026-04-27,"JY | Awareness Boxer Taller",active,,,,"Con el presupuesto del conjunto de anuncios",0,0,0,0,"En curso","1 día tras clic",0,,0,0
2026-04-27,2026-04-27,"JY | Conversiones - Copia - Boton a WhatsApp",inactive,,,,"Con el presupuesto del conjunto de anuncios",0,0,0,0,"En curso","7 días tras clic o 1 día tras visualización",0,,0,0
2026-04-27,2026-04-27,"JY | Remarketing",active,,,,"Con el presupuesto del conjunto de anuncios",0,0,0,0,"En curso","7 días tras clic o 1 día tras visualización",0,,0,0
2026-04-27,2026-04-27,"JY | Conversiones",active,,,,"Con el presupuesto del conjunto de anuncios",0,0,0,0,"En curso","7 días tras clic o 1 día tras visualización",0,,0,0
2026-04-27,2026-04-27,"JY | Awareness",active,,,,"Con el presupuesto del conjunto de anuncios",0,0,0,0,"En curso","1 día tras clic",0,,0,0
2026-04-27,2026-04-27,"Clientes Potenciales - Alta Intencion GEM",inactive,,,,3500,Diario,0,0,0,"En curso","7 días tras clic o 1 día tras visualización",0,,0,0
2026-04-27,2026-04-27,"Yamil | Campaña de Formularios - CENTRO Argentina",inactive,2,actions:lead,7349.945,7000,Diario,14699.89,4130,3463,"En curso","7 días tras clic o 1 día tras visualización",3559.2954,0.605327,0.664164,1.065375
2026-04-27,2026-04-27,"Yamil | Campaña de Formularios - NO Argentina",inactive,,,,5000,Diario,0,0,0,"En curso","7 días tras clic o 1 día tras visualización",0,,0,0
2026-04-27,2026-04-27,"2. Campaña de Conversiones - Copia",inactive,,,,"Con el presupuesto del conjunto de anuncios",0,0,0,0,"En curso","7 días tras clic o 1 día tras visualización",0,,0,0
2026-04-27,2026-04-27,"7. Clientes potenciales - formulario - Copia",inactive,3,actions:lead,3282.13,"Con el presupuesto del conjunto de anuncios",0,9846.39,3015,2725,"En curso","7 días tras clic o 1 día tras visualización",3265.800995,0.431177,0.477064,0.862355
2026-04-27,2026-04-27,"5. Campaña de Seguidores",inactive,,,,"Con el presupuesto del conjunto de anuncios",0,1683.01,532,499,"En curso","Configuración de atribución múltiple",3163.552632,8.082707,8.416834,7.706767
2026-04-27,2026-04-27,"Trafico Boxer web",inactive,,,,"Con el presupuesto del conjunto de anuncios",0,0,0,0,"En curso","7 días tras clic o 1 día tras visualización",0,,0,0
2026-04-27,2026-04-27,"Interacción Contenido - Feed",inactive,,,,"Con el presupuesto del conjunto de anuncios",0,0,0,0,"En curso","7 días tras clic o 1 día tras visualización",0,,0,0
2026-04-26,2026-04-26,"JY | Webinar Mostrador - 17 SEPT 2026",active,,,,"Con el presupuesto del conjunto de anuncios",0,0,0,0,"En curso","7 días tras clic o 1 día tras visualización",0,,0,0
2026-04-26,2026-04-26,"JY | Viajes Presenciales Luciana",active,,,,"Con el presupuesto del conjunto de anuncios",0,0,0,0,"En curso","7 días tras clic o 1 día tras visualización",0,,0,0
2026-04-26,2026-04-26,"JY | Interaccion Boxer Taller",inactive,,,,"Con el presupuesto del conjunto de anuncios",0,0,0,0,"En curso","7 días tras clic o 1 día tras visualización",0,,0,0
2026-04-26,2026-04-26,"JY | Awareness Boxer Taller",active,,,,"Con el presupuesto del conjunto de anuncios",0,0,0,0,"En curso","1 día tras clic",0,,0,0
2026-04-26,2026-04-26,"JY | Conversiones - Copia - Boton a WhatsApp",inactive,,,,"Con el presupuesto del conjunto de anuncios",0,0,0,0,"En curso","7 días tras clic o 1 día tras visualización",0,,0,0
2026-04-26,2026-04-26,"JY | Remarketing",active,,,,"Con el presupuesto del conjunto de anuncios",0,0,0,0,"En curso","7 días tras clic o 1 día tras visualización",0,,0,0
2026-04-26,2026-04-26,"JY | Conversiones",active,,,,"Con el presupuesto del conjunto de anuncios",0,0,0,0,"En curso","7 días tras clic o 1 día tras visualización",0,,0,0
2026-04-26,2026-04-26,"JY | Awareness",active,,,,"Con el presupuesto del conjunto de anuncios",0,0,0,0,"En curso","1 día tras clic",0,,0,0
2026-04-26,2026-04-26,"Clientes Potenciales - Alta Intencion GEM",inactive,,,,3500,Diario,0,0,0,"En curso","7 días tras clic o 1 día tras visualización",0,,0,0
2026-04-26,2026-04-26,"Yamil | Campaña de Formularios - CENTRO Argentina",inactive,2,actions:lead,7259.405,7000,Diario,14518.81,3888,3063,"En curso","7 días tras clic o 1 día tras visualización",3734.261831,0.565844,0.71825,1.183128
2026-04-26,2026-04-26,"Yamil | Campaña de Formularios - NO Argentina",inactive,,,,5000,Diario,0,0,0,"En curso","7 días tras clic o 1 día tras visualización",0,,0,0
2026-04-26,2026-04-26,"2. Campaña de Conversiones - Copia",inactive,,,,"Con el presupuesto del conjunto de anuncios",0,0,0,0,"En curso","7 días tras clic o 1 día tras visualización",0,,0,0
2026-04-26,2026-04-26,"7. Clientes potenciales - formulario - Copia",inactive,2,actions:lead,8013.885,"Con el presupuesto del conjunto de anuncios",0,16027.77,4678,3958,"En curso","7 días tras clic o 1 día tras visualización",3426.201368,0.51304,0.606367,1.111586
2026-04-26,2026-04-26,"5. Campaña de Seguidores",inactive,,,,"Con el presupuesto del conjunto de anuncios",0,1779.28,429,419,"En curso","Configuración de atribución múltiple",4147.505828,10.955711,10.97852,10.48951
2026-04-26,2026-04-26,"Trafico Boxer web",inactive,,,,"Con el presupuesto del conjunto de anuncios",0,0,0,0,"En curso","7 días tras clic o 1 día tras visualización",0,,0,0
2026-04-26,2026-04-26,"Interacción Contenido - Feed",inactive,,,,"Con el presupuesto del conjunto de anuncios",0,0,0,0,"En curso","7 días tras clic o 1 día tras visualización",0,,0,0
2026-04-25,2026-04-25,"JY | Webinar Mostrador - 17 SEPT 2026",active,,,,"Con el presupuesto del conjunto de anuncios",0,0,0,0,"En curso","7 días tras clic o 1 día tras visualización",0,,0,0
2026-04-25,2026-04-25,"JY | Viajes Presenciales Luciana",active,,,,"Con el presupuesto del conjunto de anuncios",0,0,0,0,"En curso","7 días tras clic o 1 día tras visualización",0,,0,0
2026-04-25,2026-04-25,"JY | Interaccion Boxer Taller",inactive,,,,"Con el presupuesto del conjunto de anuncios",0,0,0,0,"En curso","7 días tras clic o 1 día tras visualización",0,,0,0
2026-04-25,2026-04-25,"JY | Awareness Boxer Taller",active,,,,"Con el presupuesto del conjunto de anuncios",0,0,0,0,"En curso","1 día tras clic",0,,0,0
2026-04-25,2026-04-25,"JY | Conversiones - Copia - Boton a WhatsApp",inactive,,,,"Con el presupuesto del conjunto de anuncios",0,0,0,0,"En curso","7 días tras clic o 1 día tras visualización",0,,0,0
2026-04-25,2026-04-25,"JY | Remarketing",active,,,,"Con el presupuesto del conjunto de anuncios",0,0,0,0,"En curso","7 días tras clic o 1 día tras visualización",0,,0,0
2026-04-25,2026-04-25,"JY | Conversiones",active,,,,"Con el presupuesto del conjunto de anuncios",0,0,0,0,"En curso","7 días tras clic o 1 día tras visualización",0,,0,0
2026-04-25,2026-04-25,"JY | Awareness",active,,,,"Con el presupuesto del conjunto de anuncios",0,0,0,0,"En curso","1 día tras clic",0,,0,0
2026-04-25,2026-04-25,"Clientes Potenciales - Alta Intencion GEM",inactive,,,,3500,Diario,0,0,0,"En curso","7 días tras clic o 1 día tras visualización",0,,0,0
2026-04-25,2026-04-25,"Yamil | Campaña de Formularios - CENTRO Argentina",inactive,5,actions:lead,3011.44,7000,Diario,15057.2,4529,3627,"En curso","7 días tras clic o 1 día tras visualización",3324.619121,0.839037,0.992556,1.523515
2026-04-25,2026-04-25,"Yamil | Campaña de Formularios - NO Argentina",inactive,,,,5000,Diario,0,0,0,"En curso","7 días tras clic o 1 día tras visualización",0,,0,0
2026-04-25,2026-04-25,"2. Campaña de Conversiones - Copia",inactive,,,,"Con el presupuesto del conjunto de anuncios",0,0,0,0,"En curso","7 días tras clic o 1 día tras visualización",0,,0,0
2026-04-25,2026-04-25,"7. Clientes potenciales - formulario - Copia",inactive,10,actions:lead,1417.287,"Con el presupuesto del conjunto de anuncios",0,14172.87,4302,3594,"En curso","7 días tras clic o 1 día tras visualización",3294.483961,0.83682,1.001669,1.696885
2026-04-25,2026-04-25,"5. Campaña de Seguidores",inactive,,,,"Con el presupuesto del conjunto de anuncios",0,1320.24,336,329,"En curso","Configuración de atribución múltiple",3929.285714,11.011905,11.246201,10.416667
2026-04-25,2026-04-25,"Trafico Boxer web",inactive,,,,"Con el presupuesto del conjunto de anuncios",0,0,0,0,"En curso","7 días tras clic o 1 día tras visualización",0,,0,0
2026-04-25,2026-04-25,"Interacción Contenido - Feed",inactive,,,,"Con el presupuesto del conjunto de anuncios",0,0,0,0,"En curso","7 días tras clic o 1 día tras visualización",0,,0,0
2026-04-24,2026-04-24,"JY | Webinar Mostrador - 17 SEPT 2026",active,,,,"Con el presupuesto del conjunto de anuncios",0,0,0,0,"En curso","7 días tras clic o 1 día tras visualización",0,,0,0
2026-04-24,2026-04-24,"JY | Viajes Presenciales Luciana",active,,,,"Con el presupuesto del conjunto de anuncios",0,0,0,0,"En curso","7 días tras clic o 1 día tras visualización",0,,0,0
2026-04-24,2026-04-24,"JY | Interaccion Boxer Taller",inactive,,,,"Con el presupuesto del conjunto de anuncios",0,0,0,0,"En curso","7 días tras clic o 1 día tras visualización",0,,0,0
2026-04-24,2026-04-24,"JY | Awareness Boxer Taller",active,,,,"Con el presupuesto del conjunto de anuncios",0,0,0,0,"En curso","1 día tras clic",0,,0,0
2026-04-24,2026-04-24,"JY | Conversiones - Copia - Boton a WhatsApp",inactive,,,,"Con el presupuesto del conjunto de anuncios",0,0,0,0,"En curso","7 días tras clic o 1 día tras visualización",0,,0,0
2026-04-24,2026-04-24,"JY | Remarketing",active,,,,"Con el presupuesto del conjunto de anuncios",0,0,0,0,"En curso","7 días tras clic o 1 día tras visualización",0,,0,0
2026-04-24,2026-04-24,"JY | Conversiones",active,,,,"Con el presupuesto del conjunto de anuncios",0,0,0,0,"En curso","7 días tras clic o 1 día tras visualización",0,,0,0
2026-04-24,2026-04-24,"JY | Awareness",active,,,,"Con el presupuesto del conjunto de anuncios",0,0,0,0,"En curso","1 día tras clic",0,,0,0
2026-04-24,2026-04-24,"Clientes Potenciales - Alta Intencion GEM",inactive,,,,3500,Diario,0,0,0,"En curso","7 días tras clic o 1 día tras visualización",0,,0,0
2026-04-24,2026-04-24,"Yamil | Campaña de Formularios - CENTRO Argentina",inactive,1,actions:lead,7616.91,7000,Diario,7616.91,2501,2102,"En curso","7 días tras clic o 1 día tras visualización",3045.545782,0.759696,0.856327,1.519392
2026-04-24,2026-04-24,"Yamil | Campaña de Formularios - NO Argentina",inactive,,,,5000,Diario,0,0,0,"En curso","7 días tras clic o 1 día tras visualización",0,,0,0
2026-04-24,2026-04-24,"2. Campaña de Conversiones - Copia",inactive,,,,"Con el presupuesto del conjunto de anuncios",0,0,0,0,"En curso","7 días tras clic o 1 día tras visualización",0,,0,0
2026-04-24,2026-04-24,"7. Clientes potenciales - formulario - Copia",inactive,3,actions:lead,3883.72666667,"Con el presupuesto del conjunto de anuncios",0,11651.18,4106,3301,"En curso","7 días tras clic o 1 día tras visualización",2837.598636,0.58451,0.727052,1.21773
2026-04-24,2026-04-24,"5. Campaña de Seguidores",inactive,,,,"Con el presupuesto del conjunto de anuncios",0,1518.7,410,390,"En curso","Configuración de atribución múltiple",3704.146341,8.780488,9.230769,9.02439
2026-04-24,2026-04-24,"Trafico Boxer web",inactive,,,,"Con el presupuesto del conjunto de anuncios",0,0,0,0,"En curso","7 días tras clic o 1 día tras visualización",0,,0,0
2026-04-24,2026-04-24,"Interacción Contenido - Feed",inactive,,,,"Con el presupuesto del conjunto de anuncios",0,0,0,0,"En curso","7 días tras clic o 1 día tras visualización",0,,0,0
2026-04-23,2026-04-23,"JY | Webinar Mostrador - 17 SEPT 2026",active,,,,"Con el presupuesto del conjunto de anuncios",0,0,0,0,"En curso","7 días tras clic o 1 día tras visualización",0,,0,0
2026-04-23,2026-04-23,"JY | Viajes Presenciales Luciana",active,,,,"Con el presupuesto del conjunto de anuncios",0,0,0,0,"En curso","7 días tras clic o 1 día tras visualización",0,,0,0
2026-04-23,2026-04-23,"JY | Interaccion Boxer Taller",inactive,,,,"Con el presupuesto del conjunto de anuncios",0,0,0,0,"En curso","7 días tras clic o 1 día tras visualización",0,,0,0
2026-04-23,2026-04-23,"JY | Awareness Boxer Taller",active,,,,"Con el presupuesto del conjunto de anuncios",0,0,0,0,"En curso","1 día tras clic",0,,0,0
2026-04-23,2026-04-23,"JY | Conversiones - Copia - Boton a WhatsApp",inactive,,,,"Con el presupuesto del conjunto de anuncios",0,0,0,0,"En curso","7 días tras clic o 1 día tras visualización",0,,0,0
2026-04-23,2026-04-23,"JY | Remarketing",active,,,,"Con el presupuesto del conjunto de anuncios",0,0,0,0,"En curso","7 días tras clic o 1 día tras visualización",0,,0,0
2026-04-23,2026-04-23,"JY | Conversiones",active,,,,"Con el presupuesto del conjunto de anuncios",0,0,0,0,"En curso","7 días tras clic o 1 día tras visualización",0,,0,0
2026-04-23,2026-04-23,"JY | Awareness",active,,,,"Con el presupuesto del conjunto de anuncios",0,0,0,0,"En curso","1 día tras clic",0,,0,0
2026-04-23,2026-04-23,"Clientes Potenciales - Alta Intencion GEM",inactive,,,,3500,Diario,0,0,0,"En curso","7 días tras clic o 1 día tras visualización",0,,0,0
2026-04-23,2026-04-23,"Yamil | Campaña de Formularios - CENTRO Argentina",inactive,2,actions:lead,5194.975,7000,Diario,10389.95,3551,2798,"En curso","7 días tras clic o 1 día tras visualización",2925.922275,0.816671,1.000715,1.436215
2026-04-23,2026-04-23,"Yamil | Campaña de Formularios - NO Argentina",inactive,,,,5000,Diario,0,0,0,"En curso","7 días tras clic o 1 día tras visualización",0,,0,0
2026-04-23,2026-04-23,"2. Campaña de Conversiones - Copia",inactive,,,,"Con el presupuesto del conjunto de anuncios",0,0,0,0,"En curso","7 días tras clic o 1 día tras visualización",0,,0,0
2026-04-23,2026-04-23,"7. Clientes potenciales - formulario - Copia",inactive,5,actions:lead,2951.63,"Con el presupuesto del conjunto de anuncios",0,14758.15,5621,4440,"En curso","7 días tras clic o 1 día tras visualización",2625.53816,0.533713,0.608108,1.120797
2026-04-23,2026-04-23,"5. Campaña de Seguidores",inactive,,,,"Con el presupuesto del conjunto de anuncios",0,1468.69,428,403,"En curso","Configuración de atribución múltiple",3431.518692,10.981308,11.414392,10.280374
2026-04-23,2026-04-23,"Trafico Boxer web",inactive,,,,"Con el presupuesto del conjunto de anuncios",0,0,0,0,"En curso","7 días tras clic o 1 día tras visualización",0,,0,0
2026-04-23,2026-04-23,"Interacción Contenido - Feed",inactive,,,,"Con el presupuesto del conjunto de anuncios",0,0,0,0,"En curso","7 días tras clic o 1 día tras visualización",0,,0,0
2026-04-22,2026-04-22,"JY | Webinar Mostrador - 17 SEPT 2026",active,,,,"Con el presupuesto del conjunto de anuncios",0,0,0,0,"En curso","7 días tras clic o 1 día tras visualización",0,,0,0
2026-04-22,2026-04-22,"JY | Viajes Presenciales Luciana",active,,,,"Con el presupuesto del conjunto de anuncios",0,0,0,0,"En curso","7 días tras clic o 1 día tras visualización",0,,0,0
2026-04-22,2026-04-22,"JY | Interaccion Boxer Taller",inactive,,,,"Con el presupuesto del conjunto de anuncios",0,0,0,0,"En curso","7 días tras clic o 1 día tras visualización",0,,0,0
2026-04-22,2026-04-22,"JY | Awareness Boxer Taller",active,,,,"Con el presupuesto del conjunto de anuncios",0,0,0,0,"En curso","1 día tras clic",0,,0,0
2026-04-22,2026-04-22,"JY | Conversiones - Copia - Boton a WhatsApp",inactive,,,,"Con el presupuesto del conjunto de anuncios",0,0,0,0,"En curso","7 días tras clic o 1 día tras visualización",0,,0,0
2026-04-22,2026-04-22,"JY | Remarketing",active,,,,"Con el presupuesto del conjunto de anuncios",0,0,0,0,"En curso","7 días tras clic o 1 día tras visualización",0,,0,0
2026-04-22,2026-04-22,"JY | Conversiones",active,,,,"Con el presupuesto del conjunto de anuncios",0,0,0,0,"En curso","7 días tras clic o 1 día tras visualización",0,,0,0
2026-04-22,2026-04-22,"JY | Awareness",active,,,,"Con el presupuesto del conjunto de anuncios",0,0,0,0,"En curso","1 día tras clic",0,,0,0
2026-04-22,2026-04-22,"Clientes Potenciales - Alta Intencion GEM",inactive,,,,3500,Diario,0,0,0,"En curso","7 días tras clic o 1 día tras visualización",0,,0,0
2026-04-22,2026-04-22,"Yamil | Campaña de Formularios - CENTRO Argentina",inactive,10,actions:lead,1878.722,7000,Diario,18787.22,6176,4076,"En curso","7 días tras clic o 1 día tras visualización",3041.97215,0.793394,1.177625,1.602979
2026-04-22,2026-04-22,"Yamil | Campaña de Formularios - NO Argentina",inactive,,,,5000,Diario,0,0,0,"En curso","7 días tras clic o 1 día tras visualización",0,,0,0
2026-04-22,2026-04-22,"2. Campaña de Conversiones - Copia",inactive,,,,"Con el presupuesto del conjunto de anuncios",0,0,0,0,"En curso","7 días tras clic o 1 día tras visualización",0,,0,0
2026-04-22,2026-04-22,"7. Clientes potenciales - formulario - Copia",inactive,7,actions:lead,2132.60571429,"Con el presupuesto del conjunto de anuncios",0,14928.24,5435,3829,"En curso","7 días tras clic o 1 día tras visualización",2746.686293,0.515179,0.731261,1.01196
2026-04-22,2026-04-22,"5. Campaña de Seguidores",inactive,,,,"Con el presupuesto del conjunto de anuncios",0,1374.45,771,746,"En curso","Configuración de atribución múltiple",1782.684825,4.928664,4.959786,4.539559
2026-04-22,2026-04-22,"Trafico Boxer web",inactive,,,,"Con el presupuesto del conjunto de anuncios",0,0,0,0,"En curso","7 días tras clic o 1 día tras visualización",0,,0,0
2026-04-22,2026-04-22,"Interacción Contenido - Feed",inactive,,,,"Con el presupuesto del conjunto de anuncios",0,0,0,0,"En curso","7 días tras clic o 1 día tras visualización",0,,0,0
2026-04-21,2026-04-21,"JY | Webinar Mostrador - 17 SEPT 2026",active,,,,"Con el presupuesto del conjunto de anuncios",0,0,0,0,"En curso","7 días tras clic o 1 día tras visualización",0,,0,0
2026-04-21,2026-04-21,"JY | Viajes Presenciales Luciana",active,,,,"Con el presupuesto del conjunto de anuncios",0,0,0,0,"En curso","7 días tras clic o 1 día tras visualización",0,,0,0
2026-04-21,2026-04-21,"JY | Interaccion Boxer Taller",inactive,,,,"Con el presupuesto del conjunto de anuncios",0,0,0,0,"En curso","7 días tras clic o 1 día tras visualización",0,,0,0
2026-04-21,2026-04-21,"JY | Awareness Boxer Taller",active,,,,"Con el presupuesto del conjunto de anuncios",0,0,0,0,"En curso","1 día tras clic",0,,0,0
2026-04-21,2026-04-21,"JY | Conversiones - Copia - Boton a WhatsApp",inactive,,,,"Con el presupuesto del conjunto de anuncios",0,0,0,0,"En curso","7 días tras clic o 1 día tras visualización",0,,0,0
2026-04-21,2026-04-21,"JY | Remarketing",active,,,,"Con el presupuesto del conjunto de anuncios",0,0,0,0,"En curso","7 días tras clic o 1 día tras visualización",0,,0,0
2026-04-21,2026-04-21,"JY | Conversiones",active,,,,"Con el presupuesto del conjunto de anuncios",0,0,0,0,"En curso","7 días tras clic o 1 día tras visualización",0,,0,0
2026-04-21,2026-04-21,"JY | Awareness",active,,,,"Con el presupuesto del conjunto de anuncios",0,0,0,0,"En curso","1 día tras clic",0,,0,0
2026-04-21,2026-04-21,"Clientes Potenciales - Alta Intencion GEM",inactive,,,,3500,Diario,2699.44,754,678,"En curso","7 días tras clic o 1 día tras visualización",3580.159151,0.397878,0.442478,0.928382
2026-04-21,2026-04-21,"Yamil | Campaña de Formularios - CENTRO Argentina",inactive,4,actions:lead,4628.0175,7000,Diario,18512.07,6639,4551,"En curso","7 días tras clic o 1 día tras visualización",2788.382286,0.692875,0.944847,1.430938
2026-04-21,2026-04-21,"Yamil | Campaña de Formularios - NO Argentina",inactive,,,,5000,Diario,2913.99,901,803,"En curso","7 días tras clic o 1 día tras visualización",3234.173141,0.221976,0.249066,0.887902
2026-04-21,2026-04-21,"2. Campaña de Conversiones - Copia",inactive,,,,"Con el presupuesto del conjunto de anuncios",0,0,0,0,"En curso","7 días tras clic o 1 día tras visualización",0,,0,0
2026-04-21,2026-04-21,"7. Clientes potenciales - formulario - Copia",inactive,2,actions:lead,6617.955,"Con el presupuesto del conjunto de anuncios",0,13235.91,4550,3493,"En curso","7 días tras clic o 1 día tras visualización",2908.991209,0.549451,0.65846,1.142857
2026-04-21,2026-04-21,"5. Campaña de Seguidores",inactive,,,,"Con el presupuesto del conjunto de anuncios",0,1492.58,640,621,"En curso","Configuración de atribución múltiple",2332.15625,7.1875,7.407407,6.71875
2026-04-21,2026-04-21,"Trafico Boxer web",inactive,,,,"Con el presupuesto del conjunto de anuncios",0,0,0,0,"En curso","7 días tras clic o 1 día tras visualización",0,,0,0
2026-04-21,2026-04-21,"Interacción Contenido - Feed",inactive,,,,"Con el presupuesto del conjunto de anuncios",0,0,0,0,"En curso","7 días tras clic o 1 día tras visualización",0,,0,0
2026-04-20,2026-04-20,"JY | Webinar Mostrador - 17 SEPT 2026",active,,,,"Con el presupuesto del conjunto de anuncios",0,0,0,0,"En curso","7 días tras clic o 1 día tras visualización",0,,0,0
2026-04-20,2026-04-20,"JY | Viajes Presenciales Luciana",active,,,,"Con el presupuesto del conjunto de anuncios",0,0,0,0,"En curso","7 días tras clic o 1 día tras visualización",0,,0,0
2026-04-20,2026-04-20,"JY | Interaccion Boxer Taller",inactive,,,,"Con el presupuesto del conjunto de anuncios",0,0,0,0,"En curso","7 días tras clic o 1 día tras visualización",0,,0,0
2026-04-20,2026-04-20,"JY | Awareness Boxer Taller",active,,,,"Con el presupuesto del conjunto de anuncios",0,0,0,0,"En curso","1 día tras clic",0,,0,0
2026-04-20,2026-04-20,"JY | Conversiones - Copia - Boton a WhatsApp",inactive,,,,"Con el presupuesto del conjunto de anuncios",0,0,0,0,"En curso","7 días tras clic o 1 día tras visualización",0,,0,0
2026-04-20,2026-04-20,"JY | Remarketing",active,,,,"Con el presupuesto del conjunto de anuncios",0,0,0,0,"En curso","7 días tras clic o 1 día tras visualización",0,,0,0
2026-04-20,2026-04-20,"JY | Conversiones",active,,,,"Con el presupuesto del conjunto de anuncios",0,0,0,0,"En curso","7 días tras clic o 1 día tras visualización",0,,0,0
2026-04-20,2026-04-20,"JY | Awareness",active,,,,"Con el presupuesto del conjunto de anuncios",0,0,0,0,"En curso","1 día tras clic",0,,0,0
2026-04-20,2026-04-20,"Clientes Potenciales - Alta Intencion GEM",inactive,,,,3500,Diario,3204.52,1079,947,"En curso","7 días tras clic o 1 día tras visualización",2969.898054,0.741427,0.844773,1.482854
2026-04-20,2026-04-20,"Yamil | Campaña de Formularios - CENTRO Argentina",inactive,4,actions:lead,4214.8275,7000,Diario,16859.31,6500,5315,"En curso","7 días tras clic o 1 día tras visualización",2593.74,0.230769,0.28222,0.584615
2026-04-20,2026-04-20,"Yamil | Campaña de Formularios - NO Argentina",inactive,,,,5000,Diario,5602.11,2106,1835,"En curso","7 días tras clic o 1 día tras visualización",2660.071225,0.237417,0.27248,0.569801
2026-04-20,2026-04-20,"2. Campaña de Conversiones - Copia",inactive,,,,"Con el presupuesto del conjunto de anuncios",0,0,0,0,"En curso","7 días tras clic o 1 día tras visualización",0,,0,0
2026-04-20,2026-04-20,"7. Clientes potenciales - formulario - Copia",inactive,5,actions:lead,2161.062,"Con el presupuesto del conjunto de anuncios",0,10805.31,3305,2732,"En curso","7 días tras clic o 1 día tras visualización",3269.382753,0.574887,0.658858,1.270802
2026-04-20,2026-04-20,"5. Campaña de Seguidores",inactive,,,,"Con el presupuesto del conjunto de anuncios",0,1464.91,734,681,"En curso","Configuración de atribución múltiple",1995.790191,7.220708,7.63583,7.220708
2026-04-20,2026-04-20,"Trafico Boxer web",inactive,,,,"Con el presupuesto del conjunto de anuncios",0,0,0,0,"En curso","7 días tras clic o 1 día tras visualización",0,,0,0
2026-04-20,2026-04-20,"Interacción Contenido - Feed",inactive,,,,"Con el presupuesto del conjunto de anuncios",0,0,0,0,"En curso","7 días tras clic o 1 día tras visualización",0,,0,0
2026-04-19,2026-04-19,"JY | Webinar Mostrador - 17 SEPT 2026",active,,,,"Con el presupuesto del conjunto de anuncios",0,0,0,0,"En curso","7 días tras clic o 1 día tras visualización",0,,0,0
2026-04-19,2026-04-19,"JY | Viajes Presenciales Luciana",active,,,,"Con el presupuesto del conjunto de anuncios",0,0,0,0,"En curso","7 días tras clic o 1 día tras visualización",0,,0,0
2026-04-19,2026-04-19,"JY | Interaccion Boxer Taller",inactive,,,,"Con el presupuesto del conjunto de anuncios",0,0,0,0,"En curso","7 días tras clic o 1 día tras visualización",0,,0,0
2026-04-19,2026-04-19,"JY | Awareness Boxer Taller",active,,,,"Con el presupuesto del conjunto de anuncios",0,0,0,0,"En curso","1 día tras clic",0,,0,0
2026-04-19,2026-04-19,"JY | Conversiones - Copia - Boton a WhatsApp",inactive,,,,"Con el presupuesto del conjunto de anuncios",0,0,0,0,"En curso","7 días tras clic o 1 día tras visualización",0,,0,0
2026-04-19,2026-04-19,"JY | Remarketing",active,,,,"Con el presupuesto del conjunto de anuncios",0,0,0,0,"En curso","7 días tras clic o 1 día tras visualización",0,,0,0
2026-04-19,2026-04-19,"JY | Conversiones",active,,,,"Con el presupuesto del conjunto de anuncios",0,0,0,0,"En curso","7 días tras clic o 1 día tras visualización",0,,0,0
2026-04-19,2026-04-19,"JY | Awareness",active,,,,"Con el presupuesto del conjunto de anuncios",0,0,0,0,"En curso","1 día tras clic",0,,0,0
2026-04-19,2026-04-19,"Clientes Potenciales - Alta Intencion GEM",inactive,,,,3500,Diario,3539.22,1060,983,"En curso","7 días tras clic o 1 día tras visualización",3338.886792,0.471698,0.508647,0.849057
2026-04-19,2026-04-19,"Yamil | Campaña de Formularios - CENTRO Argentina",inactive,3,actions:lead,5356.05666667,7000,Diario,16068.17,5188,4116,"En curso","7 días tras clic o 1 día tras visualización",3097.180031,0.346955,0.437318,0.886662
2026-04-19,2026-04-19,"Yamil | Campaña de Formularios - NO Argentina",inactive,2,actions:lead,2775.63,5000,Diario,5551.26,1635,1438,"En curso","7 días tras clic o 1 día tras visualización",3395.266055,0.30581,0.347705,0.978593
2026-04-19,2026-04-19,"2. Campaña de Conversiones - Copia",inactive,,,,"Con el presupuesto del conjunto de anuncios",0,0,0,0,"En curso","7 días tras clic o 1 día tras visualización",0,,0,0
2026-04-19,2026-04-19,"7. Clientes potenciales - formulario - Copia",inactive,1,actions:lead,12406.92,"Con el presupuesto del conjunto de anuncios",0,12406.92,2995,2684,"En curso","7 días tras clic o 1 día tras visualización",4142.54424,0.534224,0.596125,0.934891
2026-04-19,2026-04-19,"5. Campaña de Seguidores",inactive,,,,"Con el presupuesto del conjunto de anuncios",0,1847.05,873,850,"En curso","Configuración de atribución múltiple",2115.750286,4.352806,4.470588,4.238259
2026-04-19,2026-04-19,"Trafico Boxer web",inactive,,,,"Con el presupuesto del conjunto de anuncios",0,0,0,0,"En curso","7 días tras clic o 1 día tras visualización",0,,0,0
2026-04-19,2026-04-19,"Interacción Contenido - Feed",inactive,,,,"Con el presupuesto del conjunto de anuncios",0,0,0,0,"En curso","7 días tras clic o 1 día tras visualización",0,,0,0
2026-04-18,2026-04-18,"JY | Webinar Mostrador - 17 SEPT 2026",active,,,,"Con el presupuesto del conjunto de anuncios",0,0,0,0,"En curso","7 días tras clic o 1 día tras visualización",0,,0,0
2026-04-18,2026-04-18,"JY | Viajes Presenciales Luciana",active,,,,"Con el presupuesto del conjunto de anuncios",0,0,0,0,"En curso","7 días tras clic o 1 día tras visualización",0,,0,0
2026-04-18,2026-04-18,"JY | Interaccion Boxer Taller",inactive,,,,"Con el presupuesto del conjunto de anuncios",0,0,0,0,"En curso","7 días tras clic o 1 día tras visualización",0,,0,0
2026-04-18,2026-04-18,"JY | Awareness Boxer Taller",active,,,,"Con el presupuesto del conjunto de anuncios",0,0,0,0,"En curso","1 día tras clic",0,,0,0
2026-04-18,2026-04-18,"JY | Conversiones - Copia - Boton a WhatsApp",inactive,,,,"Con el presupuesto del conjunto de anuncios",0,0,0,0,"En curso","7 días tras clic o 1 día tras visualización",0,,0,0
2026-04-18,2026-04-18,"JY | Remarketing",active,,,,"Con el presupuesto del conjunto de anuncios",0,0,0,0,"En curso","7 días tras clic o 1 día tras visualización",0,,0,0
2026-04-18,2026-04-18,"JY | Conversiones",active,,,,"Con el presupuesto del conjunto de anuncios",0,0,0,0,"En curso","7 días tras clic o 1 día tras visualización",0,,0,0
2026-04-18,2026-04-18,"JY | Awareness",active,,,,"Con el presupuesto del conjunto de anuncios",0,0,0,0,"En curso","1 día tras clic",0,,0,0
2026-04-18,2026-04-18,"Clientes Potenciales - Alta Intencion GEM",inactive,,,,3500,Diario,3371.29,940,841,"En curso","7 días tras clic o 1 día tras visualización",3586.478723,0.851064,0.832342,1.170213
2026-04-18,2026-04-18,"Yamil | Campaña de Formularios - CENTRO Argentina",inactive,3,actions:lead,4675.24333333,7000,Diario,14025.73,4664,3881,"En curso","7 días tras clic o 1 día tras visualización",3007.23199,0.407376,0.463798,0.879074
2026-04-18,2026-04-18,"Yamil | Campaña de Formularios - NO Argentina",inactive,,,,5000,Diario,5309.41,1653,1404,"En curso","7 días tras clic o 1 día tras visualización",3211.984271,0.423472,0.498576,0.604961
2026-04-18,2026-04-18,"2. Campaña de Conversiones - Copia",inactive,,,,"Con el presupuesto del conjunto de anuncios",0,0,0,0,"En curso","7 días tras clic o 1 día tras visualización",0,,0,0
2026-04-18,2026-04-18,"7. Clientes potenciales - formulario - Copia",inactive,1,actions:lead,9526.65,"Con el presupuesto del conjunto de anuncios",0,9526.65,2633,2356,"En curso","7 días tras clic o 1 día tras visualización",3618.173186,0.493733,0.509338,1.139385
2026-04-18,2026-04-18,"5. Campaña de Seguidores",inactive,,,,"Con el presupuesto del conjunto de anuncios",0,1615.48,630,605,"En curso","Configuración de atribución múltiple",2564.253968,6.825397,6.61157,6.666667
2026-04-18,2026-04-18,"Trafico Boxer web",inactive,,,,"Con el presupuesto del conjunto de anuncios",0,0,0,0,"En curso","7 días tras clic o 1 día tras visualización",0,,0,0
2026-04-18,2026-04-18,"Interacción Contenido - Feed",inactive,,,,"Con el presupuesto del conjunto de anuncios",0,0,0,0,"En curso","7 días tras clic o 1 día tras visualización",0,,0,0
2026-04-17,2026-04-17,"JY | Webinar Mostrador - 17 SEPT 2026",active,,,,"Con el presupuesto del conjunto de anuncios",0,0,0,0,"En curso","7 días tras clic o 1 día tras visualización",0,,0,0
2026-04-17,2026-04-17,"JY | Viajes Presenciales Luciana",active,,,,"Con el presupuesto del conjunto de anuncios",0,0,0,0,"En curso","7 días tras clic o 1 día tras visualización",0,,0,0
2026-04-17,2026-04-17,"JY | Interaccion Boxer Taller",inactive,,,,"Con el presupuesto del conjunto de anuncios",0,0,0,0,"En curso","7 días tras clic o 1 día tras visualización",0,,0,0
2026-04-17,2026-04-17,"JY | Awareness Boxer Taller",active,,,,"Con el presupuesto del conjunto de anuncios",0,0,0,0,"En curso","1 día tras clic",0,,0,0
2026-04-17,2026-04-17,"JY | Conversiones - Copia - Boton a WhatsApp",inactive,,,,"Con el presupuesto del conjunto de anuncios",0,0,0,0,"En curso","7 días tras clic o 1 día tras visualización",0,,0,0
2026-04-17,2026-04-17,"JY | Remarketing",active,,,,"Con el presupuesto del conjunto de anuncios",0,0,0,0,"En curso","7 días tras clic o 1 día tras visualización",0,,0,0
2026-04-17,2026-04-17,"JY | Conversiones",active,,,,"Con el presupuesto del conjunto de anuncios",0,0,0,0,"En curso","7 días tras clic o 1 día tras visualización",0,,0,0
2026-04-17,2026-04-17,"JY | Awareness",active,,,,"Con el presupuesto del conjunto de anuncios",0,0,0,0,"En curso","1 día tras clic",0,,0,0
2026-04-17,2026-04-17,"Clientes Potenciales - Alta Intencion GEM",inactive,,,,3500,Diario,3035.66,722,645,"En curso","7 días tras clic o 1 día tras visualización",4204.515235,0.969529,1.085271,1.800554
2026-04-17,2026-04-17,"Yamil | Campaña de Formularios - CENTRO Argentina",inactive,3,actions:lead,4230.63,7000,Diario,12691.89,4571,3771,"En curso","7 días tras clic o 1 día tras visualización",2776.611245,0.459418,0.530363,0.984467
2026-04-17,2026-04-17,"Yamil | Campaña de Formularios - NO Argentina",inactive,,,,5000,Diario,3523.44,1294,1150,"En curso","7 días tras clic o 1 día tras visualización",2722.905719,0.463679,0.434783,0.850077
2026-04-17,2026-04-17,"2. Campaña de Conversiones - Copia",inactive,,,,"Con el presupuesto del conjunto de anuncios",0,0,0,0,"En curso","7 días tras clic o 1 día tras visualización",0,,0,0
2026-04-17,2026-04-17,"7. Clientes potenciales - formulario - Copia",inactive,3,actions:lead,2968.49,"Con el presupuesto del conjunto de anuncios",0,8905.47,2659,2380,"En curso","7 días tras clic o 1 día tras visualización",3349.180143,0.714554,0.798319,1.090636
2026-04-17,2026-04-17,"5. Campaña de Seguidores",inactive,,,,"Con el presupuesto del conjunto de anuncios",0,1228.87,642,621,"En curso","Configuración de atribución múltiple",1914.127726,3.115265,3.059581,3.115265
2026-04-17,2026-04-17,"Trafico Boxer web",inactive,,,,"Con el presupuesto del conjunto de anuncios",0,0,0,0,"En curso","7 días tras clic o 1 día tras visualización",0,,0,0
2026-04-17,2026-04-17,"Interacción Contenido - Feed",inactive,,,,"Con el presupuesto del conjunto de anuncios",0,0,0,0,"En curso","7 días tras clic o 1 día tras visualización",0,,0,0
2026-04-16,2026-04-16,"JY | Webinar Mostrador - 17 SEPT 2026",active,,,,"Con el presupuesto del conjunto de anuncios",0,0,0,0,"En curso","7 días tras clic o 1 día tras visualización",0,,0,0
2026-04-16,2026-04-16,"JY | Viajes Presenciales Luciana",active,,,,"Con el presupuesto del conjunto de anuncios",0,0,0,0,"En curso","7 días tras clic o 1 día tras visualización",0,,0,0
2026-04-16,2026-04-16,"JY | Interaccion Boxer Taller",inactive,,,,"Con el presupuesto del conjunto de anuncios",0,0,0,0,"En curso","7 días tras clic o 1 día tras visualización",0,,0,0
2026-04-16,2026-04-16,"JY | Awareness Boxer Taller",active,,,,"Con el presupuesto del conjunto de anuncios",0,0,0,0,"En curso","1 día tras clic",0,,0,0
2026-04-16,2026-04-16,"JY | Conversiones - Copia - Boton a WhatsApp",inactive,,,,"Con el presupuesto del conjunto de anuncios",0,0,0,0,"En curso","7 días tras clic o 1 día tras visualización",0,,0,0
2026-04-16,2026-04-16,"JY | Remarketing",active,,,,"Con el presupuesto del conjunto de anuncios",0,0,0,0,"En curso","7 días tras clic o 1 día tras visualización",0,,0,0
2026-04-16,2026-04-16,"JY | Conversiones",active,,,,"Con el presupuesto del conjunto de anuncios",0,0,0,0,"En curso","7 días tras clic o 1 día tras visualización",0,,0,0
2026-04-16,2026-04-16,"JY | Awareness",active,,,,"Con el presupuesto del conjunto de anuncios",0,0,0,0,"En curso","1 día tras clic",0,,0,0
2026-04-16,2026-04-16,"Clientes Potenciales - Alta Intencion GEM",inactive,,,,3500,Diario,2748.77,948,873,"En curso","7 días tras clic o 1 día tras visualización",2899.546414,0.21097,0.229095,1.054852
2026-04-16,2026-04-16,"Yamil | Campaña de Formularios - CENTRO Argentina",inactive,6,actions:lead,2105.705,7000,Diario,12634.23,4605,3908,"En curso","7 días tras clic o 1 día tras visualización",2743.589577,0.477742,0.537359,1.259501
2026-04-16,2026-04-16,"Yamil | Campaña de Formularios - NO Argentina",inactive,2,actions:lead,2478.435,5000,Diario,4956.87,2192,1935,"En curso","7 días tras clic o 1 día tras visualización",2261.345803,0.182482,0.206718,0.684307
2026-04-16,2026-04-16,"2. Campaña de Conversiones - Copia",inactive,,,,"Con el presupuesto del conjunto de anuncios",0,0,0,0,"En curso","7 días tras clic o 1 día tras visualización",0,,0,0
2026-04-16,2026-04-16,"7. Clientes potenciales - formulario - Copia",inactive,3,actions:lead,3262.87,"Con el presupuesto del conjunto de anuncios",0,9788.61,2761,2452,"En curso","7 días tras clic o 1 día tras visualización",3545.313292,0.325969,0.367047,1.159
2026-04-16,2026-04-16,"5. Campaña de Seguidores",inactive,,,,"Con el presupuesto del conjunto de anuncios",0,1438.78,638,612,"En curso","Configuración de atribución múltiple",2255.141066,4.702194,4.738562,5.172414
2026-04-16,2026-04-16,"Trafico Boxer web",inactive,,,,"Con el presupuesto del conjunto de anuncios",0,0,0,0,"En curso","7 días tras clic o 1 día tras visualización",0,,0,0
2026-04-16,2026-04-16,"Interacción Contenido - Feed",inactive,,,,"Con el presupuesto del conjunto de anuncios",0,0,0,0,"En curso","7 días tras clic o 1 día tras visualización",0,,0,0
2026-04-15,2026-04-15,"JY | Webinar Mostrador - 17 SEPT 2026",active,,,,"Con el presupuesto del conjunto de anuncios",0,0,0,0,"En curso","7 días tras clic o 1 día tras visualización",0,,0,0
2026-04-15,2026-04-15,"JY | Viajes Presenciales Luciana",active,,,,"Con el presupuesto del conjunto de anuncios",0,0,0,0,"En curso","7 días tras clic o 1 día tras visualización",0,,0,0
2026-04-15,2026-04-15,"JY | Interaccion Boxer Taller",inactive,,,,"Con el presupuesto del conjunto de anuncios",0,0,0,0,"En curso","7 días tras clic o 1 día tras visualización",0,,0,0
2026-04-15,2026-04-15,"JY | Awareness Boxer Taller",active,,,,"Con el presupuesto del conjunto de anuncios",0,0,0,0,"En curso","1 día tras clic",0,,0,0
2026-04-15,2026-04-15,"JY | Conversiones - Copia - Boton a WhatsApp",inactive,,,,"Con el presupuesto del conjunto de anuncios",0,0,0,0,"En curso","7 días tras clic o 1 día tras visualización",0,,0,0
2026-04-15,2026-04-15,"JY | Remarketing",active,,,,"Con el presupuesto del conjunto de anuncios",0,0,0,0,"En curso","7 días tras clic o 1 día tras visualización",0,,0,0
2026-04-15,2026-04-15,"JY | Conversiones",active,,,,"Con el presupuesto del conjunto de anuncios",0,0,0,0,"En curso","7 días tras clic o 1 día tras visualización",0,,0,0
2026-04-15,2026-04-15,"JY | Awareness",active,,,,"Con el presupuesto del conjunto de anuncios",0,0,0,0,"En curso","1 día tras clic",0,,0,0
2026-04-15,2026-04-15,"Clientes Potenciales - Alta Intencion GEM",inactive,1,actions:lead,3744.47,3500,Diario,3744.47,1112,995,"En curso","7 días tras clic o 1 día tras visualización",3367.329137,0.629496,0.703518,1.258993
2026-04-15,2026-04-15,"Yamil | Campaña de Formularios - CENTRO Argentina",inactive,2,actions:lead,9057.665,7000,Diario,18115.33,5326,4164,"En curso","7 días tras clic o 1 día tras visualización",3401.301164,0.22531,0.288184,0.544499
2026-04-15,2026-04-15,"Yamil | Campaña de Formularios - NO Argentina",inactive,1,actions:lead,5535.64,5000,Diario,5535.64,1927,1661,"En curso","7 días tras clic o 1 día tras visualización",2872.672548,0.363259,0.421433,0.830306
2026-04-15,2026-04-15,"2. Campaña de Conversiones - Copia",inactive,,,,"Con el presupuesto del conjunto de anuncios",0,0,0,0,"En curso","7 días tras clic o 1 día tras visualización",0,,0,0
2026-04-15,2026-04-15,"7. Clientes potenciales - formulario - Copia",inactive,3,actions:lead,2886.13,"Con el presupuesto del conjunto de anuncios",0,8658.39,2736,2431,"En curso","7 días tras clic o 1 día tras visualización",3164.616228,0.694444,0.740436,1.169591
2026-04-15,2026-04-15,"5. Campaña de Seguidores",inactive,,,,"Con el presupuesto del conjunto de anuncios",0,1507.51,639,605,"En curso","Configuración de atribución múltiple",2359.170579,6.885759,7.272727,7.355243
2026-04-15,2026-04-15,"Trafico Boxer web",inactive,,,,"Con el presupuesto del conjunto de anuncios",0,0,0,0,"En curso","7 días tras clic o 1 día tras visualización",0,,0,0
2026-04-15,2026-04-15,"Interacción Contenido - Feed",inactive,,,,"Con el presupuesto del conjunto de anuncios",0,0,0,0,"En curso","7 días tras clic o 1 día tras visualización",0,,0,0
2026-04-14,2026-04-14,"JY | Webinar Mostrador - 17 SEPT 2026",active,,,,"Con el presupuesto del conjunto de anuncios",0,0,0,0,"En curso","7 días tras clic o 1 día tras visualización",0,,0,0
2026-04-14,2026-04-14,"JY | Viajes Presenciales Luciana",active,,,,"Con el presupuesto del conjunto de anuncios",0,0,0,0,"En curso","7 días tras clic o 1 día tras visualización",0,,0,0
2026-04-14,2026-04-14,"JY | Interaccion Boxer Taller",inactive,,,,"Con el presupuesto del conjunto de anuncios",0,0,0,0,"En curso","7 días tras clic o 1 día tras visualización",0,,0,0
2026-04-14,2026-04-14,"JY | Awareness Boxer Taller",active,,,,"Con el presupuesto del conjunto de anuncios",0,0,0,0,"En curso","1 día tras clic",0,,0,0
2026-04-14,2026-04-14,"JY | Conversiones - Copia - Boton a WhatsApp",inactive,,,,"Con el presupuesto del conjunto de anuncios",0,0,0,0,"En curso","7 días tras clic o 1 día tras visualización",0,,0,0
2026-04-14,2026-04-14,"JY | Remarketing",active,,,,"Con el presupuesto del conjunto de anuncios",0,0,0,0,"En curso","7 días tras clic o 1 día tras visualización",0,,0,0
2026-04-14,2026-04-14,"JY | Conversiones",active,,,,"Con el presupuesto del conjunto de anuncios",0,0,0,0,"En curso","7 días tras clic o 1 día tras visualización",0,,0,0
2026-04-14,2026-04-14,"JY | Awareness",active,,,,"Con el presupuesto del conjunto de anuncios",0,0,0,0,"En curso","1 día tras clic",0,,0,0
2026-04-14,2026-04-14,"Clientes Potenciales - Alta Intencion GEM",inactive,2,actions:lead,1978.24,3500,Diario,3956.48,1378,1198,"En curso","7 días tras clic o 1 día tras visualización",2871.175617,0.943396,1.085142,1.523948
2026-04-14,2026-04-14,"Yamil | Campaña de Formularios - CENTRO Argentina",inactive,2,actions:lead,7843.28,7000,Diario,15686.56,5304,4381,"En curso","7 días tras clic o 1 día tras visualización",2957.496229,0.320513,0.388039,0.71644
2026-04-14,2026-04-14,"Yamil | Campaña de Formularios - NO Argentina",inactive,2,actions:lead,2504.775,5000,Diario,5009.55,1763,1426,"En curso","7 días tras clic o 1 día tras visualización",2841.491775,0.340329,0.420757,0.907544
2026-04-14,2026-04-14,"2. Campaña de Conversiones - Copia",inactive,,,,"Con el presupuesto del conjunto de anuncios",0,0,0,0,"En curso","7 días tras clic o 1 día tras visualización",0,,0,0
2026-04-14,2026-04-14,"7. Clientes potenciales - formulario - Copia",inactive,1,actions:lead,9619.95,"Con el presupuesto del conjunto de anuncios",0,9619.95,2845,2532,"En curso","7 días tras clic o 1 día tras visualización",3381.353251,0.632689,0.7109,1.089631
2026-04-14,2026-04-14,"5. Campaña de Seguidores",inactive,,,,"Con el presupuesto del conjunto de anuncios",0,1508.72,747,737,"En curso","Configuración de atribución múltiple",2019.705489,4.149933,4.206242,4.953146
2026-04-14,2026-04-14,"Trafico Boxer web",inactive,,,,"Con el presupuesto del conjunto de anuncios",0,0,0,0,"En curso","7 días tras clic o 1 día tras visualización",0,,0,0
2026-04-14,2026-04-14,"Interacción Contenido - Feed",inactive,,,,"Con el presupuesto del conjunto de anuncios",0,0,0,0,"En curso","7 días tras clic o 1 día tras visualización",0,,0,0
2026-04-13,2026-04-13,"JY | Webinar Mostrador - 17 SEPT 2026",active,,,,"Con el presupuesto del conjunto de anuncios",0,0,0,0,"En curso","7 días tras clic o 1 día tras visualización",0,,0,0
2026-04-13,2026-04-13,"JY | Viajes Presenciales Luciana",active,,,,"Con el presupuesto del conjunto de anuncios",0,0,0,0,"En curso","7 días tras clic o 1 día tras visualización",0,,0,0
2026-04-13,2026-04-13,"JY | Interaccion Boxer Taller",inactive,,,,"Con el presupuesto del conjunto de anuncios",0,0,0,0,"En curso","7 días tras clic o 1 día tras visualización",0,,0,0
2026-04-13,2026-04-13,"JY | Awareness Boxer Taller",active,,,,"Con el presupuesto del conjunto de anuncios",0,0,0,0,"En curso","1 día tras clic",0,,0,0
2026-04-13,2026-04-13,"JY | Conversiones - Copia - Boton a WhatsApp",inactive,,,,"Con el presupuesto del conjunto de anuncios",0,0,0,0,"En curso","7 días tras clic o 1 día tras visualización",0,,0,0
2026-04-13,2026-04-13,"JY | Remarketing",active,,,,"Con el presupuesto del conjunto de anuncios",0,0,0,0,"En curso","7 días tras clic o 1 día tras visualización",0,,0,0
2026-04-13,2026-04-13,"JY | Conversiones",active,,,,"Con el presupuesto del conjunto de anuncios",0,0,0,0,"En curso","7 días tras clic o 1 día tras visualización",0,,0,0
2026-04-13,2026-04-13,"JY | Awareness",active,,,,"Con el presupuesto del conjunto de anuncios",0,0,0,0,"En curso","1 día tras clic",0,,0,0
2026-04-13,2026-04-13,"Clientes Potenciales - Alta Intencion GEM",inactive,2,actions:lead,1899.595,3500,Diario,3799.19,1393,1258,"En curso","7 días tras clic o 1 día tras visualización",2727.343862,0.358938,0.397456,0.86145
2026-04-13,2026-04-13,"Yamil | Campaña de Formularios - CENTRO Argentina",inactive,1,actions:lead,14001.6,7000,Diario,14001.6,4769,3899,"En curso","7 días tras clic o 1 día tras visualización",2935.961417,0.356469,0.436009,0.712938
2026-04-13,2026-04-13,"Yamil | Campaña de Formularios - NO Argentina",inactive,1,actions:lead,5728.93,5000,Diario,5728.93,2025,1682,"En curso","7 días tras clic o 1 día tras visualización",2829.101235,0.592593,0.59453,1.135802
2026-04-13,2026-04-13,"2. Campaña de Conversiones - Copia",inactive,,,,"Con el presupuesto del conjunto de anuncios",0,0,0,0,"En curso","7 días tras clic o 1 día tras visualización",0,,0,0
2026-04-13,2026-04-13,"7. Clientes potenciales - formulario - Copia",inactive,3,actions:lead,3847.35,"Con el presupuesto del conjunto de anuncios",0,11542.05,3761,3109,"En curso","7 días tras clic o 1 día tras visualización",3068.877958,0.452007,0.5468,0.983781
2026-04-13,2026-04-13,"5. Campaña de Seguidores",inactive,,,,"Con el presupuesto del conjunto de anuncios",0,1427.41,569,546,"En curso","Configuración de atribución múltiple",2508.629174,5.975395,5.860806,5.623902
2026-04-13,2026-04-13,"Trafico Boxer web",inactive,,,,"Con el presupuesto del conjunto de anuncios",0,0,0,0,"En curso","7 días tras clic o 1 día tras visualización",0,,0,0
2026-04-13,2026-04-13,"Interacción Contenido - Feed",inactive,,,,"Con el presupuesto del conjunto de anuncios",0,0,0,0,"En curso","7 días tras clic o 1 día tras visualización",0,,0,0
2026-04-12,2026-04-12,"JY | Webinar Mostrador - 17 SEPT 2026",active,,,,"Con el presupuesto del conjunto de anuncios",0,0,0,0,"En curso","7 días tras clic o 1 día tras visualización",0,,0,0
2026-04-12,2026-04-12,"JY | Viajes Presenciales Luciana",active,,,,"Con el presupuesto del conjunto de anuncios",0,0,0,0,"En curso","7 días tras clic o 1 día tras visualización",0,,0,0
2026-04-12,2026-04-12,"JY | Interaccion Boxer Taller",inactive,,,,"Con el presupuesto del conjunto de anuncios",0,0,0,0,"En curso","7 días tras clic o 1 día tras visualización",0,,0,0
2026-04-12,2026-04-12,"JY | Awareness Boxer Taller",active,,,,"Con el presupuesto del conjunto de anuncios",0,0,0,0,"En curso","1 día tras clic",0,,0,0
2026-04-12,2026-04-12,"JY | Conversiones - Copia - Boton a WhatsApp",inactive,,,,"Con el presupuesto del conjunto de anuncios",0,0,0,0,"En curso","7 días tras clic o 1 día tras visualización",0,,0,0
2026-04-12,2026-04-12,"JY | Remarketing",active,,,,"Con el presupuesto del conjunto de anuncios",0,0,0,0,"En curso","7 días tras clic o 1 día tras visualización",0,,0,0
2026-04-12,2026-04-12,"JY | Conversiones",active,,,,"Con el presupuesto del conjunto de anuncios",0,0,0,0,"En curso","7 días tras clic o 1 día tras visualización",0,,0,0
2026-04-12,2026-04-12,"JY | Awareness",active,,,,"Con el presupuesto del conjunto de anuncios",0,0,0,0,"En curso","1 día tras clic",0,,0,0
2026-04-12,2026-04-12,"Clientes Potenciales - Alta Intencion GEM",inactive,1,actions:lead,3677.05,3500,Diario,3677.05,958,928,"En curso","7 días tras clic o 1 día tras visualización",3838.256785,0.626305,0.646552,1.148225
2026-04-12,2026-04-12,"Yamil | Campaña de Formularios - CENTRO Argentina",inactive,4,actions:lead,4414.44,7000,Diario,17657.76,5356,4162,"En curso","7 días tras clic o 1 día tras visualización",3296.818521,0.410754,0.504565,1.008215
2026-04-12,2026-04-12,"Yamil | Campaña de Formularios - NO Argentina",inactive,1,actions:lead,4748.95,5000,Diario,4748.95,1799,1558,"En curso","7 días tras clic o 1 día tras visualización",2639.772096,0.389105,0.449294,0.833797
2026-04-12,2026-04-12,"2. Campaña de Conversiones - Copia",inactive,,,,"Con el presupuesto del conjunto de anuncios",0,0,0,0,"En curso","7 días tras clic o 1 día tras visualización",0,,0,0
2026-04-12,2026-04-12,"7. Clientes potenciales - formulario - Copia",inactive,8,actions:lead,1410.87875,"Con el presupuesto del conjunto de anuncios",0,11287.03,3622,3100,"En curso","7 días tras clic o 1 día tras visualización",3116.242408,0.855881,0.967742,1.684152
2026-04-12,2026-04-12,"5. Campaña de Seguidores",inactive,,,,"Con el presupuesto del conjunto de anuncios",0,1762.81,791,763,"En curso","Configuración de atribución múltiple",2228.584071,6.19469,6.422018,6.321113
2026-04-12,2026-04-12,"Trafico Boxer web",inactive,,,,"Con el presupuesto del conjunto de anuncios",0,0,0,0,"En curso","7 días tras clic o 1 día tras visualización",0,,0,0
2026-04-12,2026-04-12,"Interacción Contenido - Feed",inactive,,,,"Con el presupuesto del conjunto de anuncios",0,0,0,0,"En curso","7 días tras clic o 1 día tras visualización",0,,0,0
2026-04-11,2026-04-11,"JY | Webinar Mostrador - 17 SEPT 2026",active,,,,"Con el presupuesto del conjunto de anuncios",0,0,0,0,"En curso","7 días tras clic o 1 día tras visualización",0,,0,0
2026-04-11,2026-04-11,"JY | Viajes Presenciales Luciana",active,,,,"Con el presupuesto del conjunto de anuncios",0,0,0,0,"En curso","7 días tras clic o 1 día tras visualización",0,,0,0
2026-04-11,2026-04-11,"JY | Interaccion Boxer Taller",inactive,,,,"Con el presupuesto del conjunto de anuncios",0,0,0,0,"En curso","7 días tras clic o 1 día tras visualización",0,,0,0
2026-04-11,2026-04-11,"JY | Awareness Boxer Taller",active,,,,"Con el presupuesto del conjunto de anuncios",0,0,0,0,"En curso","1 día tras clic",0,,0,0
2026-04-11,2026-04-11,"JY | Conversiones - Copia - Boton a WhatsApp",inactive,,,,"Con el presupuesto del conjunto de anuncios",0,0,0,0,"En curso","7 días tras clic o 1 día tras visualización",0,,0,0
2026-04-11,2026-04-11,"JY | Remarketing",active,,,,"Con el presupuesto del conjunto de anuncios",0,0,0,0,"En curso","7 días tras clic o 1 día tras visualización",0,,0,0
2026-04-11,2026-04-11,"JY | Conversiones",active,,,,"Con el presupuesto del conjunto de anuncios",0,0,0,0,"En curso","7 días tras clic o 1 día tras visualización",0,,0,0
2026-04-11,2026-04-11,"JY | Awareness",active,,,,"Con el presupuesto del conjunto de anuncios",0,0,0,0,"En curso","1 día tras clic",0,,0,0
2026-04-11,2026-04-11,"Clientes Potenciales - Alta Intencion GEM",inactive,,,,3500,Diario,3618.44,1073,1001,"En curso","7 días tras clic o 1 día tras visualización",3372.264678,0.186393,0.1998,0.55918
2026-04-11,2026-04-11,"Yamil | Campaña de Formularios - CENTRO Argentina",inactive,2,actions:lead,8857.285,7000,Diario,17714.57,5379,4211,"En curso","7 días tras clic o 1 día tras visualización",3293.283138,0.334635,0.379957,0.594906
2026-04-11,2026-04-11,"Yamil | Campaña de Formularios - NO Argentina",inactive,,,,5000,Diario,3639.66,1406,1251,"En curso","7 días tras clic o 1 día tras visualización",2588.662873,0.284495,0.319744,0.711238
2026-04-11,2026-04-11,"2. Campaña de Conversiones - Copia",inactive,,,,"Con el presupuesto del conjunto de anuncios",0,0,0,0,"En curso","7 días tras clic o 1 día tras visualización",0,,0,0
2026-04-11,2026-04-11,"7. Clientes potenciales - formulario - Copia",inactive,1,actions:lead,9235.53,"Con el presupuesto del conjunto de anuncios",0,9235.53,3002,2659,"En curso","7 días tras clic o 1 día tras visualización",3076.459027,0.466356,0.488906,1.032645
2026-04-11,2026-04-11,"5. Campaña de Seguidores",inactive,,,,"Con el presupuesto del conjunto de anuncios",0,1547.78,650,635,"En curso","Configuración de atribución múltiple",2381.2,6.153846,5.826772,5.692308
2026-04-11,2026-04-11,"Trafico Boxer web",inactive,,,,"Con el presupuesto del conjunto de anuncios",0,0,0,0,"En curso","7 días tras clic o 1 día tras visualización",0,,0,0
2026-04-11,2026-04-11,"Interacción Contenido - Feed",inactive,,,,"Con el presupuesto del conjunto de anuncios",0,0,0,0,"En curso","7 días tras clic o 1 día tras visualización",0,,0,0
2026-04-10,2026-04-10,"JY | Webinar Mostrador - 17 SEPT 2026",active,,,,"Con el presupuesto del conjunto de anuncios",0,0,0,0,"En curso","7 días tras clic o 1 día tras visualización",0,,0,0
2026-04-10,2026-04-10,"JY | Viajes Presenciales Luciana",active,,,,"Con el presupuesto del conjunto de anuncios",0,0,0,0,"En curso","7 días tras clic o 1 día tras visualización",0,,0,0
2026-04-10,2026-04-10,"JY | Interaccion Boxer Taller",inactive,,,,"Con el presupuesto del conjunto de anuncios",0,0,0,0,"En curso","7 días tras clic o 1 día tras visualización",0,,0,0
2026-04-10,2026-04-10,"JY | Awareness Boxer Taller",active,,,,"Con el presupuesto del conjunto de anuncios",0,0,0,0,"En curso","1 día tras clic",0,,0,0
2026-04-10,2026-04-10,"JY | Conversiones - Copia - Boton a WhatsApp",inactive,,,,"Con el presupuesto del conjunto de anuncios",0,0,0,0,"En curso","7 días tras clic o 1 día tras visualización",0,,0,0
2026-04-10,2026-04-10,"JY | Remarketing",active,,,,"Con el presupuesto del conjunto de anuncios",0,0,0,0,"En curso","7 días tras clic o 1 día tras visualización",0,,0,0
2026-04-10,2026-04-10,"JY | Conversiones",active,,,,"Con el presupuesto del conjunto de anuncios",0,0,0,0,"En curso","7 días tras clic o 1 día tras visualización",0,,0,0
2026-04-10,2026-04-10,"JY | Awareness",active,,,,"Con el presupuesto del conjunto de anuncios",0,0,0,0,"En curso","1 día tras clic",0,,0,0
2026-04-10,2026-04-10,"Clientes Potenciales - Alta Intencion GEM",inactive,1,actions:lead,3371.16,3500,Diario,3371.16,1109,990,"En curso","7 días tras clic o 1 día tras visualización",3039.819657,0.180343,0.20202,0.811542
2026-04-10,2026-04-10,"Yamil | Campaña de Formularios - CENTRO Argentina",inactive,,,,7000,Diario,10432.55,3279,2744,"En curso","7 días tras clic o 1 día tras visualización",3181.625496,0.243977,0.291545,0.579445
2026-04-10,2026-04-10,"Yamil | Campaña de Formularios - NO Argentina",inactive,,,,5000,Diario,4856.67,1761,1514,"En curso","7 días tras clic o 1 día tras visualización",2757.9046,0.28393,0.330251,0.624645
2026-04-10,2026-04-10,"2. Campaña de Conversiones - Copia",inactive,,,,"Con el presupuesto del conjunto de anuncios",0,0,0,0,"En curso","7 días tras clic o 1 día tras visualización",0,,0,0
2026-04-10,2026-04-10,"7. Clientes potenciales - formulario - Copia",inactive,2,actions:lead,5746.39,"Con el presupuesto del conjunto de anuncios",0,11492.78,3475,2966,"En curso","7 días tras clic o 1 día tras visualización",3307.27482,0.374101,0.404585,1.467626
2026-04-10,2026-04-10,"5. Campaña de Seguidores",inactive,,,,"Con el presupuesto del conjunto de anuncios",0,1477.56,712,689,"En curso","Configuración de atribución múltiple",2075.224719,3.932584,4.063861,4.494382
2026-04-10,2026-04-10,"Trafico Boxer web",inactive,,,,"Con el presupuesto del conjunto de anuncios",0,0,0,0,"En curso","7 días tras clic o 1 día tras visualización",0,,0,0
2026-04-10,2026-04-10,"Interacción Contenido - Feed",inactive,,,,"Con el presupuesto del conjunto de anuncios",0,0,0,0,"En curso","7 días tras clic o 1 día tras visualización",0,,0,0
2026-04-09,2026-04-09,"JY | Webinar Mostrador - 17 SEPT 2026",active,,,,"Con el presupuesto del conjunto de anuncios",0,0,0,0,"En curso","7 días tras clic o 1 día tras visualización",0,,0,0
2026-04-09,2026-04-09,"JY | Viajes Presenciales Luciana",active,,,,"Con el presupuesto del conjunto de anuncios",0,0,0,0,"En curso","7 días tras clic o 1 día tras visualización",0,,0,0
2026-04-09,2026-04-09,"JY | Interaccion Boxer Taller",inactive,,,,"Con el presupuesto del conjunto de anuncios",0,0,0,0,"En curso","7 días tras clic o 1 día tras visualización",0,,0,0
2026-04-09,2026-04-09,"JY | Awareness Boxer Taller",active,,,,"Con el presupuesto del conjunto de anuncios",0,0,0,0,"En curso","1 día tras clic",0,,0,0
2026-04-09,2026-04-09,"JY | Conversiones - Copia - Boton a WhatsApp",inactive,,,,"Con el presupuesto del conjunto de anuncios",0,0,0,0,"En curso","7 días tras clic o 1 día tras visualización",0,,0,0
2026-04-09,2026-04-09,"JY | Remarketing",active,,,,"Con el presupuesto del conjunto de anuncios",0,0,0,0,"En curso","7 días tras clic o 1 día tras visualización",0,,0,0
2026-04-09,2026-04-09,"JY | Conversiones",active,,,,"Con el presupuesto del conjunto de anuncios",0,0,0,0,"En curso","7 días tras clic o 1 día tras visualización",0,,0,0
2026-04-09,2026-04-09,"JY | Awareness",active,,,,"Con el presupuesto del conjunto de anuncios",0,0,0,0,"En curso","1 día tras clic",0,,0,0
2026-04-09,2026-04-09,"Clientes Potenciales - Alta Intencion GEM",inactive,,,,3500,Diario,2648.8,876,795,"En curso","7 días tras clic o 1 día tras visualización",3023.744292,0.342466,0.377358,0.570776
2026-04-09,2026-04-09,"Yamil | Campaña de Formularios - CENTRO Argentina",inactive,,,,7000,Diario,10831.27,3476,2987,"En curso","7 días tras clic o 1 día tras visualización",3116.015535,0.258918,0.267827,0.776755
2026-04-09,2026-04-09,"Yamil | Campaña de Formularios - NO Argentina",inactive,,,,5000,Diario,5470.78,1883,1545,"En curso","7 días tras clic o 1 día tras visualización",2905.35316,0.371747,0.453074,0.637281
2026-04-09,2026-04-09,"2. Campaña de Conversiones - Copia",inactive,,,,"Con el presupuesto del conjunto de anuncios",0,0,0,0,"En curso","7 días tras clic o 1 día tras visualización",0,,0,0
2026-04-09,2026-04-09,"7. Clientes potenciales - formulario - Copia",inactive,6,actions:lead,3870.765,"Con el presupuesto del conjunto de anuncios",0,23224.59,7840,5950,"En curso","7 días tras clic o 1 día tras visualización",2962.320153,0.459184,0.588235,1.785714
2026-04-09,2026-04-09,"5. Campaña de Seguidores",inactive,,,,"Con el presupuesto del conjunto de anuncios",0,1390.72,998,920,"En curso","Configuración de atribución múltiple",1393.507014,1.002004,1.086957,1.202405
2026-04-09,2026-04-09,"Trafico Boxer web",inactive,,,,"Con el presupuesto del conjunto de anuncios",0,0,0,0,"En curso","7 días tras clic o 1 día tras visualización",0,,0,0
2026-04-09,2026-04-09,"Interacción Contenido - Feed",inactive,,,,"Con el presupuesto del conjunto de anuncios",0,0,0,0,"En curso","7 días tras clic o 1 día tras visualización",0,,0,0
2026-04-08,2026-04-08,"JY | Webinar Mostrador - 17 SEPT 2026",active,,,,"Con el presupuesto del conjunto de anuncios",0,0,0,0,"En curso","7 días tras clic o 1 día tras visualización",0,,0,0
2026-04-08,2026-04-08,"JY | Viajes Presenciales Luciana",active,,,,"Con el presupuesto del conjunto de anuncios",0,0,0,0,"En curso","7 días tras clic o 1 día tras visualización",0,,0,0
2026-04-08,2026-04-08,"JY | Interaccion Boxer Taller",inactive,,,,"Con el presupuesto del conjunto de anuncios",0,0,0,0,"En curso","7 días tras clic o 1 día tras visualización",0,,0,0
2026-04-08,2026-04-08,"JY | Awareness Boxer Taller",active,,,,"Con el presupuesto del conjunto de anuncios",0,0,0,0,"En curso","1 día tras clic",0,,0,0
2026-04-08,2026-04-08,"JY | Conversiones - Copia - Boton a WhatsApp",inactive,,,,"Con el presupuesto del conjunto de anuncios",0,0,0,0,"En curso","7 días tras clic o 1 día tras visualización",0,,0,0
2026-04-08,2026-04-08,"JY | Remarketing",active,,,,"Con el presupuesto del conjunto de anuncios",0,0,0,0,"En curso","7 días tras clic o 1 día tras visualización",0,,0,0
2026-04-08,2026-04-08,"JY | Conversiones",active,,,,"Con el presupuesto del conjunto de anuncios",0,0,0,0,"En curso","7 días tras clic o 1 día tras visualización",0,,0,0
2026-04-08,2026-04-08,"JY | Awareness",active,,,,"Con el presupuesto del conjunto de anuncios",0,0,0,0,"En curso","1 día tras clic",0,,0,0
2026-04-08,2026-04-08,"Clientes Potenciales - Alta Intencion GEM",inactive,,,,3500,Diario,3611.64,1234,1114,"En curso","7 días tras clic o 1 día tras visualización",2926.774716,0.486224,0.5386,1.215559
2026-04-08,2026-04-08,"Yamil | Campaña de Formularios - CENTRO Argentina",inactive,6,actions:lead,3297.68666667,7000,Diario,19786.12,7099,5807,"En curso","7 días tras clic o 1 día tras visualización",2787.170024,0.352162,0.413294,0.80293
2026-04-08,2026-04-08,"Yamil | Campaña de Formularios - NO Argentina",inactive,1,actions:lead,4514.09,5000,Diario,4514.09,1943,1673,"En curso","7 días tras clic o 1 día tras visualización",2323.257849,0.257334,0.298864,0.720535
2026-04-08,2026-04-08,"2. Campaña de Conversiones - Copia",inactive,,,,"Con el presupuesto del conjunto de anuncios",0,0,0,0,"En curso","7 días tras clic o 1 día tras visualización",0,,0,0
2026-04-08,2026-04-08,"7. Clientes potenciales - formulario - Copia",inactive,5,actions:lead,3103.25,"Con el presupuesto del conjunto de anuncios",0,15516.25,4462,3637,"En curso","7 días tras clic o 1 día tras visualización",3477.420439,0.649933,0.769865,2.308382
2026-04-08,2026-04-08,"5. Campaña de Seguidores",inactive,,,,"Con el presupuesto del conjunto de anuncios",0,1431.63,1177,1041,"En curso","Configuración de atribución múltiple",1216.338148,0.679694,0.768492,0.934579
2026-04-08,2026-04-08,"Trafico Boxer web",inactive,,,,"Con el presupuesto del conjunto de anuncios",0,0,0,0,"En curso","7 días tras clic o 1 día tras visualización",0,,0,0
2026-04-08,2026-04-08,"Interacción Contenido - Feed",inactive,,,,"Con el presupuesto del conjunto de anuncios",0,0,0,0,"En curso","7 días tras clic o 1 día tras visualización",0,,0,0
2026-04-07,2026-04-07,"JY | Webinar Mostrador - 17 SEPT 2026",active,,,,"Con el presupuesto del conjunto de anuncios",0,0,0,0,"En curso","7 días tras clic o 1 día tras visualización",0,,0,0
2026-04-07,2026-04-07,"JY | Viajes Presenciales Luciana",active,,,,"Con el presupuesto del conjunto de anuncios",0,0,0,0,"En curso","7 días tras clic o 1 día tras visualización",0,,0,0
2026-04-07,2026-04-07,"JY | Interaccion Boxer Taller",inactive,,,,"Con el presupuesto del conjunto de anuncios",0,0,0,0,"En curso","7 días tras clic o 1 día tras visualización",0,,0,0
2026-04-07,2026-04-07,"JY | Awareness Boxer Taller",active,,,,"Con el presupuesto del conjunto de anuncios",0,0,0,0,"En curso","1 día tras clic",0,,0,0
2026-04-07,2026-04-07,"JY | Conversiones - Copia - Boton a WhatsApp",inactive,,,,"Con el presupuesto del conjunto de anuncios",0,0,0,0,"En curso","7 días tras clic o 1 día tras visualización",0,,0,0
2026-04-07,2026-04-07,"JY | Remarketing",active,,,,"Con el presupuesto del conjunto de anuncios",0,0,0,0,"En curso","7 días tras clic o 1 día tras visualización",0,,0,0
2026-04-07,2026-04-07,"JY | Conversiones",active,,,,"Con el presupuesto del conjunto de anuncios",0,0,0,0,"En curso","7 días tras clic o 1 día tras visualización",0,,0,0
2026-04-07,2026-04-07,"JY | Awareness",active,,,,"Con el presupuesto del conjunto de anuncios",0,0,0,0,"En curso","1 día tras clic",0,,0,0
2026-04-07,2026-04-07,"Clientes Potenciales - Alta Intencion GEM",inactive,,,,3500,Diario,4007.61,1594,1422,"En curso","7 días tras clic o 1 día tras visualización",2514.184442,0.313676,0.281294,0.752823
2026-04-07,2026-04-07,"Yamil | Campaña de Formularios - CENTRO Argentina",inactive,1,actions:lead,14942.24,7000,Diario,14942.24,6974,5689,"En curso","7 días tras clic o 1 día tras visualización",2142.563808,0.315457,0.386711,0.731288
2026-04-07,2026-04-07,"Yamil | Campaña de Formularios - NO Argentina",inactive,,,,5000,Diario,5709.11,2644,2184,"En curso","7 días tras clic o 1 día tras visualización",2159.270045,0.416036,0.457875,0.75643
2026-04-07,2026-04-07,"2. Campaña de Conversiones - Copia",inactive,,,,"Con el presupuesto del conjunto de anuncios",0,0,0,0,"En curso","7 días tras clic o 1 día tras visualización",0,,0,0
2026-04-07,2026-04-07,"7. Clientes potenciales - formulario - Copia",inactive,4,actions:lead,4596.295,"Con el presupuesto del conjunto de anuncios",0,18385.18,6263,5120,"En curso","7 días tras clic o 1 día tras visualización",2935.522912,0.431103,0.527344,1.612646
2026-04-07,2026-04-07,"5. Campaña de Seguidores",inactive,,,,"Con el presupuesto del conjunto de anuncios",0,1373.86,1126,1058,"En curso","Configuración de atribución múltiple",1220.124334,1.243339,1.323251,1.598579
2026-04-07,2026-04-07,"Trafico Boxer web",inactive,,,,"Con el presupuesto del conjunto de anuncios",0,0,0,0,"En curso","7 días tras clic o 1 día tras visualización",0,,0,0
2026-04-07,2026-04-07,"Interacción Contenido - Feed",inactive,,,,"Con el presupuesto del conjunto de anuncios",0,0,0,0,"En curso","7 días tras clic o 1 día tras visualización",0,,0,0
2026-04-06,2026-04-06,"JY | Webinar Mostrador - 17 SEPT 2026",active,,,,"Con el presupuesto del conjunto de anuncios",0,0,0,0,"En curso","7 días tras clic o 1 día tras visualización",0,,0,0
2026-04-06,2026-04-06,"JY | Viajes Presenciales Luciana",active,,,,"Con el presupuesto del conjunto de anuncios",0,0,0,0,"En curso","7 días tras clic o 1 día tras visualización",0,,0,0
2026-04-06,2026-04-06,"JY | Interaccion Boxer Taller",inactive,,,,"Con el presupuesto del conjunto de anuncios",0,0,0,0,"En curso","7 días tras clic o 1 día tras visualización",0,,0,0
2026-04-06,2026-04-06,"JY | Awareness Boxer Taller",active,,,,"Con el presupuesto del conjunto de anuncios",0,0,0,0,"En curso","1 día tras clic",0,,0,0
2026-04-06,2026-04-06,"JY | Conversiones - Copia - Boton a WhatsApp",inactive,,,,"Con el presupuesto del conjunto de anuncios",0,0,0,0,"En curso","7 días tras clic o 1 día tras visualización",0,,0,0
2026-04-06,2026-04-06,"JY | Remarketing",active,,,,"Con el presupuesto del conjunto de anuncios",0,0,0,0,"En curso","7 días tras clic o 1 día tras visualización",0,,0,0
2026-04-06,2026-04-06,"JY | Conversiones",active,,,,"Con el presupuesto del conjunto de anuncios",0,0,0,0,"En curso","7 días tras clic o 1 día tras visualización",0,,0,0
2026-04-06,2026-04-06,"JY | Awareness",active,,,,"Con el presupuesto del conjunto de anuncios",0,0,0,0,"En curso","1 día tras clic",0,,0,0
2026-04-06,2026-04-06,"Clientes Potenciales - Alta Intencion GEM",inactive,,,,3500,Diario,3698.27,1566,1442,"En curso","7 días tras clic o 1 día tras visualización",2361.60281,0.702427,0.762829,1.213282
2026-04-06,2026-04-06,"Yamil | Campaña de Formularios - CENTRO Argentina",inactive,3,actions:lead,5374.43333333,7000,Diario,16123.3,6570,5224,"En curso","7 días tras clic o 1 día tras visualización",2454.079148,0.243531,0.306279,0.639269
2026-04-06,2026-04-06,"Yamil | Campaña de Formularios - NO Argentina",inactive,1,actions:lead,5623.03,5000,Diario,5623.03,2577,2140,"En curso","7 días tras clic o 1 día tras visualización",2182.006209,0.310438,0.373832,0.698487
2026-04-06,2026-04-06,"2. Campaña de Conversiones - Copia",inactive,,,,"Con el presupuesto del conjunto de anuncios",0,0,0,0,"En curso","7 días tras clic o 1 día tras visualización",0,,0,0
2026-04-06,2026-04-06,"7. Clientes potenciales - formulario - Copia",inactive,8,actions:lead,2952.68375,"Con el presupuesto del conjunto de anuncios",0,23621.47,7744,5780,"En curso","7 días tras clic o 1 día tras visualización",3050.29313,0.490702,0.657439,1.96281
2026-04-06,2026-04-06,"5. Campaña de Seguidores",inactive,,,,"Con el presupuesto del conjunto de anuncios",0,1590.54,1322,1189,"En curso","Configuración de atribución múltiple",1203.131619,1.437216,1.597982,1.739788
2026-04-06,2026-04-06,"Trafico Boxer web",inactive,60,actions:link_click,22.98683333,"Con el presupuesto del conjunto de anuncios",0,1379.21,9298,3645,"En curso","7 días tras clic o 1 día tras visualización",148.33405,0.6453,1.618656,0.634545
2026-04-06,2026-04-06,"Interacción Contenido - Feed",inactive,309,actions:post_engagement,1.92346278,"Con el presupuesto del conjunto de anuncios",0,594.35,692,687,"En curso","7 días tras clic o 1 día tras visualización",858.887283,,0,0.144509
2026-04-05,2026-04-05,"JY | Webinar Mostrador - 17 SEPT 2026",active,,,,"Con el presupuesto del conjunto de anuncios",0,0,0,0,"En curso","7 días tras clic o 1 día tras visualización",0,,0,0
2026-04-05,2026-04-05,"JY | Viajes Presenciales Luciana",active,,,,"Con el presupuesto del conjunto de anuncios",0,0,0,0,"En curso","7 días tras clic o 1 día tras visualización",0,,0,0
2026-04-05,2026-04-05,"JY | Interaccion Boxer Taller",inactive,,,,"Con el presupuesto del conjunto de anuncios",0,0,0,0,"En curso","7 días tras clic o 1 día tras visualización",0,,0,0
2026-04-05,2026-04-05,"JY | Awareness Boxer Taller",active,,,,"Con el presupuesto del conjunto de anuncios",0,0,0,0,"En curso","1 día tras clic",0,,0,0
2026-04-05,2026-04-05,"JY | Conversiones - Copia - Boton a WhatsApp",inactive,,,,"Con el presupuesto del conjunto de anuncios",0,0,0,0,"En curso","7 días tras clic o 1 día tras visualización",0,,0,0
2026-04-05,2026-04-05,"JY | Remarketing",active,,,,"Con el presupuesto del conjunto de anuncios",0,0,0,0,"En curso","7 días tras clic o 1 día tras visualización",0,,0,0
2026-04-05,2026-04-05,"JY | Conversiones",active,,,,"Con el presupuesto del conjunto de anuncios",0,0,0,0,"En curso","7 días tras clic o 1 día tras visualización",0,,0,0
2026-04-05,2026-04-05,"JY | Awareness",active,,,,"Con el presupuesto del conjunto de anuncios",0,0,0,0,"En curso","1 día tras clic",0,,0,0
2026-04-05,2026-04-05,"Clientes Potenciales - Alta Intencion GEM",inactive,,,,3500,Diario,3447.34,1183,1073,"En curso","7 días tras clic o 1 día tras visualización",2914.065934,0.084531,0.093197,0.338123
2026-04-05,2026-04-05,"Yamil | Campaña de Formularios - CENTRO Argentina",inactive,1,actions:lead,14827.22,7000,Diario,14827.22,5814,4916,"En curso","7 días tras clic o 1 día tras visualización",2550.261438,0.464396,0.549227,0.894393
2026-04-05,2026-04-05,"Yamil | Campaña de Formularios - NO Argentina",inactive,1,actions:lead,5012.89,5000,Diario,5012.89,2252,1901,"En curso","7 días tras clic o 1 día tras visualización",2225.972469,0.17762,0.210416,0.44405
2026-04-05,2026-04-05,"2. Campaña de Conversiones - Copia",inactive,,,,"Con el presupuesto del conjunto de anuncios",0,0,0,0,"En curso","7 días tras clic o 1 día tras visualización",0,,0,0
2026-04-05,2026-04-05,"7. Clientes potenciales - formulario - Copia",inactive,4,actions:lead,5235.13,"Con el presupuesto del conjunto de anuncios",0,20940.52,6894,5324,"En curso","7 días tras clic o 1 día tras visualización",3037.499275,0.507688,0.6574,1.697128
2026-04-05,2026-04-05,"5. Campaña de Seguidores",inactive,,,,"Con el presupuesto del conjunto de anuncios",0,1681.72,1346,1220,"En curso","Configuración de atribución múltiple",1249.420505,1.263001,1.311475,1.485884
2026-04-05,2026-04-05,"Trafico Boxer web",inactive,165,actions:link_click,20.15575758,"Con el presupuesto del conjunto de anuncios",0,3325.7,36992,11310,"En curso","7 días tras clic o 1 día tras visualización",89.903222,0.446042,1.414677,0.440636
2026-04-05,2026-04-05,"Interacción Contenido - Feed",inactive,751,actions:post_engagement,1.57027963,"Con el presupuesto del conjunto de anuncios",0,1179.28,1748,1652,"En curso","7 días tras clic o 1 día tras visualización",674.645309,,0,0.114416
2026-04-04,2026-04-04,"JY | Webinar Mostrador - 17 SEPT 2026",active,,,,"Con el presupuesto del conjunto de anuncios",0,0,0,0,"En curso","7 días tras clic o 1 día tras visualización",0,,0,0
2026-04-04,2026-04-04,"JY | Viajes Presenciales Luciana",active,,,,"Con el presupuesto del conjunto de anuncios",0,0,0,0,"En curso","7 días tras clic o 1 día tras visualización",0,,0,0
2026-04-04,2026-04-04,"JY | Interaccion Boxer Taller",inactive,,,,"Con el presupuesto del conjunto de anuncios",0,0,0,0,"En curso","7 días tras clic o 1 día tras visualización",0,,0,0
2026-04-04,2026-04-04,"JY | Awareness Boxer Taller",active,,,,"Con el presupuesto del conjunto de anuncios",0,0,0,0,"En curso","1 día tras clic",0,,0,0
2026-04-04,2026-04-04,"JY | Conversiones - Copia - Boton a WhatsApp",inactive,,,,"Con el presupuesto del conjunto de anuncios",0,0,0,0,"En curso","7 días tras clic o 1 día tras visualización",0,,0,0
2026-04-04,2026-04-04,"JY | Remarketing",active,,,,"Con el presupuesto del conjunto de anuncios",0,0,0,0,"En curso","7 días tras clic o 1 día tras visualización",0,,0,0
2026-04-04,2026-04-04,"JY | Conversiones",active,,,,"Con el presupuesto del conjunto de anuncios",0,0,0,0,"En curso","7 días tras clic o 1 día tras visualización",0,,0,0
2026-04-04,2026-04-04,"JY | Awareness",active,,,,"Con el presupuesto del conjunto de anuncios",0,0,0,0,"En curso","1 día tras clic",0,,0,0
2026-04-04,2026-04-04,"Clientes Potenciales - Alta Intencion GEM",inactive,1,actions:lead,3028.79,3500,Diario,3028.79,1157,1105,"En curso","7 días tras clic o 1 día tras visualización",2617.796024,0.777874,0.81448,1.210026
2026-04-04,2026-04-04,"Yamil | Campaña de Formularios - CENTRO Argentina",inactive,2,actions:lead,6665.125,7000,Diario,13330.25,6529,5474,"En curso","7 días tras clic o 1 día tras visualización",2041.698576,0.260377,0.310559,0.673916
2026-04-04,2026-04-04,"Yamil | Campaña de Formularios - NO Argentina",inactive,1,actions:lead,4550.88,5000,Diario,4550.88,2170,1852,"En curso","7 días tras clic o 1 día tras visualización",2097.179724,0.184332,0.215983,0.599078
2026-04-04,2026-04-04,"2. Campaña de Conversiones - Copia",inactive,,,,"Con el presupuesto del conjunto de anuncios",0,0,0,0,"En curso","7 días tras clic o 1 día tras visualización",0,,0,0
2026-04-04,2026-04-04,"7. Clientes potenciales - formulario - Copia",inactive,3,actions:lead,8084.21,"Con el presupuesto del conjunto de anuncios",0,24252.63,9314,6684,"En curso","7 días tras clic o 1 día tras visualización",2603.889843,0.397251,0.5386,1.567533
2026-04-04,2026-04-04,"5. Campaña de Seguidores",inactive,,,,"Con el presupuesto del conjunto de anuncios",0,1426.83,976,921,"En curso","Configuración de atribución múltiple",1461.915984,1.639344,1.737242,2.04918
2026-04-04,2026-04-04,"Trafico Boxer web",inactive,144,actions:link_click,19.37826389,"Con el presupuesto del conjunto de anuncios",0,2790.47,31939,10167,"En curso","7 días tras clic o 1 día tras visualización",87.368734,0.450859,1.337661,0.441467
2026-04-04,2026-04-04,"Interacción Contenido - Feed",inactive,611,actions:post_engagement,1.6902455,"Con el presupuesto del conjunto de anuncios",0,1032.74,1431,1376,"En curso","7 días tras clic o 1 día tras visualización",721.691125,0.069881,0.072674,0.279525
2026-04-03,2026-04-03,"JY | Webinar Mostrador - 17 SEPT 2026",active,,,,"Con el presupuesto del conjunto de anuncios",0,0,0,0,"En curso","7 días tras clic o 1 día tras visualización",0,,0,0
2026-04-03,2026-04-03,"JY | Viajes Presenciales Luciana",active,,,,"Con el presupuesto del conjunto de anuncios",0,0,0,0,"En curso","7 días tras clic o 1 día tras visualización",0,,0,0
2026-04-03,2026-04-03,"JY | Interaccion Boxer Taller",inactive,,,,"Con el presupuesto del conjunto de anuncios",0,0,0,0,"En curso","7 días tras clic o 1 día tras visualización",0,,0,0
2026-04-03,2026-04-03,"JY | Awareness Boxer Taller",active,,,,"Con el presupuesto del conjunto de anuncios",0,0,0,0,"En curso","1 día tras clic",0,,0,0
2026-04-03,2026-04-03,"JY | Conversiones - Copia - Boton a WhatsApp",inactive,,,,"Con el presupuesto del conjunto de anuncios",0,0,0,0,"En curso","7 días tras clic o 1 día tras visualización",0,,0,0
2026-04-03,2026-04-03,"JY | Remarketing",active,,,,"Con el presupuesto del conjunto de anuncios",0,0,0,0,"En curso","7 días tras clic o 1 día tras visualización",0,,0,0
2026-04-03,2026-04-03,"JY | Conversiones",active,,,,"Con el presupuesto del conjunto de anuncios",0,0,0,0,"En curso","7 días tras clic o 1 día tras visualización",0,,0,0
2026-04-03,2026-04-03,"JY | Awareness",active,,,,"Con el presupuesto del conjunto de anuncios",0,0,0,0,"En curso","1 día tras clic",0,,0,0
2026-04-03,2026-04-03,"Clientes Potenciales - Alta Intencion GEM",inactive,3,actions:lead,1163.98666667,3500,Diario,3491.96,1299,1273,"En curso","7 días tras clic o 1 día tras visualización",2688.190916,0.538876,0.549882,1.077752
2026-04-03,2026-04-03,"Yamil | Campaña de Formularios - CENTRO Argentina",inactive,4,actions:lead,3965.545,7000,Diario,15862.18,7846,6286,"En curso","7 días tras clic o 1 día tras visualización",2021.690033,0.344124,0.429526,0.73923
2026-04-03,2026-04-03,"Yamil | Campaña de Formularios - NO Argentina",inactive,,,,5000,Diario,5222.09,2242,1969,"En curso","7 días tras clic o 1 día tras visualización",2329.210526,0.223015,0.203149,0.535236
2026-04-03,2026-04-03,"2. Campaña de Conversiones - Copia",inactive,,,,"Con el presupuesto del conjunto de anuncios",0,0,0,0,"En curso","7 días tras clic o 1 día tras visualización",0,,0,0
2026-04-03,2026-04-03,"7. Clientes potenciales - formulario - Copia",inactive,7,actions:lead,3408.95857143,"Con el presupuesto del conjunto de anuncios",0,23862.71,9002,6468,"En curso","7 días tras clic o 1 día tras visualización",2650.82315,0.499889,0.695733,1.566319
2026-04-03,2026-04-03,"5. Campaña de Seguidores",inactive,,,,"Con el presupuesto del conjunto de anuncios",0,1461.57,1082,953,"En curso","Configuración de atribución múltiple",1350.804067,1.201479,1.364113,1.478743
2026-04-03,2026-04-03,"Trafico Boxer web",inactive,159,actions:link_click,18.63704403,"Con el presupuesto del conjunto de anuncios",0,2963.29,26075,8025,"En curso","7 días tras clic o 1 día tras visualización",113.644871,0.609779,1.88162,0.598274
2026-04-03,2026-04-03,"Interacción Contenido - Feed",inactive,642,actions:post_engagement,1.65719626,"Con el presupuesto del conjunto de anuncios",0,1063.92,1419,1341,"En curso","7 días tras clic o 1 día tras visualización",749.767442,0.070472,0.074571,0.070472
2026-04-02,2026-04-02,"JY | Webinar Mostrador - 17 SEPT 2026",active,,,,"Con el presupuesto del conjunto de anuncios",0,0,0,0,"En curso","7 días tras clic o 1 día tras visualización",0,,0,0
2026-04-02,2026-04-02,"JY | Viajes Presenciales Luciana",active,,,,"Con el presupuesto del conjunto de anuncios",0,0,0,0,"En curso","7 días tras clic o 1 día tras visualización",0,,0,0
2026-04-02,2026-04-02,"JY | Interaccion Boxer Taller",inactive,,,,"Con el presupuesto del conjunto de anuncios",0,0,0,0,"En curso","7 días tras clic o 1 día tras visualización",0,,0,0
2026-04-02,2026-04-02,"JY | Awareness Boxer Taller",active,,,,"Con el presupuesto del conjunto de anuncios",0,0,0,0,"En curso","1 día tras clic",0,,0,0
2026-04-02,2026-04-02,"JY | Conversiones - Copia - Boton a WhatsApp",inactive,,,,"Con el presupuesto del conjunto de anuncios",0,0,0,0,"En curso","7 días tras clic o 1 día tras visualización",0,,0,0
2026-04-02,2026-04-02,"JY | Remarketing",active,,,,"Con el presupuesto del conjunto de anuncios",0,0,0,0,"En curso","7 días tras clic o 1 día tras visualización",0,,0,0
2026-04-02,2026-04-02,"JY | Conversiones",active,,,,"Con el presupuesto del conjunto de anuncios",0,0,0,0,"En curso","7 días tras clic o 1 día tras visualización",0,,0,0
2026-04-02,2026-04-02,"JY | Awareness",active,,,,"Con el presupuesto del conjunto de anuncios",0,0,0,0,"En curso","1 día tras clic",0,,0,0
2026-04-02,2026-04-02,"Clientes Potenciales - Alta Intencion GEM",inactive,,,,3500,Diario,3202.14,1031,990,"En curso","7 días tras clic o 1 día tras visualización",3105.85839,0.969932,0.808081,1.454898
2026-04-02,2026-04-02,"Yamil | Campaña de Formularios - CENTRO Argentina",inactive,3,actions:lead,4525,7000,Diario,13575,5692,4812,"En curso","7 días tras clic o 1 día tras visualización",2384.926212,0.386507,0.436409,0.82572
2026-04-02,2026-04-02,"Yamil | Campaña de Formularios - NO Argentina",inactive,2,actions:lead,2020.97,5000,Diario,4041.94,1602,1360,"En curso","7 días tras clic o 1 día tras visualización",2523.058677,0.249688,0.294118,0.749064
2026-04-02,2026-04-02,"2. Campaña de Conversiones - Copia",inactive,,,,"Con el presupuesto del conjunto de anuncios",0,0,0,0,"En curso","7 días tras clic o 1 día tras visualización",0,,0,0
2026-04-02,2026-04-02,"7. Clientes potenciales - formulario - Copia",inactive,1,actions:lead,13090.86,"Con el presupuesto del conjunto de anuncios",0,13090.86,4697,3798,"En curso","7 días tras clic o 1 día tras visualización",2787.068341,0.425804,0.500263,1.14967
2026-04-02,2026-04-02,"5. Campaña de Seguidores",inactive,,,,"Con el presupuesto del conjunto de anuncios",0,1246.42,933,873,"En curso","Configuración de atribución múltiple",1335.927117,0.857449,0.91638,1.071811
2026-04-02,2026-04-02,"Trafico Boxer web",inactive,141,actions:link_click,19.96765957,"Con el presupuesto del conjunto de anuncios",0,2815.44,6938,2431,"En curso","7 días tras clic o 1 día tras visualización",405.799942,2.032286,5.018511,1.960219
2026-04-02,2026-04-02,"Interacción Contenido - Feed",inactive,644,actions:post_engagement,1.61736025,"Con el presupuesto del conjunto de anuncios",0,1041.58,1484,1400,"En curso","7 días tras clic o 1 día tras visualización",701.873315,,0,0.202156
2026-04-01,2026-04-01,"JY | Webinar Mostrador - 17 SEPT 2026",active,,,,"Con el presupuesto del conjunto de anuncios",0,0,0,0,"En curso","7 días tras clic o 1 día tras visualización",0,,0,0
2026-04-01,2026-04-01,"JY | Viajes Presenciales Luciana",active,,,,"Con el presupuesto del conjunto de anuncios",0,0,0,0,"En curso","7 días tras clic o 1 día tras visualización",0,,0,0
2026-04-01,2026-04-01,"JY | Interaccion Boxer Taller",inactive,,,,"Con el presupuesto del conjunto de anuncios",0,0,0,0,"En curso","7 días tras clic o 1 día tras visualización",0,,0,0
2026-04-01,2026-04-01,"JY | Awareness Boxer Taller",active,,,,"Con el presupuesto del conjunto de anuncios",0,0,0,0,"En curso","1 día tras clic",0,,0,0
2026-04-01,2026-04-01,"JY | Conversiones - Copia - Boton a WhatsApp",inactive,,,,"Con el presupuesto del conjunto de anuncios",0,0,0,0,"En curso","7 días tras clic o 1 día tras visualización",0,,0,0
2026-04-01,2026-04-01,"JY | Remarketing",active,,,,"Con el presupuesto del conjunto de anuncios",0,0,0,0,"En curso","7 días tras clic o 1 día tras visualización",0,,0,0
2026-04-01,2026-04-01,"JY | Conversiones",active,,,,"Con el presupuesto del conjunto de anuncios",0,0,0,0,"En curso","7 días tras clic o 1 día tras visualización",0,,0,0
2026-04-01,2026-04-01,"JY | Awareness",active,,,,"Con el presupuesto del conjunto de anuncios",0,0,0,0,"En curso","1 día tras clic",0,,0,0
2026-04-01,2026-04-01,"Clientes Potenciales - Alta Intencion GEM",inactive,,,,3500,Diario,3319.77,1174,1096,"En curso","7 días tras clic o 1 día tras visualización",2827.74276,0.511073,0.547445,0.681431
2026-04-01,2026-04-01,"Yamil | Campaña de Formularios - CENTRO Argentina",inactive,3,actions:lead,4122.68,7000,Diario,12368.04,5393,4388,"En curso","7 días tras clic o 1 día tras visualización",2293.35064,0.370851,0.432999,0.648989
2026-04-01,2026-04-01,"Yamil | Campaña de Formularios - NO Argentina",inactive,1,actions:lead,4284.17,5000,Diario,4284.17,1607,1428,"En curso","7 días tras clic o 1 día tras visualización",2665.94275,0.435594,0.490196,0.871189
2026-04-01,2026-04-01,"2. Campaña de Conversiones - Copia",inactive,,,,"Con el presupuesto del conjunto de anuncios",0,0,0,0,"En curso","7 días tras clic o 1 día tras visualización",0,,0,0
2026-04-01,2026-04-01,"7. Clientes potenciales - formulario - Copia",inactive,2,actions:lead,7671.665,"Con el presupuesto del conjunto de anuncios",0,15343.33,5869,4779,"En curso","7 días tras clic o 1 día tras visualización",2614.300562,0.630431,0.753296,1.41421
2026-04-01,2026-04-01,"5. Campaña de Seguidores",inactive,,,,"Con el presupuesto del conjunto de anuncios",0,1617.72,1090,980,"En curso","Configuración de atribución múltiple",1484.146789,1.376147,1.530612,1.834862
2026-04-01,2026-04-01,"Trafico Boxer web",inactive,111,actions:link_click,24.64558559,"Con el presupuesto del conjunto de anuncios",0,2735.66,8483,2939,"En curso","7 días tras clic o 1 día tras visualización",322.487328,1.308499,3.572644,1.261346
2026-04-01,2026-04-01,"Interacción Contenido - Feed",inactive,640,actions:post_engagement,1.74045313,"Con el presupuesto del conjunto de anuncios",0,1113.89,1477,1360,"En curso","7 días tras clic o 1 día tras visualización",754.157075,,0,0.203114
2026-03-31,2026-03-31,"JY | Webinar Mostrador - 17 SEPT 2026",active,,,,"Con el presupuesto del conjunto de anuncios",0,0,0,0,"En curso","7 días tras clic o 1 día tras visualización",0,,0,0
2026-03-31,2026-03-31,"JY | Viajes Presenciales Luciana",active,,,,"Con el presupuesto del conjunto de anuncios",0,0,0,0,"En curso","7 días tras clic o 1 día tras visualización",0,,0,0
2026-03-31,2026-03-31,"JY | Interaccion Boxer Taller",inactive,,,,"Con el presupuesto del conjunto de anuncios",0,0,0,0,"En curso","7 días tras clic o 1 día tras visualización",0,,0,0
2026-03-31,2026-03-31,"JY | Awareness Boxer Taller",active,,,,"Con el presupuesto del conjunto de anuncios",0,0,0,0,"En curso","1 día tras clic",0,,0,0
2026-03-31,2026-03-31,"JY | Conversiones - Copia - Boton a WhatsApp",inactive,,,,"Con el presupuesto del conjunto de anuncios",0,0,0,0,"En curso","7 días tras clic o 1 día tras visualización",0,,0,0
2026-03-31,2026-03-31,"JY | Remarketing",active,,,,"Con el presupuesto del conjunto de anuncios",0,0,0,0,"En curso","7 días tras clic o 1 día tras visualización",0,,0,0
2026-03-31,2026-03-31,"JY | Conversiones",active,,,,"Con el presupuesto del conjunto de anuncios",0,0,0,0,"En curso","7 días tras clic o 1 día tras visualización",0,,0,0
2026-03-31,2026-03-31,"JY | Awareness",active,,,,"Con el presupuesto del conjunto de anuncios",0,0,0,0,"En curso","1 día tras clic",0,,0,0
2026-03-31,2026-03-31,"Clientes Potenciales - Alta Intencion GEM",inactive,,,,3500,Diario,3718.48,1131,1039,"En curso","7 días tras clic o 1 día tras visualización",3287.780725,0.707339,0.673725,1.503095
2026-03-31,2026-03-31,"Yamil | Campaña de Formularios - CENTRO Argentina",inactive,6,actions:lead,2670.06,7000,Diario,16020.36,6094,5010,"En curso","7 días tras clic o 1 día tras visualización",2628.874303,0.37742,0.459082,0.886117
2026-03-31,2026-03-31,"Yamil | Campaña de Formularios - NO Argentina",inactive,1,actions:lead,5154.09,5000,Diario,5154.09,1776,1476,"En curso","7 días tras clic o 1 día tras visualización",2902.077703,0.337838,0.406504,0.675676
2026-03-31,2026-03-31,"2. Campaña de Conversiones - Copia",inactive,,,,"Con el presupuesto del conjunto de anuncios",0,0,0,0,"En curso","7 días tras clic o 1 día tras visualización",0,,0,0
2026-03-31,2026-03-31,"7. Clientes potenciales - formulario - Copia",inactive,7,actions:lead,2669.54,"Con el presupuesto del conjunto de anuncios",0,18686.78,7088,5543,"En curso","7 días tras clic o 1 día tras visualización",2636.396727,0.592551,0.721631,1.19921
2026-03-31,2026-03-31,"5. Campaña de Seguidores",inactive,,,,"Con el presupuesto del conjunto de anuncios",0,1502.15,866,749,"En curso","Configuración de atribución múltiple",1734.584296,2.424942,2.803738,2.886836
2026-03-31,2026-03-31,"Trafico Boxer web",inactive,107,actions:link_click,27.65186916,"Con el presupuesto del conjunto de anuncios",0,2958.75,3878,2346,"En curso","7 días tras clic o 1 día tras visualización",762.95771,2.759154,4.560955,2.810727
2026-03-31,2026-03-31,"Interacción Contenido - Feed",inactive,656,actions:post_engagement,1.66807927,"Con el presupuesto del conjunto de anuncios",0,1094.26,1536,1448,"En curso","7 días tras clic o 1 día tras visualización",712.408854,,0,0.455729
2026-03-30,2026-03-30,"JY | Webinar Mostrador - 17 SEPT 2026",active,,,,"Con el presupuesto del conjunto de anuncios",0,0,0,0,"En curso","7 días tras clic o 1 día tras visualización",0,,0,0
2026-03-30,2026-03-30,"JY | Viajes Presenciales Luciana",active,,,,"Con el presupuesto del conjunto de anuncios",0,0,0,0,"En curso","7 días tras clic o 1 día tras visualización",0,,0,0
2026-03-30,2026-03-30,"JY | Interaccion Boxer Taller",inactive,,,,"Con el presupuesto del conjunto de anuncios",0,0,0,0,"En curso","7 días tras clic o 1 día tras visualización",0,,0,0
2026-03-30,2026-03-30,"JY | Awareness Boxer Taller",active,,,,"Con el presupuesto del conjunto de anuncios",0,0,0,0,"En curso","1 día tras clic",0,,0,0
2026-03-30,2026-03-30,"JY | Conversiones - Copia - Boton a WhatsApp",inactive,,,,"Con el presupuesto del conjunto de anuncios",0,0,0,0,"En curso","7 días tras clic o 1 día tras visualización",0,,0,0
2026-03-30,2026-03-30,"JY | Remarketing",active,,,,"Con el presupuesto del conjunto de anuncios",0,0,0,0,"En curso","7 días tras clic o 1 día tras visualización",0,,0,0
2026-03-30,2026-03-30,"JY | Conversiones",active,,,,"Con el presupuesto del conjunto de anuncios",0,0,0,0,"En curso","7 días tras clic o 1 día tras visualización",0,,0,0
2026-03-30,2026-03-30,"JY | Awareness",active,,,,"Con el presupuesto del conjunto de anuncios",0,0,0,0,"En curso","1 día tras clic",0,,0,0
2026-03-30,2026-03-30,"Clientes Potenciales - Alta Intencion GEM",inactive,,,,3500,Diario,3591.85,1184,1071,"En curso","7 días tras clic o 1 día tras visualización",3033.657095,0.844595,0.933707,1.60473
2026-03-30,2026-03-30,"Yamil | Campaña de Formularios - CENTRO Argentina",inactive,3,actions:lead,5966.11,7000,Diario,17898.33,6877,5199,"En curso","7 días tras clic o 1 día tras visualización",2602.636324,0.392613,0.519331,0.697979
2026-03-30,2026-03-30,"Yamil | Campaña de Formularios - NO Argentina",inactive,,,,5000,Diario,5819.41,2177,1874,"En curso","7 días tras clic o 1 día tras visualización",2673.132751,0.321543,0.373533,0.459348
2026-03-30,2026-03-30,"2. Campaña de Conversiones - Copia",inactive,,,,"Con el presupuesto del conjunto de anuncios",0,0,0,0,"En curso","7 días tras clic o 1 día tras visualización",0,,0,0
2026-03-30,2026-03-30,"7. Clientes potenciales - formulario - Copia",inactive,5,actions:lead,2748.14,"Con el presupuesto del conjunto de anuncios",0,13740.7,4536,3833,"En curso","7 días tras clic o 1 día tras visualización",3029.25485,0.727513,0.808766,1.124339
2026-03-30,2026-03-30,"5. Campaña de Seguidores",inactive,,,,"Con el presupuesto del conjunto de anuncios",0,1418.11,958,890,"En curso","Configuración de atribución múltiple",1480.281837,1.25261,1.348315,1.356994
2026-03-30,2026-03-30,"Trafico Boxer web",inactive,99,actions:link_click,25.71484848,"Con el presupuesto del conjunto de anuncios",0,2545.77,1767,1164,"En curso","7 días tras clic o 1 día tras visualización",1440.730051,5.602716,8.247423,5.432937
2026-03-30,2026-03-30,"Interacción Contenido - Feed",inactive,662,actions:post_engagement,1.61522659,"Con el presupuesto del conjunto de anuncios",0,1069.28,1445,1382,"En curso","7 días tras clic o 1 día tras visualización",739.986159,0.069204,0.072359,0.346021
2026-03-29,2026-03-29,"JY | Webinar Mostrador - 17 SEPT 2026",active,,,,"Con el presupuesto del conjunto de anuncios",0,0,0,0,"En curso","7 días tras clic o 1 día tras visualización",0,,0,0
2026-03-29,2026-03-29,"JY | Viajes Presenciales Luciana",active,,,,"Con el presupuesto del conjunto de anuncios",0,0,0,0,"En curso","7 días tras clic o 1 día tras visualización",0,,0,0
2026-03-29,2026-03-29,"JY | Interaccion Boxer Taller",inactive,,,,"Con el presupuesto del conjunto de anuncios",0,0,0,0,"En curso","7 días tras clic o 1 día tras visualización",0,,0,0
2026-03-29,2026-03-29,"JY | Awareness Boxer Taller",active,,,,"Con el presupuesto del conjunto de anuncios",0,0,0,0,"En curso","1 día tras clic",0,,0,0
2026-03-29,2026-03-29,"JY | Conversiones - Copia - Boton a WhatsApp",inactive,,,,"Con el presupuesto del conjunto de anuncios",0,0,0,0,"En curso","7 días tras clic o 1 día tras visualización",0,,0,0
2026-03-29,2026-03-29,"JY | Remarketing",active,,,,"Con el presupuesto del conjunto de anuncios",0,0,0,0,"En curso","7 días tras clic o 1 día tras visualización",0,,0,0
2026-03-29,2026-03-29,"JY | Conversiones",active,,,,"Con el presupuesto del conjunto de anuncios",0,0,0,0,"En curso","7 días tras clic o 1 día tras visualización",0,,0,0
2026-03-29,2026-03-29,"JY | Awareness",active,,,,"Con el presupuesto del conjunto de anuncios",0,0,0,0,"En curso","1 día tras clic",0,,0,0
2026-03-29,2026-03-29,"Clientes Potenciales - Alta Intencion GEM",inactive,,,,3500,Diario,4108.43,1132,1041,"En curso","7 días tras clic o 1 día tras visualización",3629.355124,0.795053,0.768492,1.678445
2026-03-29,2026-03-29,"Yamil | Campaña de Formularios - CENTRO Argentina",inactive,5,actions:lead,3164.218,7000,Diario,15821.09,5882,4797,"En curso","7 días tras clic o 1 día tras visualización",2689.746685,0.49303,0.604545,0.986059
2026-03-29,2026-03-29,"Yamil | Campaña de Formularios - NO Argentina",inactive,1,actions:lead,5884.64,5000,Diario,5884.64,1767,1543,"En curso","7 días tras clic o 1 día tras visualización",3330.299943,0.339559,0.388853,0.792303
2026-03-29,2026-03-29,"2. Campaña de Conversiones - Copia",inactive,,,,"Con el presupuesto del conjunto de anuncios",0,0,0,0,"En curso","7 días tras clic o 1 día tras visualización",0,,0,0
2026-03-29,2026-03-29,"7. Clientes potenciales - formulario - Copia",inactive,4,actions:lead,4025.8625,"Con el presupuesto del conjunto de anuncios",0,16103.45,4762,4121,"En curso","7 días tras clic o 1 día tras visualización",3381.656867,0.944981,1.01917,1.658967
2026-03-29,2026-03-29,"5. Campaña de Seguidores",inactive,,,,"Con el presupuesto del conjunto de anuncios",0,1807.29,1132,966,"En curso","Configuración de atribución múltiple",1596.545936,2.738516,3.20911,3.091873
2026-03-29,2026-03-29,"Trafico Boxer web",inactive,,,,"Con el presupuesto del conjunto de anuncios",0,0,0,0,"En curso","7 días tras clic o 1 día tras visualización",0,,0,0
2026-03-29,2026-03-29,"Interacción Contenido - Feed",inactive,813,actions:post_engagement,1.57218942,"Con el presupuesto del conjunto de anuncios",0,1278.19,1544,1528,"En curso","7 días tras clic o 1 día tras visualización",827.843264,,0,0.194301
2026-03-28,2026-03-28,"JY | Webinar Mostrador - 17 SEPT 2026",active,,,,"Con el presupuesto del conjunto de anuncios",0,0,0,0,"En curso","7 días tras clic o 1 día tras visualización",0,,0,0
2026-03-28,2026-03-28,"JY | Viajes Presenciales Luciana",active,,,,"Con el presupuesto del conjunto de anuncios",0,0,0,0,"En curso","7 días tras clic o 1 día tras visualización",0,,0,0
2026-03-28,2026-03-28,"JY | Interaccion Boxer Taller",inactive,,,,"Con el presupuesto del conjunto de anuncios",0,0,0,0,"En curso","7 días tras clic o 1 día tras visualización",0,,0,0
2026-03-28,2026-03-28,"JY | Awareness Boxer Taller",active,,,,"Con el presupuesto del conjunto de anuncios",0,0,0,0,"En curso","1 día tras clic",0,,0,0
2026-03-28,2026-03-28,"JY | Conversiones - Copia - Boton a WhatsApp",inactive,,,,"Con el presupuesto del conjunto de anuncios",0,0,0,0,"En curso","7 días tras clic o 1 día tras visualización",0,,0,0
2026-03-28,2026-03-28,"JY | Remarketing",active,,,,"Con el presupuesto del conjunto de anuncios",0,0,0,0,"En curso","7 días tras clic o 1 día tras visualización",0,,0,0
2026-03-28,2026-03-28,"JY | Conversiones",active,,,,"Con el presupuesto del conjunto de anuncios",0,0,0,0,"En curso","7 días tras clic o 1 día tras visualización",0,,0,0
2026-03-28,2026-03-28,"JY | Awareness",active,,,,"Con el presupuesto del conjunto de anuncios",0,0,0,0,"En curso","1 día tras clic",0,,0,0
2026-03-28,2026-03-28,"Clientes Potenciales - Alta Intencion GEM",inactive,,,,3500,Diario,3230.7,1049,1000,"En curso","7 días tras clic o 1 día tras visualización",3079.790276,0.285987,0.3,0.476644
2026-03-28,2026-03-28,"Yamil | Campaña de Formularios - CENTRO Argentina",inactive,3,actions:lead,4423.77333333,7000,Diario,13271.32,5186,4448,"En curso","7 días tras clic o 1 día tras visualización",2559.066718,0.539915,0.629496,1.0027
2026-03-28,2026-03-28,"Yamil | Campaña de Formularios - NO Argentina",inactive,,,,5000,Diario,4852.92,1298,1154,"En curso","7 días tras clic o 1 día tras visualización",3738.767334,0.231125,0.259965,0.770416
2026-03-28,2026-03-28,"2. Campaña de Conversiones - Copia",inactive,,,,"Con el presupuesto del conjunto de anuncios",0,0,0,0,"En curso","7 días tras clic o 1 día tras visualización",0,,0,0
2026-03-28,2026-03-28,"7. Clientes potenciales - formulario - Copia",inactive,4,actions:lead,3300.17,"Con el presupuesto del conjunto de anuncios",0,13200.68,4339,3860,"En curso","7 días tras clic o 1 día tras visualización",3042.332335,0.829684,0.906736,1.336714
2026-03-28,2026-03-28,"5. Campaña de Seguidores",inactive,,,,"Con el presupuesto del conjunto de anuncios",0,1444.88,947,863,"En curso","Configuración de atribución múltiple",1525.744456,1.689546,1.853998,1.795143
2026-03-28,2026-03-28,"Trafico Boxer web",inactive,,,,"Con el presupuesto del conjunto de anuncios",0,0,0,0,"En curso","7 días tras clic o 1 día tras visualización",0,,0,0
2026-03-28,2026-03-28,"Interacción Contenido - Feed",inactive,585,actions:post_engagement,1.83155556,"Con el presupuesto del conjunto de anuncios",0,1071.46,1206,1138,"En curso","7 días tras clic o 1 día tras visualización",888.441128,,0,0.66335
2026-03-27,2026-03-27,"JY | Webinar Mostrador - 17 SEPT 2026",active,,,,"Con el presupuesto del conjunto de anuncios",0,0,0,0,"En curso","7 días tras clic o 1 día tras visualización",0,,0,0
2026-03-27,2026-03-27,"JY | Viajes Presenciales Luciana",active,,,,"Con el presupuesto del conjunto de anuncios",0,0,0,0,"En curso","7 días tras clic o 1 día tras visualización",0,,0,0
2026-03-27,2026-03-27,"JY | Interaccion Boxer Taller",inactive,,,,"Con el presupuesto del conjunto de anuncios",0,0,0,0,"En curso","7 días tras clic o 1 día tras visualización",0,,0,0
2026-03-27,2026-03-27,"JY | Awareness Boxer Taller",active,,,,"Con el presupuesto del conjunto de anuncios",0,0,0,0,"En curso","1 día tras clic",0,,0,0
2026-03-27,2026-03-27,"JY | Conversiones - Copia - Boton a WhatsApp",inactive,,,,"Con el presupuesto del conjunto de anuncios",0,0,0,0,"En curso","7 días tras clic o 1 día tras visualización",0,,0,0
2026-03-27,2026-03-27,"JY | Remarketing",active,,,,"Con el presupuesto del conjunto de anuncios",0,0,0,0,"En curso","7 días tras clic o 1 día tras visualización",0,,0,0
2026-03-27,2026-03-27,"JY | Conversiones",active,,,,"Con el presupuesto del conjunto de anuncios",0,0,0,0,"En curso","7 días tras clic o 1 día tras visualización",0,,0,0
2026-03-27,2026-03-27,"JY | Awareness",active,,,,"Con el presupuesto del conjunto de anuncios",0,0,0,0,"En curso","1 día tras clic",0,,0,0
2026-03-27,2026-03-27,"Clientes Potenciales - Alta Intencion GEM",inactive,,,,3500,Diario,3389.26,1114,998,"En curso","7 días tras clic o 1 día tras visualización",3042.423698,1.077199,1.202405,1.436266
2026-03-27,2026-03-27,"Yamil | Campaña de Formularios - CENTRO Argentina",inactive,3,actions:lead,5301.16666667,7000,Diario,15903.5,6498,5287,"En curso","7 días tras clic o 1 día tras visualización",2447.445368,0.615574,0.737658,1.031086
2026-03-27,2026-03-27,"Yamil | Campaña de Formularios - NO Argentina",inactive,1,actions:lead,3731.02,5000,Diario,3731.02,1297,1143,"En curso","7 días tras clic o 1 día tras visualización",2876.653817,0.693909,0.787402,0.925212
2026-03-27,2026-03-27,"2. Campaña de Conversiones - Copia",inactive,,,,"Con el presupuesto del conjunto de anuncios",0,0,0,0,"En curso","7 días tras clic o 1 día tras visualización",0,,0,0
2026-03-27,2026-03-27,"7. Clientes potenciales - formulario - Copia",inactive,5,actions:lead,2550.472,"Con el presupuesto del conjunto de anuncios",0,12752.36,3961,3454,"En curso","7 días tras clic o 1 día tras visualización",3219.479929,0.631154,0.723798,1.110831
2026-03-27,2026-03-27,"5. Campaña de Seguidores",inactive,,,,"Con el presupuesto del conjunto de anuncios",0,1327.75,700,611,"En curso","Configuración de atribución múltiple",1896.785714,2.714286,3.109656,3.142857
2026-03-27,2026-03-27,"Trafico Boxer web",inactive,,,,"Con el presupuesto del conjunto de anuncios",0,0,0,0,"En curso","7 días tras clic o 1 día tras visualización",0,,0,0
2026-03-27,2026-03-27,"Interacción Contenido - Feed",inactive,722,actions:post_engagement,1.59252078,"Con el presupuesto del conjunto de anuncios",0,1149.8,1386,1345,"En curso","7 días tras clic o 1 día tras visualización",829.58153,0.07215,0.074349,0.2886
2026-03-26,2026-03-26,"JY | Webinar Mostrador - 17 SEPT 2026",active,,,,"Con el presupuesto del conjunto de anuncios",0,0,0,0,"En curso","7 días tras clic o 1 día tras visualización",0,,0,0
2026-03-26,2026-03-26,"JY | Viajes Presenciales Luciana",active,,,,"Con el presupuesto del conjunto de anuncios",0,0,0,0,"En curso","7 días tras clic o 1 día tras visualización",0,,0,0
2026-03-26,2026-03-26,"JY | Interaccion Boxer Taller",inactive,,,,"Con el presupuesto del conjunto de anuncios",0,0,0,0,"En curso","7 días tras clic o 1 día tras visualización",0,,0,0
2026-03-26,2026-03-26,"JY | Awareness Boxer Taller",active,,,,"Con el presupuesto del conjunto de anuncios",0,0,0,0,"En curso","1 día tras clic",0,,0,0
2026-03-26,2026-03-26,"JY | Conversiones - Copia - Boton a WhatsApp",inactive,,,,"Con el presupuesto del conjunto de anuncios",0,0,0,0,"En curso","7 días tras clic o 1 día tras visualización",0,,0,0
2026-03-26,2026-03-26,"JY | Remarketing",active,,,,"Con el presupuesto del conjunto de anuncios",0,0,0,0,"En curso","7 días tras clic o 1 día tras visualización",0,,0,0
2026-03-26,2026-03-26,"JY | Conversiones",active,,,,"Con el presupuesto del conjunto de anuncios",0,0,0,0,"En curso","7 días tras clic o 1 día tras visualización",0,,0,0
2026-03-26,2026-03-26,"JY | Awareness",active,,,,"Con el presupuesto del conjunto de anuncios",0,0,0,0,"En curso","1 día tras clic",0,,0,0
2026-03-26,2026-03-26,"Clientes Potenciales - Alta Intencion GEM",inactive,,,,3500,Diario,3882.9,1346,1182,"En curso","7 días tras clic o 1 día tras visualización",2884.769688,0.742942,0.846024,1.188707
2026-03-26,2026-03-26,"Yamil | Campaña de Formularios - CENTRO Argentina",inactive,4,actions:lead,3907.7525,7000,Diario,15631.01,6396,4928,"En curso","7 días tras clic o 1 día tras visualización",2443.872733,0.828643,0.953734,1.34459
2026-03-26,2026-03-26,"Yamil | Campaña de Formularios - NO Argentina",inactive,,,,5000,Diario,5381.59,2137,1718,"En curso","7 días tras clic o 1 día tras visualización",2518.291998,0.374357,0.465658,0.655124
2026-03-26,2026-03-26,"2. Campaña de Conversiones - Copia",inactive,,,,"Con el presupuesto del conjunto de anuncios",0,0,0,0,"En curso","7 días tras clic o 1 día tras visualización",0,,0,0
2026-03-26,2026-03-26,"7. Clientes potenciales - formulario - Copia",inactive,6,actions:lead,2435.95833333,"Con el presupuesto del conjunto de anuncios",0,14615.75,4697,4111,"En curso","7 días tras clic o 1 día tras visualización",3111.720247,0.681286,0.754074,1.277411
2026-03-26,2026-03-26,"5. Campaña de Seguidores",inactive,,,,"Con el presupuesto del conjunto de anuncios",0,1157.15,582,531,"En curso","Configuración de atribución múltiple",1988.230241,1.890034,2.071563,2.749141
2026-03-26,2026-03-26,"Trafico Boxer web",inactive,,,,"Con el presupuesto del conjunto de anuncios",0,0,0,0,"En curso","7 días tras clic o 1 día tras visualización",0,,0,0
2026-03-26,2026-03-26,"Interacción Contenido - Feed",inactive,722,actions:post_engagement,1.49211911,"Con el presupuesto del conjunto de anuncios",0,1077.31,1409,1339,"En curso","7 días tras clic o 1 día tras visualización",764.591909,,0,0.070972
2026-03-25,2026-03-25,"JY | Webinar Mostrador - 17 SEPT 2026",active,,,,"Con el presupuesto del conjunto de anuncios",0,0,0,0,"En curso","7 días tras clic o 1 día tras visualización",0,,0,0
2026-03-25,2026-03-25,"JY | Viajes Presenciales Luciana",active,,,,"Con el presupuesto del conjunto de anuncios",0,0,0,0,"En curso","7 días tras clic o 1 día tras visualización",0,,0,0
2026-03-25,2026-03-25,"JY | Interaccion Boxer Taller",inactive,,,,"Con el presupuesto del conjunto de anuncios",0,0,0,0,"En curso","7 días tras clic o 1 día tras visualización",0,,0,0
2026-03-25,2026-03-25,"JY | Awareness Boxer Taller",active,,,,"Con el presupuesto del conjunto de anuncios",0,0,0,0,"En curso","1 día tras clic",0,,0,0
2026-03-25,2026-03-25,"JY | Conversiones - Copia - Boton a WhatsApp",inactive,,,,"Con el presupuesto del conjunto de anuncios",0,0,0,0,"En curso","7 días tras clic o 1 día tras visualización",0,,0,0
2026-03-25,2026-03-25,"JY | Remarketing",active,,,,"Con el presupuesto del conjunto de anuncios",0,0,0,0,"En curso","7 días tras clic o 1 día tras visualización",0,,0,0
2026-03-25,2026-03-25,"JY | Conversiones",active,,,,"Con el presupuesto del conjunto de anuncios",0,0,0,0,"En curso","7 días tras clic o 1 día tras visualización",0,,0,0
2026-03-25,2026-03-25,"JY | Awareness",active,,,,"Con el presupuesto del conjunto de anuncios",0,0,0,0,"En curso","1 día tras clic",0,,0,0
2026-03-25,2026-03-25,"Clientes Potenciales - Alta Intencion GEM",inactive,,,,3500,Diario,2589.29,783,721,"En curso","7 días tras clic o 1 día tras visualización",3306.88378,1.149425,1.10957,1.660281
2026-03-25,2026-03-25,"Yamil | Campaña de Formularios - CENTRO Argentina",inactive,2,actions:lead,6816.285,7000,Diario,13632.57,5582,4604,"En curso","7 días tras clic o 1 día tras visualización",2442.237549,0.214977,0.260643,0.68076
2026-03-25,2026-03-25,"Yamil | Campaña de Formularios - NO Argentina",inactive,,,,5000,Diario,5524.49,2017,1728,"En curso","7 días tras clic o 1 día tras visualización",2738.963808,0.198314,0.231481,0.743679
2026-03-25,2026-03-25,"2. Campaña de Conversiones - Copia",inactive,,,,"Con el presupuesto del conjunto de anuncios",0,0,0,0,"En curso","7 días tras clic o 1 día tras visualización",0,,0,0
2026-03-25,2026-03-25,"7. Clientes potenciales - formulario - Copia",inactive,11,actions:lead,1331.98363636,"Con el presupuesto del conjunto de anuncios",0,14651.82,4643,3877,"En curso","7 días tras clic o 1 día tras visualización",3155.679518,0.796899,0.928553,1.378419
2026-03-25,2026-03-25,"5. Campaña de Seguidores",inactive,,,,"Con el presupuesto del conjunto de anuncios",0,1065.39,657,636,"En curso","Configuración de atribución múltiple",1621.598174,3.04414,3.144654,3.652968
2026-03-25,2026-03-25,"Trafico Boxer web",inactive,,,,"Con el presupuesto del conjunto de anuncios",0,0,0,0,"En curso","7 días tras clic o 1 día tras visualización",0,,0,0
2026-03-25,2026-03-25,"Interacción Contenido - Feed",inactive,687,actions:post_engagement,1.48994178,"Con el presupuesto del conjunto de anuncios",0,1023.59,1336,1292,"En curso","7 días tras clic o 1 día tras visualización",766.16018,,0,0.07485
2026-03-24,2026-03-24,"JY | Webinar Mostrador - 17 SEPT 2026",active,,,,"Con el presupuesto del conjunto de anuncios",0,0,0,0,"En curso","7 días tras clic o 1 día tras visualización",0,,0,0
2026-03-24,2026-03-24,"JY | Viajes Presenciales Luciana",active,,,,"Con el presupuesto del conjunto de anuncios",0,0,0,0,"En curso","7 días tras clic o 1 día tras visualización",0,,0,0
2026-03-24,2026-03-24,"JY | Interaccion Boxer Taller",inactive,,,,"Con el presupuesto del conjunto de anuncios",0,0,0,0,"En curso","7 días tras clic o 1 día tras visualización",0,,0,0
2026-03-24,2026-03-24,"JY | Awareness Boxer Taller",active,,,,"Con el presupuesto del conjunto de anuncios",0,0,0,0,"En curso","1 día tras clic",0,,0,0
2026-03-24,2026-03-24,"JY | Conversiones - Copia - Boton a WhatsApp",inactive,,,,"Con el presupuesto del conjunto de anuncios",0,0,0,0,"En curso","7 días tras clic o 1 día tras visualización",0,,0,0
2026-03-24,2026-03-24,"JY | Remarketing",active,,,,"Con el presupuesto del conjunto de anuncios",0,0,0,0,"En curso","7 días tras clic o 1 día tras visualización",0,,0,0
2026-03-24,2026-03-24,"JY | Conversiones",active,,,,"Con el presupuesto del conjunto de anuncios",0,0,0,0,"En curso","7 días tras clic o 1 día tras visualización",0,,0,0
2026-03-24,2026-03-24,"JY | Awareness",active,,,,"Con el presupuesto del conjunto de anuncios",0,0,0,0,"En curso","1 día tras clic",0,,0,0
2026-03-24,2026-03-24,"Clientes Potenciales - Alta Intencion GEM",inactive,1,actions:lead,3559.19,3500,Diario,3559.19,1341,1196,"En curso","7 días tras clic o 1 día tras visualización",2654.131245,0.820283,0.919732,1.86428
2026-03-24,2026-03-24,"Yamil | Campaña de Formularios - CENTRO Argentina",inactive,2,actions:lead,8503.965,7000,Diario,17007.93,6675,5608,"En curso","7 días tras clic o 1 día tras visualización",2548.004494,0.224719,0.267475,0.749064
2026-03-24,2026-03-24,"Yamil | Campaña de Formularios - NO Argentina",inactive,,,,5000,Diario,4682.1,1808,1483,"En curso","7 días tras clic o 1 día tras visualización",2589.65708,0.05531,0.067431,0.221239
2026-03-24,2026-03-24,"2. Campaña de Conversiones - Copia",inactive,,,,"Con el presupuesto del conjunto de anuncios",0,0,0,0,"En curso","7 días tras clic o 1 día tras visualización",0,,0,0
2026-03-24,2026-03-24,"7. Clientes potenciales - formulario - Copia",inactive,8,actions:lead,1814.7575,"Con el presupuesto del conjunto de anuncios",0,14518.06,5237,4573,"En curso","7 días tras clic o 1 día tras visualización",2772.20928,0.725606,0.787229,1.317548
2026-03-24,2026-03-24,"5. Campaña de Seguidores",inactive,,,,"Con el presupuesto del conjunto de anuncios",0,2409.63,1803,1643,"En curso","Configuración de atribución múltiple",1336.455907,2.163062,2.312842,2.440377
2026-03-24,2026-03-24,"Trafico Boxer web",inactive,,,,"Con el presupuesto del conjunto de anuncios",0,0,0,0,"En curso","7 días tras clic o 1 día tras visualización",0,,0,0
2026-03-24,2026-03-24,"Interacción Contenido - Feed",inactive,750,actions:post_engagement,1.36042667,"Con el presupuesto del conjunto de anuncios",0,1020.32,1401,1366,"En curso","7 días tras clic o 1 día tras visualización",728.2798,,0,0.356888
2026-03-23,2026-03-23,"JY | Webinar Mostrador - 17 SEPT 2026",active,,,,"Con el presupuesto del conjunto de anuncios",0,0,0,0,"En curso","7 días tras clic o 1 día tras visualización",0,,0,0
2026-03-23,2026-03-23,"JY | Viajes Presenciales Luciana",active,,,,"Con el presupuesto del conjunto de anuncios",0,0,0,0,"En curso","7 días tras clic o 1 día tras visualización",0,,0,0
2026-03-23,2026-03-23,"JY | Interaccion Boxer Taller",inactive,,,,"Con el presupuesto del conjunto de anuncios",0,0,0,0,"En curso","7 días tras clic o 1 día tras visualización",0,,0,0
2026-03-23,2026-03-23,"JY | Awareness Boxer Taller",active,,,,"Con el presupuesto del conjunto de anuncios",0,0,0,0,"En curso","1 día tras clic",0,,0,0
2026-03-23,2026-03-23,"JY | Conversiones - Copia - Boton a WhatsApp",inactive,,,,"Con el presupuesto del conjunto de anuncios",0,0,0,0,"En curso","7 días tras clic o 1 día tras visualización",0,,0,0
2026-03-23,2026-03-23,"JY | Remarketing",active,,,,"Con el presupuesto del conjunto de anuncios",0,0,0,0,"En curso","7 días tras clic o 1 día tras visualización",0,,0,0
2026-03-23,2026-03-23,"JY | Conversiones",active,,,,"Con el presupuesto del conjunto de anuncios",0,0,0,0,"En curso","7 días tras clic o 1 día tras visualización",0,,0,0
2026-03-23,2026-03-23,"JY | Awareness",active,,,,"Con el presupuesto del conjunto de anuncios",0,0,0,0,"En curso","1 día tras clic",0,,0,0
2026-03-23,2026-03-23,"Clientes Potenciales - Alta Intencion GEM",inactive,3,actions:lead,1253.36666667,3500,Diario,3760.1,1150,1048,"En curso","7 días tras clic o 1 día tras visualización",3269.652174,0.782609,0.858779,1.73913
2026-03-23,2026-03-23,"Yamil | Campaña de Formularios - CENTRO Argentina",inactive,4,actions:lead,3601.7825,7000,Diario,14407.13,6655,5502,"En curso","7 días tras clic o 1 día tras visualización",2164.858002,0.450789,0.508906,0.93163
2026-03-23,2026-03-23,"Yamil | Campaña de Formularios - NO Argentina",inactive,,,,5000,Diario,5234.21,1941,1586,"En curso","7 días tras clic o 1 día tras visualización",2696.656363,0.463679,0.567465,0.875837
2026-03-23,2026-03-23,"2. Campaña de Conversiones - Copia",inactive,,,,"Con el presupuesto del conjunto de anuncios",0,0,0,0,"En curso","7 días tras clic o 1 día tras visualización",0,,0,0
2026-03-23,2026-03-23,"7. Clientes potenciales - formulario - Copia",inactive,4,actions:lead,3184.0575,"Con el presupuesto del conjunto de anuncios",0,12736.23,3956,3363,"En curso","7 días tras clic o 1 día tras visualización",3219.471689,0.65723,0.743384,1.188069
2026-03-23,2026-03-23,"5. Campaña de Seguidores",inactive,,,,"Con el presupuesto del conjunto de anuncios",0,1458.82,1082,985,"En curso","Configuración de atribución múltiple",1348.262477,1.016636,1.116751,1.386322
2026-03-23,2026-03-23,"Trafico Boxer web",inactive,,,,"Con el presupuesto del conjunto de anuncios",0,0,0,0,"En curso","7 días tras clic o 1 día tras visualización",0,,0,0
2026-03-23,2026-03-23,"Interacción Contenido - Feed",inactive,768,actions:post_engagement,1.51884115,"Con el presupuesto del conjunto de anuncios",0,1166.47,1589,1522,"En curso","7 días tras clic o 1 día tras visualización",734.090623,,0,0.440529
2026-03-22,2026-03-22,"JY | Webinar Mostrador - 17 SEPT 2026",active,,,,"Con el presupuesto del conjunto de anuncios",0,0,0,0,"En curso","7 días tras clic o 1 día tras visualización",0,,0,0
2026-03-22,2026-03-22,"JY | Viajes Presenciales Luciana",active,,,,"Con el presupuesto del conjunto de anuncios",0,0,0,0,"En curso","7 días tras clic o 1 día tras visualización",0,,0,0
2026-03-22,2026-03-22,"JY | Interaccion Boxer Taller",inactive,,,,"Con el presupuesto del conjunto de anuncios",0,0,0,0,"En curso","7 días tras clic o 1 día tras visualización",0,,0,0
2026-03-22,2026-03-22,"JY | Awareness Boxer Taller",active,,,,"Con el presupuesto del conjunto de anuncios",0,0,0,0,"En curso","1 día tras clic",0,,0,0
2026-03-22,2026-03-22,"JY | Conversiones - Copia - Boton a WhatsApp",inactive,,,,"Con el presupuesto del conjunto de anuncios",0,0,0,0,"En curso","7 días tras clic o 1 día tras visualización",0,,0,0
2026-03-22,2026-03-22,"JY | Remarketing",active,,,,"Con el presupuesto del conjunto de anuncios",0,0,0,0,"En curso","7 días tras clic o 1 día tras visualización",0,,0,0
2026-03-22,2026-03-22,"JY | Conversiones",active,,,,"Con el presupuesto del conjunto de anuncios",0,0,0,0,"En curso","7 días tras clic o 1 día tras visualización",0,,0,0
2026-03-22,2026-03-22,"JY | Awareness",active,,,,"Con el presupuesto del conjunto de anuncios",0,0,0,0,"En curso","1 día tras clic",0,,0,0
2026-03-22,2026-03-22,"Clientes Potenciales - Alta Intencion GEM",inactive,,,,3500,Diario,4057.42,1377,1247,"En curso","7 días tras clic o 1 día tras visualización",2946.564996,0.363108,0.400962,0.87146
2026-03-22,2026-03-22,"Yamil | Campaña de Formularios - CENTRO Argentina",inactive,1,actions:lead,15082.15,7000,Diario,15082.15,7446,6259,"En curso","7 días tras clic o 1 día tras visualización",2025.537201,0.308891,0.367471,0.617781
2026-03-22,2026-03-22,"Yamil | Campaña de Formularios - NO Argentina",inactive,,,,5000,Diario,5378.96,2290,1884,"En curso","7 días tras clic o 1 día tras visualización",2348.89083,0.262009,0.318471,0.742358
2026-03-22,2026-03-22,"2. Campaña de Conversiones - Copia",inactive,,,,"Con el presupuesto del conjunto de anuncios",0,0,0,0,"En curso","7 días tras clic o 1 día tras visualización",0,,0,0
2026-03-22,2026-03-22,"7. Clientes potenciales - formulario - Copia",inactive,8,actions:lead,1920.745,"Con el presupuesto del conjunto de anuncios",0,15365.96,4498,3821,"En curso","7 días tras clic o 1 día tras visualización",3416.176078,0.800356,0.889819,1.645176
2026-03-22,2026-03-22,"5. Campaña de Seguidores",inactive,,,,"Con el presupuesto del conjunto de anuncios",0,1628.61,1119,961,"En curso","Configuración de atribución múltiple",1455.41555,1.78731,1.977107,2.5916
2026-03-22,2026-03-22,"Trafico Boxer web",inactive,,,,"Con el presupuesto del conjunto de anuncios",0,0,0,0,"En curso","7 días tras clic o 1 día tras visualización",0,,0,0
2026-03-22,2026-03-22,"Interacción Contenido - Feed",inactive,726,actions:post_engagement,1.63028926,"Con el presupuesto del conjunto de anuncios",0,1183.59,1523,1410,"En curso","7 días tras clic o 1 día tras visualización",777.143795,0.06566,0.070922,0.328299
2026-03-21,2026-03-21,"JY | Webinar Mostrador - 17 SEPT 2026",active,,,,"Con el presupuesto del conjunto de anuncios",0,0,0,0,"En curso","7 días tras clic o 1 día tras visualización",0,,0,0
2026-03-21,2026-03-21,"JY | Viajes Presenciales Luciana",active,,,,"Con el presupuesto del conjunto de anuncios",0,0,0,0,"En curso","7 días tras clic o 1 día tras visualización",0,,0,0
2026-03-21,2026-03-21,"JY | Interaccion Boxer Taller",inactive,,,,"Con el presupuesto del conjunto de anuncios",0,0,0,0,"En curso","7 días tras clic o 1 día tras visualización",0,,0,0
2026-03-21,2026-03-21,"JY | Awareness Boxer Taller",active,,,,"Con el presupuesto del conjunto de anuncios",0,0,0,0,"En curso","1 día tras clic",0,,0,0
2026-03-21,2026-03-21,"JY | Conversiones - Copia - Boton a WhatsApp",inactive,,,,"Con el presupuesto del conjunto de anuncios",0,0,0,0,"En curso","7 días tras clic o 1 día tras visualización",0,,0,0
2026-03-21,2026-03-21,"JY | Remarketing",active,,,,"Con el presupuesto del conjunto de anuncios",0,0,0,0,"En curso","7 días tras clic o 1 día tras visualización",0,,0,0
2026-03-21,2026-03-21,"JY | Conversiones",active,,,,"Con el presupuesto del conjunto de anuncios",0,0,0,0,"En curso","7 días tras clic o 1 día tras visualización",0,,0,0
2026-03-21,2026-03-21,"JY | Awareness",active,,,,"Con el presupuesto del conjunto de anuncios",0,0,0,0,"En curso","1 día tras clic",0,,0,0
2026-03-21,2026-03-21,"Clientes Potenciales - Alta Intencion GEM",inactive,1,actions:lead,2943.04,3500,Diario,2943.04,1028,948,"En curso","7 días tras clic o 1 día tras visualización",2862.879377,0.486381,0.527426,1.361868
2026-03-21,2026-03-21,"Yamil | Campaña de Formularios - CENTRO Argentina",inactive,2,actions:lead,7410.14,7000,Diario,14820.28,6547,5628,"En curso","7 días tras clic o 1 día tras visualización",2263.674966,0.381854,0.444208,0.855354
2026-03-21,2026-03-21,"Yamil | Campaña de Formularios - NO Argentina",inactive,2,actions:lead,2459.665,5000,Diario,4919.33,2004,1716,"En curso","7 días tras clic o 1 día tras visualización",2454.755489,0.449102,0.524476,1.147705
2026-03-21,2026-03-21,"2. Campaña de Conversiones - Copia",inactive,,,,"Con el presupuesto del conjunto de anuncios",0,0,0,0,"En curso","7 días tras clic o 1 día tras visualización",0,,0,0
2026-03-21,2026-03-21,"7. Clientes potenciales - formulario - Copia",inactive,6,actions:lead,2251.84,"Con el presupuesto del conjunto de anuncios",0,13511.04,4153,3667,"En curso","7 días tras clic o 1 día tras visualización",3253.320491,0.674211,0.736297,1.372502
2026-03-21,2026-03-21,"5. Campaña de Seguidores",inactive,,,,"Con el presupuesto del conjunto de anuncios",0,1469.24,913,789,"En curso","Configuración de atribución múltiple",1609.24425,0.657174,0.760456,1.09529
2026-03-21,2026-03-21,"Trafico Boxer web",inactive,,,,"Con el presupuesto del conjunto de anuncios",0,0,0,0,"En curso","7 días tras clic o 1 día tras visualización",0,,0,0
2026-03-21,2026-03-21,"Interacción Contenido - Feed",inactive,1095,actions:post_engagement,1.73196347,"Con el presupuesto del conjunto de anuncios",0,1896.5,2301,2158,"En curso","7 días tras clic o 1 día tras visualización",824.206867,0.043459,0.046339,0.478053
2026-03-20,2026-03-20,"JY | Webinar Mostrador - 17 SEPT 2026",active,,,,"Con el presupuesto del conjunto de anuncios",0,0,0,0,"En curso","7 días tras clic o 1 día tras visualización",0,,0,0
2026-03-20,2026-03-20,"JY | Viajes Presenciales Luciana",active,,,,"Con el presupuesto del conjunto de anuncios",0,0,0,0,"En curso","7 días tras clic o 1 día tras visualización",0,,0,0
2026-03-20,2026-03-20,"JY | Interaccion Boxer Taller",inactive,,,,"Con el presupuesto del conjunto de anuncios",0,0,0,0,"En curso","7 días tras clic o 1 día tras visualización",0,,0,0
2026-03-20,2026-03-20,"JY | Awareness Boxer Taller",active,,,,"Con el presupuesto del conjunto de anuncios",0,0,0,0,"En curso","1 día tras clic",0,,0,0
2026-03-20,2026-03-20,"JY | Conversiones - Copia - Boton a WhatsApp",inactive,,,,"Con el presupuesto del conjunto de anuncios",0,0,0,0,"En curso","7 días tras clic o 1 día tras visualización",0,,0,0
2026-03-20,2026-03-20,"JY | Remarketing",active,,,,"Con el presupuesto del conjunto de anuncios",0,0,0,0,"En curso","7 días tras clic o 1 día tras visualización",0,,0,0
2026-03-20,2026-03-20,"JY | Conversiones",active,,,,"Con el presupuesto del conjunto de anuncios",0,0,0,0,"En curso","7 días tras clic o 1 día tras visualización",0,,0,0
2026-03-20,2026-03-20,"JY | Awareness",active,,,,"Con el presupuesto del conjunto de anuncios",0,0,0,0,"En curso","1 día tras clic",0,,0,0
2026-03-20,2026-03-20,"Clientes Potenciales - Alta Intencion GEM",inactive,,,,3500,Diario,3101.06,1016,932,"En curso","7 días tras clic o 1 día tras visualización",3052.224409,0.393701,0.429185,1.377953
2026-03-20,2026-03-20,"Yamil | Campaña de Formularios - CENTRO Argentina",inactive,3,actions:lead,4538.68666667,7000,Diario,13616.06,5879,4947,"En curso","7 días tras clic o 1 día tras visualización",2316.050349,0.425242,0.485143,0.850485
2026-03-20,2026-03-20,"Yamil | Campaña de Formularios - NO Argentina",inactive,,,,5000,Diario,4992.89,1822,1545,"En curso","7 días tras clic o 1 día tras visualización",2740.334797,0.493963,0.582524,0.658617
2026-03-20,2026-03-20,"2. Campaña de Conversiones - Copia",inactive,,,,"Con el presupuesto del conjunto de anuncios",0,0,0,0,"En curso","7 días tras clic o 1 día tras visualización",0,,0,0
2026-03-20,2026-03-20,"7. Clientes potenciales - formulario - Copia",inactive,3,actions:lead,4372.05666667,"Con el presupuesto del conjunto de anuncios",0,13116.17,4432,3872,"En curso","7 días tras clic o 1 día tras visualización",2959.424639,0.564079,0.645661,1.195848
2026-03-20,2026-03-20,"5. Campaña de Seguidores",inactive,,,,"Con el presupuesto del conjunto de anuncios",0,1505.96,966,825,"En curso","Configuración de atribución múltiple",1558.964803,0.414079,0.484848,1.035197
2026-03-20,2026-03-20,"Trafico Boxer web",inactive,,,,"Con el presupuesto del conjunto de anuncios",0,0,0,0,"En curso","7 días tras clic o 1 día tras visualización",0,,0,0
2026-03-20,2026-03-20,"Interacción Contenido - Feed",inactive,972,actions:post_engagement,1.84430041,"Con el presupuesto del conjunto de anuncios",0,1792.66,2184,2022,"En curso","7 días tras clic o 1 día tras visualización",820.815018,0.091575,0.098912,0.457875
2026-03-19,2026-03-19,"JY | Webinar Mostrador - 17 SEPT 2026",active,,,,"Con el presupuesto del conjunto de anuncios",0,0,0,0,"En curso","7 días tras clic o 1 día tras visualización",0,,0,0
2026-03-19,2026-03-19,"JY | Viajes Presenciales Luciana",active,,,,"Con el presupuesto del conjunto de anuncios",0,0,0,0,"En curso","7 días tras clic o 1 día tras visualización",0,,0,0
2026-03-19,2026-03-19,"JY | Interaccion Boxer Taller",inactive,,,,"Con el presupuesto del conjunto de anuncios",0,0,0,0,"En curso","7 días tras clic o 1 día tras visualización",0,,0,0
2026-03-19,2026-03-19,"JY | Awareness Boxer Taller",active,,,,"Con el presupuesto del conjunto de anuncios",0,0,0,0,"En curso","1 día tras clic",0,,0,0
2026-03-19,2026-03-19,"JY | Conversiones - Copia - Boton a WhatsApp",inactive,,,,"Con el presupuesto del conjunto de anuncios",0,0,0,0,"En curso","7 días tras clic o 1 día tras visualización",0,,0,0
2026-03-19,2026-03-19,"JY | Remarketing",active,,,,"Con el presupuesto del conjunto de anuncios",0,0,0,0,"En curso","7 días tras clic o 1 día tras visualización",0,,0,0
2026-03-19,2026-03-19,"JY | Conversiones",active,,,,"Con el presupuesto del conjunto de anuncios",0,0,0,0,"En curso","7 días tras clic o 1 día tras visualización",0,,0,0
2026-03-19,2026-03-19,"JY | Awareness",active,,,,"Con el presupuesto del conjunto de anuncios",0,0,0,0,"En curso","1 día tras clic",0,,0,0
2026-03-19,2026-03-19,"Clientes Potenciales - Alta Intencion GEM",inactive,,,,3500,Diario,2793.55,774,695,"En curso","7 días tras clic o 1 día tras visualización",3609.237726,0.775194,0.863309,1.808786
2026-03-19,2026-03-19,"Yamil | Campaña de Formularios - CENTRO Argentina",inactive,1,actions:lead,13555.94,7000,Diario,13555.94,5480,4512,"En curso","7 días tras clic o 1 día tras visualización",2473.711679,0.419708,0.509752,0.729927
2026-03-19,2026-03-19,"Yamil | Campaña de Formularios - NO Argentina",inactive,2,actions:lead,2052.885,5000,Diario,4105.77,1533,1277,"En curso","7 días tras clic o 1 día tras visualización",2678.258317,0.587084,0.704777,1.043705
2026-03-19,2026-03-19,"2. Campaña de Conversiones - Copia",inactive,,,,"Con el presupuesto del conjunto de anuncios",0,0,0,0,"En curso","7 días tras clic o 1 día tras visualización",0,,0,0
2026-03-19,2026-03-19,"7. Clientes potenciales - formulario - Copia",inactive,9,actions:lead,1410.75333333,"Con el presupuesto del conjunto de anuncios",0,12696.78,3998,3509,"En curso","7 días tras clic o 1 día tras visualización",3175.782891,1.025513,1.139926,1.8009
2026-03-19,2026-03-19,"5. Campaña de Seguidores",inactive,,,,"Con el presupuesto del conjunto de anuncios",0,1310.81,1025,844,"En curso","Configuración de atribución múltiple",1278.839024,0.487805,0.592417,1.170732
2026-03-19,2026-03-19,"Trafico Boxer web",inactive,,,,"Con el presupuesto del conjunto de anuncios",0,0,0,0,"En curso","7 días tras clic o 1 día tras visualización",0,,0,0
2026-03-19,2026-03-19,"Interacción Contenido - Feed",inactive,1002,actions:post_engagement,1.76516966,"Con el presupuesto del conjunto de anuncios",0,1768.7,2232,2049,"En curso","7 días tras clic o 1 día tras visualización",792.428315,,0,0.31362
2026-03-18,2026-03-18,"JY | Webinar Mostrador - 17 SEPT 2026",active,,,,"Con el presupuesto del conjunto de anuncios",0,0,0,0,"En curso","7 días tras clic o 1 día tras visualización",0,,0,0
2026-03-18,2026-03-18,"JY | Viajes Presenciales Luciana",active,,,,"Con el presupuesto del conjunto de anuncios",0,0,0,0,"En curso","7 días tras clic o 1 día tras visualización",0,,0,0
2026-03-18,2026-03-18,"JY | Interaccion Boxer Taller",inactive,,,,"Con el presupuesto del conjunto de anuncios",0,0,0,0,"En curso","7 días tras clic o 1 día tras visualización",0,,0,0
2026-03-18,2026-03-18,"JY | Awareness Boxer Taller",active,,,,"Con el presupuesto del conjunto de anuncios",0,0,0,0,"En curso","1 día tras clic",0,,0,0
2026-03-18,2026-03-18,"JY | Conversiones - Copia - Boton a WhatsApp",inactive,,,,"Con el presupuesto del conjunto de anuncios",0,0,0,0,"En curso","7 días tras clic o 1 día tras visualización",0,,0,0
2026-03-18,2026-03-18,"JY | Remarketing",active,,,,"Con el presupuesto del conjunto de anuncios",0,0,0,0,"En curso","7 días tras clic o 1 día tras visualización",0,,0,0
2026-03-18,2026-03-18,"JY | Conversiones",active,,,,"Con el presupuesto del conjunto de anuncios",0,0,0,0,"En curso","7 días tras clic o 1 día tras visualización",0,,0,0
2026-03-18,2026-03-18,"JY | Awareness",active,,,,"Con el presupuesto del conjunto de anuncios",0,0,0,0,"En curso","1 día tras clic",0,,0,0
2026-03-18,2026-03-18,"Clientes Potenciales - Alta Intencion GEM",inactive,,,,3500,Diario,3764.57,1065,951,"En curso","7 días tras clic o 1 día tras visualización",3534.807512,0.56338,0.525762,1.032864
2026-03-18,2026-03-18,"Yamil | Campaña de Formularios - CENTRO Argentina",inactive,4,actions:lead,4066.945,7000,Diario,16267.78,6706,5413,"En curso","7 días tras clic o 1 día tras visualización",2425.854459,0.417537,0.517273,0.954369
2026-03-18,2026-03-18,"Yamil | Campaña de Formularios - NO Argentina",inactive,1,actions:lead,4946.59,5000,Diario,4946.59,2152,1765,"En curso","7 días tras clic o 1 día tras visualización",2298.601301,0.418216,0.453258,0.697026
2026-03-18,2026-03-18,"2. Campaña de Conversiones - Copia",inactive,,,,"Con el presupuesto del conjunto de anuncios",0,0,0,0,"En curso","7 días tras clic o 1 día tras visualización",0,,0,0
2026-03-18,2026-03-18,"7. Clientes potenciales - formulario - Copia",inactive,9,actions:lead,1605.01888889,"Con el presupuesto del conjunto de anuncios",0,14445.17,4572,3866,"En curso","7 días tras clic o 1 día tras visualización",3159.486002,0.831146,0.982928,1.684164
2026-03-18,2026-03-18,"5. Campaña de Seguidores",inactive,,,,"Con el presupuesto del conjunto de anuncios",0,1520.68,1022,884,"En curso","Configuración de atribución múltiple",1487.945205,0.587084,0.678733,1.076321
2026-03-18,2026-03-18,"Trafico Boxer web",inactive,,,,"Con el presupuesto del conjunto de anuncios",0,0,0,0,"En curso","7 días tras clic o 1 día tras visualización",0,,0,0
2026-03-18,2026-03-18,"Interacción Contenido - Feed",inactive,631,actions:post_engagement,1.79757528,"Con el presupuesto del conjunto de anuncios",0,1134.27,1463,1422,"En curso","7 días tras clic o 1 día tras visualización",775.30417,0.136705,0.140647,0.205058
2026-03-17,2026-03-17,"JY | Webinar Mostrador - 17 SEPT 2026",active,,,,"Con el presupuesto del conjunto de anuncios",0,0,0,0,"En curso","7 días tras clic o 1 día tras visualización",0,,0,0
2026-03-17,2026-03-17,"JY | Viajes Presenciales Luciana",active,,,,"Con el presupuesto del conjunto de anuncios",0,0,0,0,"En curso","7 días tras clic o 1 día tras visualización",0,,0,0
2026-03-17,2026-03-17,"JY | Interaccion Boxer Taller",inactive,,,,"Con el presupuesto del conjunto de anuncios",0,0,0,0,"En curso","7 días tras clic o 1 día tras visualización",0,,0,0
2026-03-17,2026-03-17,"JY | Awareness Boxer Taller",active,,,,"Con el presupuesto del conjunto de anuncios",0,0,0,0,"En curso","1 día tras clic",0,,0,0
2026-03-17,2026-03-17,"JY | Conversiones - Copia - Boton a WhatsApp",inactive,,,,"Con el presupuesto del conjunto de anuncios",0,0,0,0,"En curso","7 días tras clic o 1 día tras visualización",0,,0,0
2026-03-17,2026-03-17,"JY | Remarketing",active,,,,"Con el presupuesto del conjunto de anuncios",0,0,0,0,"En curso","7 días tras clic o 1 día tras visualización",0,,0,0
2026-03-17,2026-03-17,"JY | Conversiones",active,,,,"Con el presupuesto del conjunto de anuncios",0,0,0,0,"En curso","7 días tras clic o 1 día tras visualización",0,,0,0
2026-03-17,2026-03-17,"JY | Awareness",active,,,,"Con el presupuesto del conjunto de anuncios",0,0,0,0,"En curso","1 día tras clic",0,,0,0
2026-03-17,2026-03-17,"Clientes Potenciales - Alta Intencion GEM",inactive,,,,3500,Diario,4347.27,1192,1105,"En curso","7 días tras clic o 1 día tras visualización",3647.038591,0.671141,0.723982,1.258389
2026-03-17,2026-03-17,"Yamil | Campaña de Formularios - CENTRO Argentina",inactive,5,actions:lead,2770.592,7000,Diario,13852.96,5932,5119,"En curso","7 días tras clic o 1 día tras visualización",2335.293324,0.455158,0.527447,0.944032
2026-03-17,2026-03-17,"Yamil | Campaña de Formularios - NO Argentina",inactive,,,,5000,Diario,5585.88,1930,1545,"En curso","7 días tras clic o 1 día tras visualización",2894.238342,0.466321,0.582524,1.036269
2026-03-17,2026-03-17,"2. Campaña de Conversiones - Copia",inactive,,,,"Con el presupuesto del conjunto de anuncios",0,0,0,0,"En curso","7 días tras clic o 1 día tras visualización",0,,0,0
2026-03-17,2026-03-17,"7. Clientes potenciales - formulario - Copia",inactive,5,actions:lead,2638.414,"Con el presupuesto del conjunto de anuncios",0,13192.07,4348,3779,"En curso","7 días tras clic o 1 día tras visualización",3034.054738,0.666973,0.714475,1.195952
2026-03-17,2026-03-17,"5. Campaña de Seguidores",inactive,,,,"Con el presupuesto del conjunto de anuncios",0,1375.85,1108,993,"En curso","Configuración de atribución múltiple",1241.741877,0.722022,0.704935,1.534296
2026-03-17,2026-03-17,"Trafico Boxer web",inactive,,,,"Con el presupuesto del conjunto de anuncios",0,0,0,0,"En curso","7 días tras clic o 1 día tras visualización",0,,0,0
2026-03-17,2026-03-17,"Interacción Contenido - Feed",inactive,,,,"Con el presupuesto del conjunto de anuncios",0,0,0,0,"En curso","7 días tras clic o 1 día tras visualización",0,,0,0
2026-03-16,2026-03-16,"JY | Webinar Mostrador - 17 SEPT 2026",active,,,,"Con el presupuesto del conjunto de anuncios",0,0,0,0,"En curso","7 días tras clic o 1 día tras visualización",0,,0,0
2026-03-16,2026-03-16,"JY | Viajes Presenciales Luciana",active,,,,"Con el presupuesto del conjunto de anuncios",0,0,0,0,"En curso","7 días tras clic o 1 día tras visualización",0,,0,0
2026-03-16,2026-03-16,"JY | Interaccion Boxer Taller",inactive,,,,"Con el presupuesto del conjunto de anuncios",0,0,0,0,"En curso","7 días tras clic o 1 día tras visualización",0,,0,0
2026-03-16,2026-03-16,"JY | Awareness Boxer Taller",active,,,,"Con el presupuesto del conjunto de anuncios",0,0,0,0,"En curso","1 día tras clic",0,,0,0
2026-03-16,2026-03-16,"JY | Conversiones - Copia - Boton a WhatsApp",inactive,,,,"Con el presupuesto del conjunto de anuncios",0,0,0,0,"En curso","7 días tras clic o 1 día tras visualización",0,,0,0
2026-03-16,2026-03-16,"JY | Remarketing",active,,,,"Con el presupuesto del conjunto de anuncios",0,0,0,0,"En curso","7 días tras clic o 1 día tras visualización",0,,0,0
2026-03-16,2026-03-16,"JY | Conversiones",active,,,,"Con el presupuesto del conjunto de anuncios",0,0,0,0,"En curso","7 días tras clic o 1 día tras visualización",0,,0,0
2026-03-16,2026-03-16,"JY | Awareness",active,,,,"Con el presupuesto del conjunto de anuncios",0,0,0,0,"En curso","1 día tras clic",0,,0,0
2026-03-16,2026-03-16,"Clientes Potenciales - Alta Intencion GEM",inactive,,,,3500,Diario,3681.65,958,907,"En curso","7 días tras clic o 1 día tras visualización",3843.058455,0.521921,0.551268,1.25261
2026-03-16,2026-03-16,"Yamil | Campaña de Formularios - CENTRO Argentina",inactive,,,,7000,Diario,18416.64,7012,5802,"En curso","7 días tras clic o 1 día tras visualización",2626.446092,0.328009,0.396415,0.67028
2026-03-16,2026-03-16,"Yamil | Campaña de Formularios - NO Argentina",inactive,1,actions:lead,4998.27,5000,Diario,4998.27,1916,1606,"En curso","7 días tras clic o 1 día tras visualización",2608.700418,0.365344,0.435866,0.730689
2026-03-16,2026-03-16,"2. Campaña de Conversiones - Copia",inactive,,,,"Con el presupuesto del conjunto de anuncios",0,0,0,0,"En curso","7 días tras clic o 1 día tras visualización",0,,0,0
2026-03-16,2026-03-16,"7. Clientes potenciales - formulario - Copia",inactive,5,actions:lead,3144.15,"Con el presupuesto del conjunto de anuncios",0,15720.75,4591,3855,"En curso","7 días tras clic o 1 día tras visualización",3424.253975,0.740579,0.881971,1.459377
2026-03-16,2026-03-16,"5. Campaña de Seguidores",inactive,,,,"Con el presupuesto del conjunto de anuncios",0,1511.88,1146,912,"En curso","Configuración de atribución múltiple",1319.267016,0.95986,0.986842,1.396161
2026-03-16,2026-03-16,"Trafico Boxer web",inactive,,,,"Con el presupuesto del conjunto de anuncios",0,0,0,0,"En curso","7 días tras clic o 1 día tras visualización",0,,0,0
2026-03-16,2026-03-16,"Interacción Contenido - Feed",inactive,,,,"Con el presupuesto del conjunto de anuncios",0,0,0,0,"En curso","7 días tras clic o 1 día tras visualización",0,,0,0
2026-03-15,2026-03-15,"JY | Webinar Mostrador - 17 SEPT 2026",active,,,,"Con el presupuesto del conjunto de anuncios",0,0,0,0,"En curso","7 días tras clic o 1 día tras visualización",0,,0,0
2026-03-15,2026-03-15,"JY | Viajes Presenciales Luciana",active,,,,"Con el presupuesto del conjunto de anuncios",0,0,0,0,"En curso","7 días tras clic o 1 día tras visualización",0,,0,0
2026-03-15,2026-03-15,"JY | Interaccion Boxer Taller",inactive,,,,"Con el presupuesto del conjunto de anuncios",0,0,0,0,"En curso","7 días tras clic o 1 día tras visualización",0,,0,0
2026-03-15,2026-03-15,"JY | Awareness Boxer Taller",active,,,,"Con el presupuesto del conjunto de anuncios",0,0,0,0,"En curso","1 día tras clic",0,,0,0
2026-03-15,2026-03-15,"JY | Conversiones - Copia - Boton a WhatsApp",inactive,,,,"Con el presupuesto del conjunto de anuncios",0,0,0,0,"En curso","7 días tras clic o 1 día tras visualización",0,,0,0
2026-03-15,2026-03-15,"JY | Remarketing",active,,,,"Con el presupuesto del conjunto de anuncios",0,0,0,0,"En curso","7 días tras clic o 1 día tras visualización",0,,0,0
2026-03-15,2026-03-15,"JY | Conversiones",active,,,,"Con el presupuesto del conjunto de anuncios",0,0,0,0,"En curso","7 días tras clic o 1 día tras visualización",0,,0,0
2026-03-15,2026-03-15,"JY | Awareness",active,,,,"Con el presupuesto del conjunto de anuncios",0,0,0,0,"En curso","1 día tras clic",0,,0,0
2026-03-15,2026-03-15,"Clientes Potenciales - Alta Intencion GEM",inactive,,,,3500,Diario,3830.97,1265,1164,"En curso","7 días tras clic o 1 día tras visualización",3028.434783,0.790514,0.859107,1.501976
2026-03-15,2026-03-15,"Yamil | Campaña de Formularios - CENTRO Argentina",inactive,2,actions:lead,7196.625,7000,Diario,14393.25,5142,4270,"En curso","7 días tras clic o 1 día tras visualización",2799.154026,0.369506,0.444965,0.952937
2026-03-15,2026-03-15,"Yamil | Campaña de Formularios - NO Argentina",inactive,,,,5000,Diario,5359.28,1752,1505,"En curso","7 días tras clic o 1 día tras visualización",3058.949772,0.342466,0.398671,0.513699
2026-03-15,2026-03-15,"2. Campaña de Conversiones - Copia",inactive,,,,"Con el presupuesto del conjunto de anuncios",0,0,0,0,"En curso","7 días tras clic o 1 día tras visualización",0,,0,0
2026-03-15,2026-03-15,"7. Clientes potenciales - formulario - Copia",inactive,3,actions:lead,5062.29,"Con el presupuesto del conjunto de anuncios",0,15186.87,4016,3491,"En curso","7 días tras clic o 1 día tras visualización",3781.591135,0.971116,1.117158,1.494024
2026-03-15,2026-03-15,"5. Campaña de Seguidores",inactive,,,,"Con el presupuesto del conjunto de anuncios",0,1779.01,1266,1074,"En curso","Configuración de atribución múltiple",1405.221169,1.026856,1.210428,1.658768
2026-03-15,2026-03-15,"Trafico Boxer web",inactive,,,,"Con el presupuesto del conjunto de anuncios",0,0,0,0,"En curso","7 días tras clic o 1 día tras visualización",0,,0,0
2026-03-15,2026-03-15,"Interacción Contenido - Feed",inactive,,,,"Con el presupuesto del conjunto de anuncios",0,0,0,0,"En curso","7 días tras clic o 1 día tras visualización",0,,0,0
2026-03-14,2026-03-14,"JY | Webinar Mostrador - 17 SEPT 2026",active,,,,"Con el presupuesto del conjunto de anuncios",0,0,0,0,"En curso","7 días tras clic o 1 día tras visualización",0,,0,0
2026-03-14,2026-03-14,"JY | Viajes Presenciales Luciana",active,,,,"Con el presupuesto del conjunto de anuncios",0,0,0,0,"En curso","7 días tras clic o 1 día tras visualización",0,,0,0
2026-03-14,2026-03-14,"JY | Interaccion Boxer Taller",inactive,,,,"Con el presupuesto del conjunto de anuncios",0,0,0,0,"En curso","7 días tras clic o 1 día tras visualización",0,,0,0
2026-03-14,2026-03-14,"JY | Awareness Boxer Taller",active,,,,"Con el presupuesto del conjunto de anuncios",0,0,0,0,"En curso","1 día tras clic",0,,0,0
2026-03-14,2026-03-14,"JY | Conversiones - Copia - Boton a WhatsApp",inactive,,,,"Con el presupuesto del conjunto de anuncios",0,0,0,0,"En curso","7 días tras clic o 1 día tras visualización",0,,0,0
2026-03-14,2026-03-14,"JY | Remarketing",active,,,,"Con el presupuesto del conjunto de anuncios",0,0,0,0,"En curso","7 días tras clic o 1 día tras visualización",0,,0,0
2026-03-14,2026-03-14,"JY | Conversiones",active,,,,"Con el presupuesto del conjunto de anuncios",0,0,0,0,"En curso","7 días tras clic o 1 día tras visualización",0,,0,0
2026-03-14,2026-03-14,"JY | Awareness",active,,,,"Con el presupuesto del conjunto de anuncios",0,0,0,0,"En curso","1 día tras clic",0,,0,0
2026-03-14,2026-03-14,"Clientes Potenciales - Alta Intencion GEM",inactive,2,actions:lead,1528.31,3500,Diario,3056.62,1008,953,"En curso","7 días tras clic o 1 día tras visualización",3032.361111,0.892857,0.839454,1.686508
2026-03-14,2026-03-14,"Yamil | Campaña de Formularios - CENTRO Argentina",inactive,,,,7000,Diario,13872.32,4808,4221,"En curso","7 días tras clic o 1 día tras visualización",2885.257903,0.270383,0.284293,0.748752
2026-03-14,2026-03-14,"Yamil | Campaña de Formularios - NO Argentina",inactive,,,,5000,Diario,4347.91,1630,1398,"En curso","7 días tras clic o 1 día tras visualización",2667.429448,0.184049,0.214592,0.490798
2026-03-14,2026-03-14,"2. Campaña de Conversiones - Copia",inactive,,,,"Con el presupuesto del conjunto de anuncios",0,0,0,0,"En curso","7 días tras clic o 1 día tras visualización",0,,0,0
2026-03-14,2026-03-14,"7. Clientes potenciales - formulario - Copia",inactive,5,actions:lead,2601.824,"Con el presupuesto del conjunto de anuncios",0,13009.12,4054,3785,"En curso","7 días tras clic o 1 día tras visualización",3208.959053,0.567341,0.581242,1.184016
2026-03-14,2026-03-14,"5. Campaña de Seguidores",inactive,,,,"Con el presupuesto del conjunto de anuncios",0,1515.25,1005,847,"En curso","Configuración de atribución múltiple",1507.711443,0.895522,1.062574,1.791045
2026-03-14,2026-03-14,"Trafico Boxer web",inactive,,,,"Con el presupuesto del conjunto de anuncios",0,0,0,0,"En curso","7 días tras clic o 1 día tras visualización",0,,0,0
2026-03-14,2026-03-14,"Interacción Contenido - Feed",inactive,,,,"Con el presupuesto del conjunto de anuncios",0,0,0,0,"En curso","7 días tras clic o 1 día tras visualización",0,,0,0
2026-03-13,2026-03-13,"JY | Webinar Mostrador - 17 SEPT 2026",active,,,,"Con el presupuesto del conjunto de anuncios",0,0,0,0,"En curso","7 días tras clic o 1 día tras visualización",0,,0,0
2026-03-13,2026-03-13,"JY | Viajes Presenciales Luciana",active,,,,"Con el presupuesto del conjunto de anuncios",0,0,0,0,"En curso","7 días tras clic o 1 día tras visualización",0,,0,0
2026-03-13,2026-03-13,"JY | Interaccion Boxer Taller",inactive,,,,"Con el presupuesto del conjunto de anuncios",0,0,0,0,"En curso","7 días tras clic o 1 día tras visualización",0,,0,0
2026-03-13,2026-03-13,"JY | Awareness Boxer Taller",active,,,,"Con el presupuesto del conjunto de anuncios",0,0,0,0,"En curso","1 día tras clic",0,,0,0
2026-03-13,2026-03-13,"JY | Conversiones - Copia - Boton a WhatsApp",inactive,,,,"Con el presupuesto del conjunto de anuncios",0,0,0,0,"En curso","7 días tras clic o 1 día tras visualización",0,,0,0
2026-03-13,2026-03-13,"JY | Remarketing",active,,,,"Con el presupuesto del conjunto de anuncios",0,0,0,0,"En curso","7 días tras clic o 1 día tras visualización",0,,0,0
2026-03-13,2026-03-13,"JY | Conversiones",active,,,,"Con el presupuesto del conjunto de anuncios",0,0,0,0,"En curso","7 días tras clic o 1 día tras visualización",0,,0,0
2026-03-13,2026-03-13,"JY | Awareness",active,,,,"Con el presupuesto del conjunto de anuncios",0,0,0,0,"En curso","1 día tras clic",0,,0,0
2026-03-13,2026-03-13,"Clientes Potenciales - Alta Intencion GEM",inactive,,,,3500,Diario,3247.46,1113,1000,"En curso","7 días tras clic o 1 día tras visualización",2917.753819,0.359389,0.4,0.718778
2026-03-13,2026-03-13,"Yamil | Campaña de Formularios - CENTRO Argentina",inactive,2,actions:lead,7370.36,7000,Diario,14740.72,5850,4920,"En curso","7 días tras clic o 1 día tras visualización",2519.781197,0.324786,0.365854,0.717949
2026-03-13,2026-03-13,"Yamil | Campaña de Formularios - NO Argentina",inactive,,,,5000,Diario,4517.77,1967,1639,"En curso","7 días tras clic o 1 día tras visualización",2296.781901,0.254194,0.305064,0.406711
2026-03-13,2026-03-13,"2. Campaña de Conversiones - Copia",inactive,,,,"Con el presupuesto del conjunto de anuncios",0,0,0,0,"En curso","7 días tras clic o 1 día tras visualización",0,,0,0
2026-03-13,2026-03-13,"7. Clientes potenciales - formulario - Copia",inactive,3,actions:lead,4244.20333333,"Con el presupuesto del conjunto de anuncios",0,12732.61,4002,3386,"En curso","7 días tras clic o 1 día tras visualización",3181.561719,0.5997,0.679268,1.149425
2026-03-13,2026-03-13,"5. Campaña de Seguidores",inactive,,,,"Con el presupuesto del conjunto de anuncios",0,1463.58,838,766,"En curso","Configuración de atribución múltiple",1746.515513,0.596659,0.652742,1.789976
2026-03-13,2026-03-13,"Trafico Boxer web",inactive,,,,"Con el presupuesto del conjunto de anuncios",0,0,0,0,"En curso","7 días tras clic o 1 día tras visualización",0,,0,0
2026-03-13,2026-03-13,"Interacción Contenido - Feed",inactive,,,,"Con el presupuesto del conjunto de anuncios",0,0,0,0,"En curso","7 días tras clic o 1 día tras visualización",0,,0,0
2026-03-12,2026-03-12,"JY | Webinar Mostrador - 17 SEPT 2026",active,,,,"Con el presupuesto del conjunto de anuncios",0,0,0,0,"En curso","7 días tras clic o 1 día tras visualización",0,,0,0
2026-03-12,2026-03-12,"JY | Viajes Presenciales Luciana",active,,,,"Con el presupuesto del conjunto de anuncios",0,0,0,0,"En curso","7 días tras clic o 1 día tras visualización",0,,0,0
2026-03-12,2026-03-12,"JY | Interaccion Boxer Taller",inactive,,,,"Con el presupuesto del conjunto de anuncios",0,0,0,0,"En curso","7 días tras clic o 1 día tras visualización",0,,0,0
2026-03-12,2026-03-12,"JY | Awareness Boxer Taller",active,,,,"Con el presupuesto del conjunto de anuncios",0,0,0,0,"En curso","1 día tras clic",0,,0,0
2026-03-12,2026-03-12,"JY | Conversiones - Copia - Boton a WhatsApp",inactive,,,,"Con el presupuesto del conjunto de anuncios",0,0,0,0,"En curso","7 días tras clic o 1 día tras visualización",0,,0,0
2026-03-12,2026-03-12,"JY | Remarketing",active,,,,"Con el presupuesto del conjunto de anuncios",0,0,0,0,"En curso","7 días tras clic o 1 día tras visualización",0,,0,0
2026-03-12,2026-03-12,"JY | Conversiones",active,,,,"Con el presupuesto del conjunto de anuncios",0,0,0,0,"En curso","7 días tras clic o 1 día tras visualización",0,,0,0
2026-03-12,2026-03-12,"JY | Awareness",active,,,,"Con el presupuesto del conjunto de anuncios",0,0,0,0,"En curso","1 día tras clic",0,,0,0
2026-03-12,2026-03-12,"Clientes Potenciales - Alta Intencion GEM",inactive,1,actions:lead,3284.81,3500,Diario,3284.81,1138,1041,"En curso","7 días tras clic o 1 día tras visualización",2886.476274,1.054482,1.152738,1.493849
2026-03-12,2026-03-12,"Yamil | Campaña de Formularios - CENTRO Argentina",inactive,3,actions:lead,4458.92333333,7000,Diario,13376.77,5227,4413,"En curso","7 días tras clic o 1 día tras visualización",2559.167783,0.26784,0.294584,0.612206
2026-03-12,2026-03-12,"Yamil | Campaña de Formularios - NO Argentina",inactive,,,,5000,Diario,4917.6,1820,1565,"En curso","7 días tras clic o 1 día tras visualización",2701.978022,0.384615,0.383387,0.769231
2026-03-12,2026-03-12,"2. Campaña de Conversiones - Copia",inactive,,,,"Con el presupuesto del conjunto de anuncios",0,0,0,0,"En curso","7 días tras clic o 1 día tras visualización",0,,0,0
2026-03-12,2026-03-12,"7. Clientes potenciales - formulario - Copia",inactive,5,actions:lead,2738.706,"Con el presupuesto del conjunto de anuncios",0,13693.53,3275,2876,"En curso","7 días tras clic o 1 día tras visualización",4181.230534,0.824427,0.904033,1.496183
2026-03-12,2026-03-12,"5. Campaña de Seguidores",inactive,,,,"Con el presupuesto del conjunto de anuncios",0,1317.08,932,813,"En curso","Configuración de atribución múltiple",1413.175966,0.643777,0.738007,1.39485
2026-03-12,2026-03-12,"Trafico Boxer web",inactive,,,,"Con el presupuesto del conjunto de anuncios",0,0,0,0,"En curso","7 días tras clic o 1 día tras visualización",0,,0,0
2026-03-12,2026-03-12,"Interacción Contenido - Feed",inactive,,,,"Con el presupuesto del conjunto de anuncios",0,0,0,0,"En curso","7 días tras clic o 1 día tras visualización",0,,0,0
2026-03-11,2026-03-11,"JY | Webinar Mostrador - 17 SEPT 2026",active,,,,"Con el presupuesto del conjunto de anuncios",0,0,0,0,"En curso","7 días tras clic o 1 día tras visualización",0,,0,0
2026-03-11,2026-03-11,"JY | Viajes Presenciales Luciana",active,,,,"Con el presupuesto del conjunto de anuncios",0,0,0,0,"En curso","7 días tras clic o 1 día tras visualización",0,,0,0
2026-03-11,2026-03-11,"JY | Interaccion Boxer Taller",inactive,,,,"Con el presupuesto del conjunto de anuncios",0,0,0,0,"En curso","7 días tras clic o 1 día tras visualización",0,,0,0
2026-03-11,2026-03-11,"JY | Awareness Boxer Taller",active,,,,"Con el presupuesto del conjunto de anuncios",0,0,0,0,"En curso","1 día tras clic",0,,0,0
2026-03-11,2026-03-11,"JY | Conversiones - Copia - Boton a WhatsApp",inactive,,,,"Con el presupuesto del conjunto de anuncios",0,0,0,0,"En curso","7 días tras clic o 1 día tras visualización",0,,0,0
2026-03-11,2026-03-11,"JY | Remarketing",active,,,,"Con el presupuesto del conjunto de anuncios",0,0,0,0,"En curso","7 días tras clic o 1 día tras visualización",0,,0,0
2026-03-11,2026-03-11,"JY | Conversiones",active,,,,"Con el presupuesto del conjunto de anuncios",0,0,0,0,"En curso","7 días tras clic o 1 día tras visualización",0,,0,0
2026-03-11,2026-03-11,"JY | Awareness",active,,,,"Con el presupuesto del conjunto de anuncios",0,0,0,0,"En curso","1 día tras clic",0,,0,0
2026-03-11,2026-03-11,"Clientes Potenciales - Alta Intencion GEM",inactive,1,actions:lead,3567.97,3500,Diario,3567.97,1148,1001,"En curso","7 días tras clic o 1 día tras visualización",3107.987805,0.696864,0.699301,1.132404
2026-03-11,2026-03-11,"Yamil | Campaña de Formularios - CENTRO Argentina",inactive,6,actions:lead,2548.53,7000,Diario,15291.18,6409,5155,"En curso","7 días tras clic o 1 día tras visualización",2385.891715,0.218443,0.271581,0.655328
2026-03-11,2026-03-11,"Yamil | Campaña de Formularios - NO Argentina",inactive,1,actions:lead,5224.22,5000,Diario,5224.22,2121,1763,"En curso","7 días tras clic o 1 día tras visualización",2463.092881,0.235738,0.283607,0.660066
2026-03-11,2026-03-11,"2. Campaña de Conversiones - Copia",inactive,,,,"Con el presupuesto del conjunto de anuncios",0,0,0,0,"En curso","7 días tras clic o 1 día tras visualización",0,,0,0
2026-03-11,2026-03-11,"7. Clientes potenciales - formulario - Copia",inactive,4,actions:lead,3336.5225,"Con el presupuesto del conjunto de anuncios",0,13346.09,3601,3105,"En curso","7 días tras clic o 1 día tras visualización",3706.217717,0.777562,0.901771,1.666204
2026-03-11,2026-03-11,"5. Campaña de Seguidores",inactive,,,,"Con el presupuesto del conjunto de anuncios",0,1395.58,1020,847,"En curso","Configuración de atribución múltiple",1368.215686,0.588235,0.708383,1.078431
2026-03-11,2026-03-11,"Trafico Boxer web",inactive,,,,"Con el presupuesto del conjunto de anuncios",0,0,0,0,"En curso","7 días tras clic o 1 día tras visualización",0,,0,0
2026-03-11,2026-03-11,"Interacción Contenido - Feed",inactive,,,,"Con el presupuesto del conjunto de anuncios",0,0,0,0,"En curso","7 días tras clic o 1 día tras visualización",0,,0,0
2026-03-10,2026-03-10,"JY | Webinar Mostrador - 17 SEPT 2026",active,,,,"Con el presupuesto del conjunto de anuncios",0,0,0,0,"En curso","7 días tras clic o 1 día tras visualización",0,,0,0
2026-03-10,2026-03-10,"JY | Viajes Presenciales Luciana",active,,,,"Con el presupuesto del conjunto de anuncios",0,0,0,0,"En curso","7 días tras clic o 1 día tras visualización",0,,0,0
2026-03-10,2026-03-10,"JY | Interaccion Boxer Taller",inactive,,,,"Con el presupuesto del conjunto de anuncios",0,0,0,0,"En curso","7 días tras clic o 1 día tras visualización",0,,0,0
2026-03-10,2026-03-10,"JY | Awareness Boxer Taller",active,,,,"Con el presupuesto del conjunto de anuncios",0,0,0,0,"En curso","1 día tras clic",0,,0,0
2026-03-10,2026-03-10,"JY | Conversiones - Copia - Boton a WhatsApp",inactive,,,,"Con el presupuesto del conjunto de anuncios",0,0,0,0,"En curso","7 días tras clic o 1 día tras visualización",0,,0,0
2026-03-10,2026-03-10,"JY | Remarketing",active,,,,"Con el presupuesto del conjunto de anuncios",0,0,0,0,"En curso","7 días tras clic o 1 día tras visualización",0,,0,0
2026-03-10,2026-03-10,"JY | Conversiones",active,,,,"Con el presupuesto del conjunto de anuncios",0,0,0,0,"En curso","7 días tras clic o 1 día tras visualización",0,,0,0
2026-03-10,2026-03-10,"JY | Awareness",active,,,,"Con el presupuesto del conjunto de anuncios",0,0,0,0,"En curso","1 día tras clic",0,,0,0
2026-03-10,2026-03-10,"Clientes Potenciales - Alta Intencion GEM",inactive,,,,3500,Diario,3722.31,1361,1236,"En curso","7 días tras clic o 1 día tras visualización",2734.981631,0.220426,0.242718,0.587803
2026-03-10,2026-03-10,"Yamil | Campaña de Formularios - CENTRO Argentina",inactive,3,actions:lead,4769.04666667,7000,Diario,14307.14,6653,5698,"En curso","7 días tras clic o 1 día tras visualización",2150.479483,0.450924,0.4914,1.007064
2026-03-10,2026-03-10,"Yamil | Campaña de Formularios - NO Argentina",inactive,1,actions:lead,4863.98,5000,Diario,4863.98,2072,1714,"En curso","7 días tras clic o 1 día tras visualización",2347.480695,0.434363,0.525088,0.868726
2026-03-10,2026-03-10,"2. Campaña de Conversiones - Copia",inactive,,,,"Con el presupuesto del conjunto de anuncios",0,0,0,0,"En curso","7 días tras clic o 1 día tras visualización",0,,0,0
2026-03-10,2026-03-10,"7. Clientes potenciales - formulario - Copia",inactive,1,actions:lead,13579.87,"Con el presupuesto del conjunto de anuncios",0,13579.87,3984,3324,"En curso","7 días tras clic o 1 día tras visualización",3408.601908,0.677711,0.812274,1.204819
2026-03-10,2026-03-10,"5. Campaña de Seguidores",inactive,,,,"Con el presupuesto del conjunto de anuncios",0,1523.41,1007,870,"En curso","Configuración de atribución múltiple",1512.820258,0.993049,1.149425,1.191658
2026-03-10,2026-03-10,"Trafico Boxer web",inactive,,,,"Con el presupuesto del conjunto de anuncios",0,0,0,0,"En curso","7 días tras clic o 1 día tras visualización",0,,0,0
2026-03-10,2026-03-10,"Interacción Contenido - Feed",inactive,,,,"Con el presupuesto del conjunto de anuncios",0,0,0,0,"En curso","7 días tras clic o 1 día tras visualización",0,,0,0
2026-03-09,2026-03-09,"JY | Webinar Mostrador - 17 SEPT 2026",active,,,,"Con el presupuesto del conjunto de anuncios",0,0,0,0,"En curso","7 días tras clic o 1 día tras visualización",0,,0,0
2026-03-09,2026-03-09,"JY | Viajes Presenciales Luciana",active,,,,"Con el presupuesto del conjunto de anuncios",0,0,0,0,"En curso","7 días tras clic o 1 día tras visualización",0,,0,0
2026-03-09,2026-03-09,"JY | Interaccion Boxer Taller",inactive,,,,"Con el presupuesto del conjunto de anuncios",0,0,0,0,"En curso","7 días tras clic o 1 día tras visualización",0,,0,0
2026-03-09,2026-03-09,"JY | Awareness Boxer Taller",active,,,,"Con el presupuesto del conjunto de anuncios",0,0,0,0,"En curso","1 día tras clic",0,,0,0
2026-03-09,2026-03-09,"JY | Conversiones - Copia - Boton a WhatsApp",inactive,,,,"Con el presupuesto del conjunto de anuncios",0,0,0,0,"En curso","7 días tras clic o 1 día tras visualización",0,,0,0
2026-03-09,2026-03-09,"JY | Remarketing",active,,,,"Con el presupuesto del conjunto de anuncios",0,0,0,0,"En curso","7 días tras clic o 1 día tras visualización",0,,0,0
2026-03-09,2026-03-09,"JY | Conversiones",active,,,,"Con el presupuesto del conjunto de anuncios",0,0,0,0,"En curso","7 días tras clic o 1 día tras visualización",0,,0,0
2026-03-09,2026-03-09,"JY | Awareness",active,,,,"Con el presupuesto del conjunto de anuncios",0,0,0,0,"En curso","1 día tras clic",0,,0,0
2026-03-09,2026-03-09,"Clientes Potenciales - Alta Intencion GEM",inactive,1,actions:lead,3772.69,3500,Diario,3772.69,1235,1105,"En curso","7 días tras clic o 1 día tras visualización",3054.809717,0.809717,0.904977,1.295547
2026-03-09,2026-03-09,"Yamil | Campaña de Formularios - CENTRO Argentina",inactive,4,actions:lead,4128.565,7000,Diario,16514.26,7175,5780,"En curso","7 días tras clic o 1 día tras visualización",2301.639024,0.30662,0.380623,0.682927
2026-03-09,2026-03-09,"Yamil | Campaña de Formularios - NO Argentina",inactive,,,,5000,Diario,4828.78,2357,1875,"En curso","7 días tras clic o 1 día tras visualización",2048.697497,0.424268,0.533333,0.678829
2026-03-09,2026-03-09,"2. Campaña de Conversiones - Copia",inactive,,,,"Con el presupuesto del conjunto de anuncios",0,0,0,0,"En curso","7 días tras clic o 1 día tras visualización",0,,0,0
2026-03-09,2026-03-09,"7. Clientes potenciales - formulario - Copia",inactive,6,actions:lead,2501.80833333,"Con el presupuesto del conjunto de anuncios",0,15010.85,4259,3663,"En curso","7 días tras clic o 1 día tras visualización",3524.501057,0.798309,0.900901,1.5027
2026-03-09,2026-03-09,"5. Campaña de Seguidores",inactive,,,,"Con el presupuesto del conjunto de anuncios",0,1538.52,1142,969,"En curso","Configuración de atribución múltiple",1347.215412,0.788091,0.928793,1.488616
2026-03-09,2026-03-09,"Trafico Boxer web",inactive,,,,"Con el presupuesto del conjunto de anuncios",0,0,0,0,"En curso","7 días tras clic o 1 día tras visualización",0,,0,0
2026-03-09,2026-03-09,"Interacción Contenido - Feed",inactive,,,,"Con el presupuesto del conjunto de anuncios",0,0,0,0,"En curso","7 días tras clic o 1 día tras visualización",0,,0,0
2026-03-08,2026-03-08,"JY | Webinar Mostrador - 17 SEPT 2026",active,,,,"Con el presupuesto del conjunto de anuncios",0,0,0,0,"En curso","7 días tras clic o 1 día tras visualización",0,,0,0
2026-03-08,2026-03-08,"JY | Viajes Presenciales Luciana",active,,,,"Con el presupuesto del conjunto de anuncios",0,0,0,0,"En curso","7 días tras clic o 1 día tras visualización",0,,0,0
2026-03-08,2026-03-08,"JY | Interaccion Boxer Taller",inactive,,,,"Con el presupuesto del conjunto de anuncios",0,0,0,0,"En curso","7 días tras clic o 1 día tras visualización",0,,0,0
2026-03-08,2026-03-08,"JY | Awareness Boxer Taller",active,,,,"Con el presupuesto del conjunto de anuncios",0,0,0,0,"En curso","1 día tras clic",0,,0,0
2026-03-08,2026-03-08,"JY | Conversiones - Copia - Boton a WhatsApp",inactive,,,,"Con el presupuesto del conjunto de anuncios",0,0,0,0,"En curso","7 días tras clic o 1 día tras visualización",0,,0,0
2026-03-08,2026-03-08,"JY | Remarketing",active,,,,"Con el presupuesto del conjunto de anuncios",0,0,0,0,"En curso","7 días tras clic o 1 día tras visualización",0,,0,0
2026-03-08,2026-03-08,"JY | Conversiones",active,,,,"Con el presupuesto del conjunto de anuncios",0,0,0,0,"En curso","7 días tras clic o 1 día tras visualización",0,,0,0
2026-03-08,2026-03-08,"JY | Awareness",active,,,,"Con el presupuesto del conjunto de anuncios",0,0,0,0,"En curso","1 día tras clic",0,,0,0
2026-03-08,2026-03-08,"Clientes Potenciales - Alta Intencion GEM",inactive,,,,3500,Diario,3817.61,1014,936,"En curso","7 días tras clic o 1 día tras visualización",3764.901381,0.591716,0.641026,1.084813
2026-03-08,2026-03-08,"Yamil | Campaña de Formularios - CENTRO Argentina",inactive,2,actions:lead,8011.83,7000,Diario,16023.66,5556,4785,"En curso","7 días tras clic o 1 día tras visualización",2884.028078,0.413967,0.45977,0.917927
2026-03-08,2026-03-08,"Yamil | Campaña de Formularios - NO Argentina",inactive,4,actions:lead,1460.6425,5000,Diario,5842.57,1799,1462,"En curso","7 días tras clic o 1 día tras visualización",3247.676487,0.389105,0.478796,1.000556
2026-03-08,2026-03-08,"2. Campaña de Conversiones - Copia",inactive,,,,"Con el presupuesto del conjunto de anuncios",0,0,0,0,"En curso","7 días tras clic o 1 día tras visualización",0,,0,0
2026-03-08,2026-03-08,"7. Clientes potenciales - formulario - Copia",inactive,6,actions:lead,2695.67333333,"Con el presupuesto del conjunto de anuncios",0,16174.04,3456,2989,"En curso","7 días tras clic o 1 día tras visualización",4679.988426,0.896991,1.00368,1.909722
2026-03-08,2026-03-08,"5. Campaña de Seguidores",inactive,,,,"Con el presupuesto del conjunto de anuncios",0,1731.54,1163,1011,"En curso","Configuración de atribución múltiple",1488.856406,0.343938,0.395648,1.461737
2026-03-08,2026-03-08,"Trafico Boxer web",inactive,,,,"Con el presupuesto del conjunto de anuncios",0,0,0,0,"En curso","7 días tras clic o 1 día tras visualización",0,,0,0
2026-03-08,2026-03-08,"Interacción Contenido - Feed",inactive,,,,"Con el presupuesto del conjunto de anuncios",0,0,0,0,"En curso","7 días tras clic o 1 día tras visualización",0,,0,0
2026-03-07,2026-03-07,"JY | Webinar Mostrador - 17 SEPT 2026",active,,,,"Con el presupuesto del conjunto de anuncios",0,0,0,0,"En curso","7 días tras clic o 1 día tras visualización",0,,0,0
2026-03-07,2026-03-07,"JY | Viajes Presenciales Luciana",active,,,,"Con el presupuesto del conjunto de anuncios",0,0,0,0,"En curso","7 días tras clic o 1 día tras visualización",0,,0,0
2026-03-07,2026-03-07,"JY | Interaccion Boxer Taller",inactive,,,,"Con el presupuesto del conjunto de anuncios",0,0,0,0,"En curso","7 días tras clic o 1 día tras visualización",0,,0,0
2026-03-07,2026-03-07,"JY | Awareness Boxer Taller",active,,,,"Con el presupuesto del conjunto de anuncios",0,0,0,0,"En curso","1 día tras clic",0,,0,0
2026-03-07,2026-03-07,"JY | Conversiones - Copia - Boton a WhatsApp",inactive,,,,"Con el presupuesto del conjunto de anuncios",0,0,0,0,"En curso","7 días tras clic o 1 día tras visualización",0,,0,0
2026-03-07,2026-03-07,"JY | Remarketing",active,,,,"Con el presupuesto del conjunto de anuncios",0,0,0,0,"En curso","7 días tras clic o 1 día tras visualización",0,,0,0
2026-03-07,2026-03-07,"JY | Conversiones",active,,,,"Con el presupuesto del conjunto de anuncios",0,0,0,0,"En curso","7 días tras clic o 1 día tras visualización",0,,0,0
2026-03-07,2026-03-07,"JY | Awareness",active,,,,"Con el presupuesto del conjunto de anuncios",0,0,0,0,"En curso","1 día tras clic",0,,0,0
2026-03-07,2026-03-07,"Clientes Potenciales - Alta Intencion GEM",inactive,1,actions:lead,2681.8,3500,Diario,2681.8,951,883,"En curso","7 días tras clic o 1 día tras visualización",2819.97897,0.946372,0.906002,1.577287
2026-03-07,2026-03-07,"Yamil | Campaña de Formularios - CENTRO Argentina",inactive,1,actions:lead,14369.04,7000,Diario,14369.04,4988,4191,"En curso","7 días tras clic o 1 día tras visualización",2880.721732,0.441059,0.524934,0.842021
2026-03-07,2026-03-07,"Yamil | Campaña de Formularios - NO Argentina",inactive,1,actions:lead,4465.89,5000,Diario,4465.89,1663,1480,"En curso","7 días tras clic o 1 día tras visualización",2685.441972,0.360794,0.405405,0.541191
2026-03-07,2026-03-07,"2. Campaña de Conversiones - Copia",inactive,,,,"Con el presupuesto del conjunto de anuncios",0,0,0,0,"En curso","7 días tras clic o 1 día tras visualización",0,,0,0
2026-03-07,2026-03-07,"7. Clientes potenciales - formulario - Copia",inactive,3,actions:lead,4528.10333333,"Con el presupuesto del conjunto de anuncios",0,13584.31,3677,3326,"En curso","7 días tras clic o 1 día tras visualización",3694.400326,0.62551,0.691521,1.414196
2026-03-07,2026-03-07,"5. Campaña de Seguidores",inactive,,,,"Con el presupuesto del conjunto de anuncios",0,1411.85,856,763,"En curso","Configuración de atribución múltiple",1649.357477,0.700935,0.78637,1.752336
2026-03-07,2026-03-07,"Trafico Boxer web",inactive,,,,"Con el presupuesto del conjunto de anuncios",0,0,0,0,"En curso","7 días tras clic o 1 día tras visualización",0,,0,0
2026-03-07,2026-03-07,"Interacción Contenido - Feed",inactive,,,,"Con el presupuesto del conjunto de anuncios",0,0,0,0,"En curso","7 días tras clic o 1 día tras visualización",0,,0,0
2026-03-06,2026-03-06,"JY | Webinar Mostrador - 17 SEPT 2026",active,,,,"Con el presupuesto del conjunto de anuncios",0,0,0,0,"En curso","7 días tras clic o 1 día tras visualización",0,,0,0
2026-03-06,2026-03-06,"JY | Viajes Presenciales Luciana",active,,,,"Con el presupuesto del conjunto de anuncios",0,0,0,0,"En curso","7 días tras clic o 1 día tras visualización",0,,0,0
2026-03-06,2026-03-06,"JY | Interaccion Boxer Taller",inactive,,,,"Con el presupuesto del conjunto de anuncios",0,0,0,0,"En curso","7 días tras clic o 1 día tras visualización",0,,0,0
2026-03-06,2026-03-06,"JY | Awareness Boxer Taller",active,,,,"Con el presupuesto del conjunto de anuncios",0,0,0,0,"En curso","1 día tras clic",0,,0,0
2026-03-06,2026-03-06,"JY | Conversiones - Copia - Boton a WhatsApp",inactive,,,,"Con el presupuesto del conjunto de anuncios",0,0,0,0,"En curso","7 días tras clic o 1 día tras visualización",0,,0,0
2026-03-06,2026-03-06,"JY | Remarketing",active,,,,"Con el presupuesto del conjunto de anuncios",0,0,0,0,"En curso","7 días tras clic o 1 día tras visualización",0,,0,0
2026-03-06,2026-03-06,"JY | Conversiones",active,,,,"Con el presupuesto del conjunto de anuncios",0,0,0,0,"En curso","7 días tras clic o 1 día tras visualización",0,,0,0
2026-03-06,2026-03-06,"JY | Awareness",active,,,,"Con el presupuesto del conjunto de anuncios",0,0,0,0,"En curso","1 día tras clic",0,,0,0
2026-03-06,2026-03-06,"Clientes Potenciales - Alta Intencion GEM",inactive,2,actions:lead,1744.095,3500,Diario,3488.19,994,931,"En curso","7 días tras clic o 1 día tras visualización",3509.245473,0.704225,0.75188,1.509054
2026-03-06,2026-03-06,"Yamil | Campaña de Formularios - CENTRO Argentina",inactive,1,actions:lead,13355.3,7000,Diario,13355.3,5016,4106,"En curso","7 días tras clic o 1 día tras visualización",2662.539872,0.318979,0.389674,0.677831
2026-03-06,2026-03-06,"Yamil | Campaña de Formularios - NO Argentina",inactive,,,,5000,Diario,4687.29,1742,1426,"En curso","7 días tras clic o 1 día tras visualización",2690.752009,0.287026,0.350631,0.516648
2026-03-06,2026-03-06,"2. Campaña de Conversiones - Copia",inactive,,,,"Con el presupuesto del conjunto de anuncios",0,0,0,0,"En curso","7 días tras clic o 1 día tras visualización",0,,0,0
2026-03-06,2026-03-06,"7. Clientes potenciales - formulario - Copia",inactive,3,actions:lead,4574.93,"Con el presupuesto del conjunto de anuncios",0,13724.79,3839,3290,"En curso","7 días tras clic o 1 día tras visualización",3575.095077,0.755405,0.851064,1.224277
2026-03-06,2026-03-06,"5. Campaña de Seguidores",inactive,,,,"Con el presupuesto del conjunto de anuncios",0,1417.56,845,736,"En curso","Configuración de atribución múltiple",1677.585799,0.473373,0.543478,1.183432
2026-03-06,2026-03-06,"Trafico Boxer web",inactive,,,,"Con el presupuesto del conjunto de anuncios",0,0,0,0,"En curso","7 días tras clic o 1 día tras visualización",0,,0,0
2026-03-06,2026-03-06,"Interacción Contenido - Feed",inactive,,,,"Con el presupuesto del conjunto de anuncios",0,0,0,0,"En curso","7 días tras clic o 1 día tras visualización",0,,0,0
2026-03-05,2026-03-05,"JY | Webinar Mostrador - 17 SEPT 2026",active,,,,"Con el presupuesto del conjunto de anuncios",0,0,0,0,"En curso","7 días tras clic o 1 día tras visualización",0,,0,0
2026-03-05,2026-03-05,"JY | Viajes Presenciales Luciana",active,,,,"Con el presupuesto del conjunto de anuncios",0,0,0,0,"En curso","7 días tras clic o 1 día tras visualización",0,,0,0
2026-03-05,2026-03-05,"JY | Interaccion Boxer Taller",inactive,,,,"Con el presupuesto del conjunto de anuncios",0,0,0,0,"En curso","7 días tras clic o 1 día tras visualización",0,,0,0
2026-03-05,2026-03-05,"JY | Awareness Boxer Taller",active,,,,"Con el presupuesto del conjunto de anuncios",0,0,0,0,"En curso","1 día tras clic",0,,0,0
2026-03-05,2026-03-05,"JY | Conversiones - Copia - Boton a WhatsApp",inactive,,,,"Con el presupuesto del conjunto de anuncios",0,0,0,0,"En curso","7 días tras clic o 1 día tras visualización",0,,0,0
2026-03-05,2026-03-05,"JY | Remarketing",active,,,,"Con el presupuesto del conjunto de anuncios",0,0,0,0,"En curso","7 días tras clic o 1 día tras visualización",0,,0,0
2026-03-05,2026-03-05,"JY | Conversiones",active,,,,"Con el presupuesto del conjunto de anuncios",0,0,0,0,"En curso","7 días tras clic o 1 día tras visualización",0,,0,0
2026-03-05,2026-03-05,"JY | Awareness",active,,,,"Con el presupuesto del conjunto de anuncios",0,0,0,0,"En curso","1 día tras clic",0,,0,0
2026-03-05,2026-03-05,"Clientes Potenciales - Alta Intencion GEM",inactive,,,,3500,Diario,3430.92,1125,1036,"En curso","7 días tras clic o 1 día tras visualización",3049.706667,0.444444,0.482625,1.244444
2026-03-05,2026-03-05,"Yamil | Campaña de Formularios - CENTRO Argentina",inactive,2,actions:lead,6788.59,7000,Diario,13577.18,5187,4287,"En curso","7 días tras clic o 1 día tras visualización",2617.540004,0.3663,0.419874,0.92539
2026-03-05,2026-03-05,"Yamil | Campaña de Formularios - NO Argentina",inactive,1,actions:lead,5164.64,5000,Diario,5164.64,1889,1507,"En curso","7 días tras clic o 1 día tras visualización",2734.060349,0.476443,0.530856,0.847009
2026-03-05,2026-03-05,"2. Campaña de Conversiones - Copia",inactive,,,,"Con el presupuesto del conjunto de anuncios",0,0,0,0,"En curso","7 días tras clic o 1 día tras visualización",0,,0,0
2026-03-05,2026-03-05,"7. Clientes potenciales - formulario - Copia",inactive,5,actions:lead,3471.626,"Con el presupuesto del conjunto de anuncios",0,17358.13,5254,4384,"En curso","7 días tras clic o 1 día tras visualización",3303.7933,0.666159,0.798358,1.16102
2026-03-05,2026-03-05,"5. Campaña de Seguidores",inactive,,,,"Con el presupuesto del conjunto de anuncios",0,1438.62,878,782,"En curso","Configuración de atribución múltiple",1638.519362,0.569476,0.639386,1.822323
2026-03-05,2026-03-05,"Trafico Boxer web",inactive,,,,"Con el presupuesto del conjunto de anuncios",0,0,0,0,"En curso","7 días tras clic o 1 día tras visualización",0,,0,0
2026-03-05,2026-03-05,"Interacción Contenido - Feed",inactive,,,,"Con el presupuesto del conjunto de anuncios",0,0,0,0,"En curso","7 días tras clic o 1 día tras visualización",0,,0,0
2026-03-04,2026-03-04,"JY | Webinar Mostrador - 17 SEPT 2026",active,,,,"Con el presupuesto del conjunto de anuncios",0,0,0,0,"En curso","7 días tras clic o 1 día tras visualización",0,,0,0
2026-03-04,2026-03-04,"JY | Viajes Presenciales Luciana",active,,,,"Con el presupuesto del conjunto de anuncios",0,0,0,0,"En curso","7 días tras clic o 1 día tras visualización",0,,0,0
2026-03-04,2026-03-04,"JY | Interaccion Boxer Taller",inactive,,,,"Con el presupuesto del conjunto de anuncios",0,0,0,0,"En curso","7 días tras clic o 1 día tras visualización",0,,0,0
2026-03-04,2026-03-04,"JY | Awareness Boxer Taller",active,,,,"Con el presupuesto del conjunto de anuncios",0,0,0,0,"En curso","1 día tras clic",0,,0,0
2026-03-04,2026-03-04,"JY | Conversiones - Copia - Boton a WhatsApp",inactive,,,,"Con el presupuesto del conjunto de anuncios",0,0,0,0,"En curso","7 días tras clic o 1 día tras visualización",0,,0,0
2026-03-04,2026-03-04,"JY | Remarketing",active,,,,"Con el presupuesto del conjunto de anuncios",0,0,0,0,"En curso","7 días tras clic o 1 día tras visualización",0,,0,0
2026-03-04,2026-03-04,"JY | Conversiones",active,,,,"Con el presupuesto del conjunto de anuncios",0,0,0,0,"En curso","7 días tras clic o 1 día tras visualización",0,,0,0
2026-03-04,2026-03-04,"JY | Awareness",active,,,,"Con el presupuesto del conjunto de anuncios",0,0,0,0,"En curso","1 día tras clic",0,,0,0
2026-03-04,2026-03-04,"Clientes Potenciales - Alta Intencion GEM",inactive,1,actions:lead,3761.05,3500,Diario,3761.05,1497,1324,"En curso","7 días tras clic o 1 día tras visualización",2512.39145,0.334001,0.302115,0.668003
2026-03-04,2026-03-04,"Yamil | Campaña de Formularios - CENTRO Argentina",inactive,2,actions:lead,7924.275,7000,Diario,15848.55,5944,4842,"En curso","7 días tras clic o 1 día tras visualización",2666.310565,0.370121,0.454358,0.790713
2026-03-04,2026-03-04,"Yamil | Campaña de Formularios - NO Argentina",inactive,,,,5000,Diario,4902.54,1855,1539,"En curso","7 días tras clic o 1 día tras visualización",2642.878706,0.161725,0.194932,0.377358
2026-03-04,2026-03-04,"2. Campaña de Conversiones - Copia",inactive,,,,"Con el presupuesto del conjunto de anuncios",0,0,0,0,"En curso","7 días tras clic o 1 día tras visualización",0,,0,0
2026-03-04,2026-03-04,"7. Clientes potenciales - formulario - Copia",inactive,1,actions:lead,19246.72,"Con el presupuesto del conjunto de anuncios",0,19246.72,5722,4581,"En curso","7 días tras clic o 1 día tras visualización",3363.635093,0.314575,0.392927,0.751485
2026-03-04,2026-03-04,"5. Campaña de Seguidores",inactive,,,,"Con el presupuesto del conjunto de anuncios",0,1510.82,970,816,"En curso","Configuración de atribución múltiple",1557.546392,0.618557,0.612745,1.752577
2026-03-04,2026-03-04,"Trafico Boxer web",inactive,,,,"Con el presupuesto del conjunto de anuncios",0,0,0,0,"En curso","7 días tras clic o 1 día tras visualización",0,,0,0
2026-03-04,2026-03-04,"Interacción Contenido - Feed",inactive,,,,"Con el presupuesto del conjunto de anuncios",0,0,0,0,"En curso","7 días tras clic o 1 día tras visualización",0,,0,0
2026-03-03,2026-03-03,"JY | Webinar Mostrador - 17 SEPT 2026",active,,,,"Con el presupuesto del conjunto de anuncios",0,0,0,0,"En curso","7 días tras clic o 1 día tras visualización",0,,0,0
2026-03-03,2026-03-03,"JY | Viajes Presenciales Luciana",active,,,,"Con el presupuesto del conjunto de anuncios",0,0,0,0,"En curso","7 días tras clic o 1 día tras visualización",0,,0,0
2026-03-03,2026-03-03,"JY | Interaccion Boxer Taller",inactive,,,,"Con el presupuesto del conjunto de anuncios",0,0,0,0,"En curso","7 días tras clic o 1 día tras visualización",0,,0,0
2026-03-03,2026-03-03,"JY | Awareness Boxer Taller",active,,,,"Con el presupuesto del conjunto de anuncios",0,0,0,0,"En curso","1 día tras clic",0,,0,0
2026-03-03,2026-03-03,"JY | Conversiones - Copia - Boton a WhatsApp",inactive,,,,"Con el presupuesto del conjunto de anuncios",0,0,0,0,"En curso","7 días tras clic o 1 día tras visualización",0,,0,0
2026-03-03,2026-03-03,"JY | Remarketing",active,,,,"Con el presupuesto del conjunto de anuncios",0,0,0,0,"En curso","7 días tras clic o 1 día tras visualización",0,,0,0
2026-03-03,2026-03-03,"JY | Conversiones",active,,,,"Con el presupuesto del conjunto de anuncios",0,0,0,0,"En curso","7 días tras clic o 1 día tras visualización",0,,0,0
2026-03-03,2026-03-03,"JY | Awareness",active,,,,"Con el presupuesto del conjunto de anuncios",0,0,0,0,"En curso","1 día tras clic",0,,0,0
2026-03-03,2026-03-03,"Clientes Potenciales - Alta Intencion GEM",inactive,,,,3500,Diario,3582.45,1376,1229,"En curso","7 días tras clic o 1 día tras visualización",2603.524709,0.726744,0.81367,1.235465
2026-03-03,2026-03-03,"Yamil | Campaña de Formularios - CENTRO Argentina",inactive,3,actions:lead,5446.42333333,7000,Diario,16339.27,6941,5557,"En curso","7 días tras clic o 1 día tras visualización",2354.022475,0.4034,0.485874,0.749172
2026-03-03,2026-03-03,"Yamil | Campaña de Formularios - NO Argentina",inactive,,,,5000,Diario,4868.88,1876,1514,"En curso","7 días tras clic o 1 día tras visualización",2595.351812,0.159915,0.198151,0.479744
2026-03-03,2026-03-03,"2. Campaña de Conversiones - Copia",inactive,,,,"Con el presupuesto del conjunto de anuncios",0,0,0,0,"En curso","7 días tras clic o 1 día tras visualización",0,,0,0
2026-03-03,2026-03-03,"7. Clientes potenciales - formulario - Copia",inactive,3,actions:lead,6958.56,"Con el presupuesto del conjunto de anuncios",0,20875.68,6396,5189,"En curso","7 días tras clic o 1 día tras visualización",3263.864916,0.65666,0.75159,1.063164
2026-03-03,2026-03-03,"5. Campaña de Seguidores",inactive,,,,"Con el presupuesto del conjunto de anuncios",0,1400.74,892,828,"En curso","Configuración de atribución múltiple",1570.336323,1.457399,1.570048,2.578475
2026-03-03,2026-03-03,"Trafico Boxer web",inactive,,,,"Con el presupuesto del conjunto de anuncios",0,0,0,0,"En curso","7 días tras clic o 1 día tras visualización",0,,0,0
2026-03-03,2026-03-03,"Interacción Contenido - Feed",inactive,,,,"Con el presupuesto del conjunto de anuncios",0,0,0,0,"En curso","7 días tras clic o 1 día tras visualización",0,,0,0
2026-03-02,2026-03-02,"JY | Webinar Mostrador - 17 SEPT 2026",active,,,,"Con el presupuesto del conjunto de anuncios",0,0,0,0,"En curso","7 días tras clic o 1 día tras visualización",0,,0,0
2026-03-02,2026-03-02,"JY | Viajes Presenciales Luciana",active,,,,"Con el presupuesto del conjunto de anuncios",0,0,0,0,"En curso","7 días tras clic o 1 día tras visualización",0,,0,0
2026-03-02,2026-03-02,"JY | Interaccion Boxer Taller",inactive,,,,"Con el presupuesto del conjunto de anuncios",0,0,0,0,"En curso","7 días tras clic o 1 día tras visualización",0,,0,0
2026-03-02,2026-03-02,"JY | Awareness Boxer Taller",active,,,,"Con el presupuesto del conjunto de anuncios",0,0,0,0,"En curso","1 día tras clic",0,,0,0
2026-03-02,2026-03-02,"JY | Conversiones - Copia - Boton a WhatsApp",inactive,,,,"Con el presupuesto del conjunto de anuncios",0,0,0,0,"En curso","7 días tras clic o 1 día tras visualización",0,,0,0
2026-03-02,2026-03-02,"JY | Remarketing",active,,,,"Con el presupuesto del conjunto de anuncios",0,0,0,0,"En curso","7 días tras clic o 1 día tras visualización",0,,0,0
2026-03-02,2026-03-02,"JY | Conversiones",active,,,,"Con el presupuesto del conjunto de anuncios",0,0,0,0,"En curso","7 días tras clic o 1 día tras visualización",0,,0,0
2026-03-02,2026-03-02,"JY | Awareness",active,,,,"Con el presupuesto del conjunto de anuncios",0,0,0,0,"En curso","1 día tras clic",0,,0,0
2026-03-02,2026-03-02,"Clientes Potenciales - Alta Intencion GEM",inactive,,,,3500,Diario,3355.99,1016,939,"En curso","7 días tras clic o 1 día tras visualización",3303.139764,0.590551,0.638978,1.574803
2026-03-02,2026-03-02,"Yamil | Campaña de Formularios - CENTRO Argentina",inactive,1,actions:lead,15677.72,7000,Diario,15677.72,7084,5727,"En curso","7 días tras clic o 1 día tras visualización",2213.116883,0.324675,0.401606,0.649351
2026-03-02,2026-03-02,"Yamil | Campaña de Formularios - NO Argentina",inactive,3,actions:lead,1764.56,5000,Diario,5293.68,2129,1725,"En curso","7 días tras clic o 1 día tras visualización",2486.463128,0.328793,0.405797,0.845467
2026-03-02,2026-03-02,"2. Campaña de Conversiones - Copia",inactive,,,,"Con el presupuesto del conjunto de anuncios",0,0,0,0,"En curso","7 días tras clic o 1 día tras visualización",0,,0,0
2026-03-02,2026-03-02,"7. Clientes potenciales - formulario - Copia",inactive,5,actions:lead,5723.686,"Con el presupuesto del conjunto de anuncios",0,28618.43,7653,6110,"En curso","7 días tras clic o 1 día tras visualización",3739.504769,0.601071,0.752864,1.306677
2026-03-02,2026-03-02,"5. Campaña de Seguidores",inactive,,,,"Con el presupuesto del conjunto de anuncios",0,1516.82,1009,915,"En curso","Configuración de atribución múltiple",1503.290387,1.090188,1.092896,3.072349
2026-03-02,2026-03-02,"Trafico Boxer web",inactive,,,,"Con el presupuesto del conjunto de anuncios",0,0,0,0,"En curso","7 días tras clic o 1 día tras visualización",0,,0,0
2026-03-02,2026-03-02,"Interacción Contenido - Feed",inactive,,,,"Con el presupuesto del conjunto de anuncios",0,0,0,0,"En curso","7 días tras clic o 1 día tras visualización",0,,0,0
2026-03-01,2026-03-01,"JY | Webinar Mostrador - 17 SEPT 2026",active,,,,"Con el presupuesto del conjunto de anuncios",0,0,0,0,"En curso","7 días tras clic o 1 día tras visualización",0,,0,0
2026-03-01,2026-03-01,"JY | Viajes Presenciales Luciana",active,,,,"Con el presupuesto del conjunto de anuncios",0,0,0,0,"En curso","7 días tras clic o 1 día tras visualización",0,,0,0
2026-03-01,2026-03-01,"JY | Interaccion Boxer Taller",inactive,,,,"Con el presupuesto del conjunto de anuncios",0,0,0,0,"En curso","7 días tras clic o 1 día tras visualización",0,,0,0
2026-03-01,2026-03-01,"JY | Awareness Boxer Taller",active,,,,"Con el presupuesto del conjunto de anuncios",0,0,0,0,"En curso","1 día tras clic",0,,0,0
2026-03-01,2026-03-01,"JY | Conversiones - Copia - Boton a WhatsApp",inactive,,,,"Con el presupuesto del conjunto de anuncios",0,0,0,0,"En curso","7 días tras clic o 1 día tras visualización",0,,0,0
2026-03-01,2026-03-01,"JY | Remarketing",active,,,,"Con el presupuesto del conjunto de anuncios",0,0,0,0,"En curso","7 días tras clic o 1 día tras visualización",0,,0,0
2026-03-01,2026-03-01,"JY | Conversiones",active,,,,"Con el presupuesto del conjunto de anuncios",0,0,0,0,"En curso","7 días tras clic o 1 día tras visualización",0,,0,0
2026-03-01,2026-03-01,"JY | Awareness",active,,,,"Con el presupuesto del conjunto de anuncios",0,0,0,0,"En curso","1 día tras clic",0,,0,0
2026-03-01,2026-03-01,"Clientes Potenciales - Alta Intencion GEM",inactive,,,,3500,Diario,4117.6,1438,1288,"En curso","7 días tras clic o 1 día tras visualización",2863.421419,0.417246,0.465839,1.251739
2026-03-01,2026-03-01,"Yamil | Campaña de Formularios - CENTRO Argentina",inactive,5,actions:lead,3110.188,7000,Diario,15550.94,6409,5320,"En curso","7 días tras clic o 1 día tras visualización",2426.422219,0.390076,0.451128,0.858168
2026-03-01,2026-03-01,"Yamil | Campaña de Formularios - NO Argentina",inactive,1,actions:lead,5493.29,5000,Diario,5493.29,1946,1606,"En curso","7 días tras clic o 1 día tras visualización",2822.862282,0.359712,0.373599,0.668037
2026-03-01,2026-03-01,"2. Campaña de Conversiones - Copia",inactive,,,,"Con el presupuesto del conjunto de anuncios",0,0,0,0,"En curso","7 días tras clic o 1 día tras visualización",0,,0,0
2026-03-01,2026-03-01,"7. Clientes potenciales - formulario - Copia",inactive,8,actions:lead,2699.72125,"Con el presupuesto del conjunto de anuncios",0,21597.77,6114,4945,"En curso","7 días tras clic o 1 día tras visualización",3532.510631,0.572457,0.687563,1.112202
2026-03-01,2026-03-01,"5. Campaña de Seguidores",inactive,,,,"Con el presupuesto del conjunto de anuncios",0,1769.61,1104,929,"En curso","Configuración de atribución múltiple",1602.907609,1.902174,2.04521,4.438406
2026-03-01,2026-03-01,"Trafico Boxer web",inactive,,,,"Con el presupuesto del conjunto de anuncios",0,0,0,0,"En curso","7 días tras clic o 1 día tras visualización",0,,0,0
2026-03-01,2026-03-01,"Interacción Contenido - Feed",inactive,,,,"Con el presupuesto del conjunto de anuncios",0,0,0,0,"En curso","7 días tras clic o 1 día tras visualización",0,,0,0
