Inicio del informe,Fin del informe,Nombre del conjunto de anuncios,Entrega del conjunto de anuncios,Resultados,Indicador de resultado,Costo por resultados,Presupuesto del conjunto de anuncios,Tipo de presupuesto del conjunto de anuncios,Importe gastado (ARS),Impresiones,Alcance,Finalización,Inicio,Configuración de atribución,Puja,Tipo de puja,Último cambio significativo,CPM (costo por mil impresiones) (ARS),CTR (porcentaje de clics en el enlace),CTR único (porcentaje de clics en el enlace),CTR (todos)
2026-09-06,2026-09-06,Conjunto 1 - Frio nacional,active,,,,2000,Diario,2562.32,574,463,En curso,2026-09-02,7 días tras clic o 1 día tras visualización,0,ABSOLUTE_OCPM,2026-09-02T16:13:50-0300,4463.972125,0.522648,0.647948,1.045296
2026-09-06,2026-09-06,Clases de IA en vivo - Joa y Pri,inactive,,,,5000,Diario,0,0,0,2026-08-13,2026-07-28,7 días tras clic o 1 día tras visualización,0,ABSOLUTE_OCPM,2026-07-30T16:12:18-0300,0,,0,0
2026-09-06,2026-09-06,San Juan- Frio - LAL CRM - Video,active,,,,3000,Diario,2764.27,621,502,En curso,2026-09-02,7 días tras clic o 1 día tras visualización,0,ABSOLUTE_OCPM,2026-09-02T11:42:37-0300,4451.320451,0.322061,0.398406,0.644122
2026-09-06,2026-09-06,Conversión segmentación similar - Copia,inactive,,,,5000,Diario,0,0,0,En curso,2026-07-27,7 días tras clic o 1 día tras visualización,0,ABSOLUTE_OCPM,2026-07-27T15:50:54-0300,0,,0,0
2026-09-06,2026-09-06,Mendoza - Frio - LAL CRM - Video,active,,,,3000,Diario,2654.53,482,413,En curso,2026-09-02,7 días tras clic o 1 día tras visualización,0,ABSOLUTE_OCPM,2026-09-02T10:06:07-0300,5507.323651,1.037344,1.210654,2.282158
2026-09-06,2026-09-06,Serie Datos e IA,inactive,,,,2500,Diario,0,0,0,En curso,2026-07-23,7 días tras clic o 1 día tras visualización,0,ABSOLUTE_OCPM,2026-07-23T10:55:48-0300,0,,0,0
2026-09-06,2026-09-06,Entrevista en vivo - Campana Repuestos,inactive,,,,2000,Diario,0,0,0,2026-08-31,2026-08-19,7 días tras clic o 1 día tras visualización,0,ABSOLUTE_OCPM,2026-08-28T15:10:22-0300,0,,0,0
2026-09-06,2026-09-06,Nuevo conjunto de anuncios de Tráfico,active,65,profile_visit_view,36.56384615,2000,Diario,2376.65,3041,2700,En curso,2026-07-21,1 día tras clic,0,ABSOLUTE_OCPM,2026-08-27T17:05:50-0300,781.535679,2.170339,2.444444,2.236107
2026-09-06,2026-09-06,Campaña Presencialidad Neuquen,inactive,,,,4000,Diario,0,0,0,2026-08-30,2026-08-18,7 días tras clic o 1 día tras visualización,0,ABSOLUTE_OCPM,2026-08-27T15:51:09-0300,0,,0,0
2026-09-06,2026-09-06,Campaña Presencialidad Rosario,inactive,,,,4000,Diario,0,0,0,2026-07-27,2026-07-15,7 días tras clic o 1 día tras visualización,0,ABSOLUTE_OCPM,2026-07-22T13:58:17-0300,0,,0,0
2026-09-06,2026-09-06,Guia | Boxer Taller,not_delivering,,,,1600,Diario,0,0,0,En curso,2026-08-13,7 días tras clic o 1 día tras visualización,0,ABSOLUTE_OCPM,2026-08-13T14:06:05-0300,0,,0,0
2026-09-06,2026-09-06,Campaña Demo Masiva - Luciana - 30JUL,inactive,,,,6000,Diario,0,0,0,2026-07-29,2026-07-15,7 días tras clic o 1 día tras visualización,0,ABSOLUTE_OCPM,2026-07-15T11:38:34-0300,0,,0,0
2026-09-06,2026-09-06,Demo en VIVO Presencial,inactive,,,,1561.28,Diario,0,0,0,En curso,2026-08-07,7 días tras clic o 1 día tras visualización,0,ABSOLUTE_OCPM,2026-08-20T17:56:48-0300,0,,0,0
2026-09-06,2026-09-06,Error - Conversión segmentación similar,inactive,,,,5000,Diario,0,0,0,En curso,2026-07-13,7 días tras clic o 1 día tras visualización,0,ABSOLUTE_OCPM,0,0,,0,0
2026-09-06,2026-09-06,Campaña Demo Masiva - Santiago - 13 AGO,inactive,,,,6000,Diario,0,0,0,2026-08-12,2026-07-30,7 días tras clic o 1 día tras visualización,0,ABSOLUTE_OCPM,2026-08-05T16:57:39-0300,0,,0,0
2026-09-06,2026-09-06,Remarketing,active,,,,6000,Diario,6704.72,1686,1392,En curso,2026-07-08,7 días tras clic o 1 día tras visualización,0,ABSOLUTE_OCPM,2026-07-13T10:34:29-0300,3976.702254,0.830368,0.933908,1.245552
2026-09-06,2026-09-06,Conversión segmentación similar,active,2,actions:lead,3773.39,7000,Diario,7546.78,1392,1301,En curso,2026-07-08,7 días tras clic o 1 día tras visualización,0,ABSOLUTE_OCPM,2026-08-21T17:21:00-0300,5421.537356,1.293103,1.383551,2.37069
2026-09-06,2026-09-06,Redirección al perfil de Instagram - Segmentación manual,active,76,profile_visit_view,37.1825,2500,Diario,2825.87,3588,3404,En curso,2026-07-08,1 día tras clic,0,ABSOLUTE_OCPM,2026-07-08T11:14:25-0300,787.589186,2.285396,2.20329,2.201784
2026-09-06,2026-09-06,Campaña Demo Masiva - Santiago,not_delivering,,,,6000,Diario,0,0,0,2026-07-16,2026-07-02,7 días tras clic o 1 día tras visualización,0,ABSOLUTE_OCPM,2026-07-02T19:33:11-0300,0,,0,0
2026-09-06,2026-09-06,Campaña Presencialidad Cordoba,inactive,,,,4000,Diario,0,0,0,2026-07-20,2026-07-02,7 días tras clic o 1 día tras visualización,0,ABSOLUTE_OCPM,2026-07-08T11:37:38-0300,0,,0,0
2026-09-06,2026-09-06,After Automechanika,inactive,,,,10000,Diario,0,0,0,En curso,2026-03-31,7 días tras clic o 1 día tras visualización,0,ABSOLUTE_OCPM,2026-04-01T17:37:48-0300,0,,0,0
2026-09-06,2026-09-06,Campaña Presencialidad Adquisicion,inactive,,,,7500,Diario,0,0,0,2026-03-06,2026-02-27,7 días tras clic o 1 día tras visualización,0,ABSOLUTE_OCPM,0,0,,0,0
2026-09-06,2026-09-06,Campaña Webinar Marketing,inactive,,,,3500,Diario,0,0,0,En curso,2026-02-11,7 días tras clic o 1 día tras visualización,0,ABSOLUTE_OCPM,2026-05-18T19:06:06-0300,0,,0,0
2026-09-06,2026-09-06,Tienda Nube,inactive,,,,5000,Diario,0,0,0,En curso,2026-01-26,7 días tras clic o 1 día tras visualización,0,ABSOLUTE_OCPM,2026-01-26T09:26:44-0300,0,,0,0
2026-09-06,2026-09-06,Clientes Potenciales GEM,not_delivering,,,,Con el presupuesto de la campaña,0,0,0,0,En curso,2026-01-09,7 días tras clic o 1 día tras visualización,0,ABSOLUTE_OCPM,2026-01-20T16:48:01-0300,0,,0,0
2026-09-06,2026-09-06,Lead Magnet,inactive,,,,4000,Diario,0,0,0,En curso,2025-12-18,7 días tras clic o 1 día tras visualización,0,ABSOLUTE_OCPM,2026-02-12T19:16:29-0300,0,,0,0
2026-09-06,2026-09-06,Conjunto - Similares IG y FB,not_delivering,,,,Con el presupuesto de la campaña,0,0,0,0,En curso,2025-12-04,7 días tras clic o 1 día tras visualización,0,ABSOLUTE_OCPM,2026-06-01T20:45:30-0300,0,,0,0
2026-09-06,2026-09-06,Conjunto - Similares IG y FB,not_delivering,,,,Con el presupuesto de la campaña,0,0,0,0,En curso,2025-12-04,7 días tras clic o 1 día tras visualización,0,ABSOLUTE_OCPM,2026-01-20T16:54:10-0300,0,,0,0
2026-09-06,2026-09-06,3. Publico Mix,not_delivering,,,,4000,Diario,0,0,0,En curso,2025-09-23,7 días tras clic o 1 día tras visualización,0,ABSOLUTE_OCPM,2026-01-09T16:34:51-0300,0,,0,0
2026-09-06,2026-09-06,Reprod. a video,not_delivering,,,,10000,Diario,0,0,0,En curso,2025-09-15,7 días tras clic o 1 día tras visualización,0,ABSOLUTE_OCPM,2026-07-13T10:40:18-0300,0,,0,0
2026-09-06,2026-09-06,Segmentación / interés,not_delivering,,,,6000,Diario,0,0,0,En curso,2025-06-12,1 día tras clic,0,ABSOLUTE_OCPM,2026-06-04T16:15:08-0300,0,,0,0
2026-09-06,2026-09-06,Sitio Web,not_delivering,,,,3000,Diario,0,0,0,En curso,2024-07-11,7 días tras clic o 1 día tras visualización,0,ABSOLUTE_OCPM,2026-03-30T09:15:39-0300,0,,0,0
2026-09-06,2026-09-06,Nuevo conjunto de anuncios de Interacción,not_delivering,,,,1100,Diario,0,0,0,En curso,2024-07-05,7 días tras clic o 1 día tras visualización,0,ABSOLUTE_OCPM,2025-02-11T14:03:26-0300,0,,0,0
2026-09-05,2026-09-05,Conjunto 1 - Frio nacional,active,,,,2000,Diario,2117.64,470,375,En curso,2026-09-02,7 días tras clic o 1 día tras visualización,0,ABSOLUTE_OCPM,2026-09-02T16:13:50-0300,4505.617021,0.851064,1.066667,2.553191
2026-09-05,2026-09-05,Clases de IA en vivo - Joa y Pri,inactive,,,,5000,Diario,0,0,0,2026-08-13,2026-07-28,7 días tras clic o 1 día tras visualización,0,ABSOLUTE_OCPM,2026-07-30T16:12:18-0300,0,,0,0
2026-09-05,2026-09-05,San Juan- Frio - LAL CRM - Video,active,,,,3000,Diario,562.05,167,146,En curso,2026-09-02,7 días tras clic o 1 día tras visualización,0,ABSOLUTE_OCPM,2026-09-02T11:42:37-0300,3365.568862,,0,1.197605
2026-09-05,2026-09-05,Conversión segmentación similar - Copia,inactive,,,,5000,Diario,0,0,0,En curso,2026-07-27,7 días tras clic o 1 día tras visualización,0,ABSOLUTE_OCPM,2026-07-27T15:50:54-0300,0,,0,0
2026-09-05,2026-09-05,Mendoza - Frio - LAL CRM - Video,active,,,,3000,Diario,1149.96,274,229,En curso,2026-09-02,7 días tras clic o 1 día tras visualización,0,ABSOLUTE_OCPM,2026-09-02T10:06:07-0300,4196.934307,0.729927,0.873362,1.094891
2026-09-05,2026-09-05,Serie Datos e IA,inactive,,,,2500,Diario,0,0,0,En curso,2026-07-23,7 días tras clic o 1 día tras visualización,0,ABSOLUTE_OCPM,2026-07-23T10:55:48-0300,0,,0,0
2026-09-05,2026-09-05,Entrevista en vivo - Campana Repuestos,inactive,,,,2000,Diario,0,0,0,2026-08-31,2026-08-19,7 días tras clic o 1 día tras visualización,0,ABSOLUTE_OCPM,2026-08-28T15:10:22-0300,0,,0,0
2026-09-05,2026-09-05,Nuevo conjunto de anuncios de Tráfico,active,86,profile_visit_view,33.44674419,2000,Diario,2876.42,3077,2632,En curso,2026-07-21,1 día tras clic,0,ABSOLUTE_OCPM,2026-08-27T17:05:50-0300,934.81313,2.79493,3.229483,2.79493
2026-09-05,2026-09-05,Campaña Presencialidad Neuquen,inactive,,,,4000,Diario,0,0,0,2026-08-30,2026-08-18,7 días tras clic o 1 día tras visualización,0,ABSOLUTE_OCPM,2026-08-27T15:51:09-0300,0,,0,0
2026-09-05,2026-09-05,Campaña Presencialidad Rosario,inactive,,,,4000,Diario,0,0,0,2026-07-27,2026-07-15,7 días tras clic o 1 día tras visualización,0,ABSOLUTE_OCPM,2026-07-22T13:58:17-0300,0,,0,0
2026-09-05,2026-09-05,Guia | Boxer Taller,not_delivering,,,,1600,Diario,0,0,0,En curso,2026-08-13,7 días tras clic o 1 día tras visualización,0,ABSOLUTE_OCPM,2026-08-13T14:06:05-0300,0,,0,0
2026-09-05,2026-09-05,Campaña Demo Masiva - Luciana - 30JUL,inactive,,,,6000,Diario,0,0,0,2026-07-29,2026-07-15,7 días tras clic o 1 día tras visualización,0,ABSOLUTE_OCPM,2026-07-15T11:38:34-0300,0,,0,0
2026-09-05,2026-09-05,Demo en VIVO Presencial,inactive,,,,1561.28,Diario,0,0,0,En curso,2026-08-07,7 días tras clic o 1 día tras visualización,0,ABSOLUTE_OCPM,2026-08-20T17:56:48-0300,0,,0,0
2026-09-05,2026-09-05,Error - Conversión segmentación similar,inactive,,,,5000,Diario,0,0,0,En curso,2026-07-13,7 días tras clic o 1 día tras visualización,0,ABSOLUTE_OCPM,0,0,,0,0
2026-09-05,2026-09-05,Campaña Demo Masiva - Santiago - 13 AGO,inactive,,,,6000,Diario,0,0,0,2026-08-12,2026-07-30,7 días tras clic o 1 día tras visualización,0,ABSOLUTE_OCPM,2026-08-05T16:57:39-0300,0,,0,0
2026-09-05,2026-09-05,Remarketing,active,3,actions:lead,1822.29333333,6000,Diario,5466.88,1381,1166,En curso,2026-07-08,7 días tras clic o 1 día tras visualización,0,ABSOLUTE_OCPM,2026-07-13T10:34:29-0300,3958.638668,1.086169,1.200686,1.520637
2026-09-05,2026-09-05,Conversión segmentación similar,active,,,,7000,Diario,5562.96,1328,1182,En curso,2026-07-08,7 días tras clic o 1 día tras visualización,0,ABSOLUTE_OCPM,2026-08-21T17:21:00-0300,4188.975904,0.677711,0.676819,1.129518
2026-09-05,2026-09-05,Redirección al perfil de Instagram - Segmentación manual,active,74,profile_visit_view,34.76554054,2500,Diario,2572.65,3049,2943,En curso,2026-07-08,1 día tras clic,0,ABSOLUTE_OCPM,2026-07-08T11:14:25-0300,843.768449,2.591013,2.480462,2.591013
2026-09-05,2026-09-05,Campaña Demo Masiva - Santiago,not_delivering,,,,6000,Diario,0,0,0,2026-07-16,2026-07-02,7 días tras clic o 1 día tras visualización,0,ABSOLUTE_OCPM,2026-07-02T19:33:11-0300,0,,0,0
2026-09-05,2026-09-05,Campaña Presencialidad Cordoba,inactive,,,,4000,Diario,0,0,0,2026-07-20,2026-07-02,7 días tras clic o 1 día tras visualización,0,ABSOLUTE_OCPM,2026-07-08T11:37:38-0300,0,,0,0
2026-09-05,2026-09-05,After Automechanika,inactive,,,,10000,Diario,0,0,0,En curso,2026-03-31,7 días tras clic o 1 día tras visualización,0,ABSOLUTE_OCPM,2026-04-01T17:37:48-0300,0,,0,0
2026-09-05,2026-09-05,Campaña Presencialidad Adquisicion,inactive,,,,7500,Diario,0,0,0,2026-03-06,2026-02-27,7 días tras clic o 1 día tras visualización,0,ABSOLUTE_OCPM,0,0,,0,0
2026-09-05,2026-09-05,Campaña Webinar Marketing,inactive,,,,3500,Diario,0,0,0,En curso,2026-02-11,7 días tras clic o 1 día tras visualización,0,ABSOLUTE_OCPM,2026-05-18T19:06:06-0300,0,,0,0
2026-09-05,2026-09-05,Tienda Nube,inactive,,,,5000,Diario,0,0,0,En curso,2026-01-26,7 días tras clic o 1 día tras visualización,0,ABSOLUTE_OCPM,2026-01-26T09:26:44-0300,0,,0,0
2026-09-05,2026-09-05,Clientes Potenciales GEM,not_delivering,,,,Con el presupuesto de la campaña,0,0,0,0,En curso,2026-01-09,7 días tras clic o 1 día tras visualización,0,ABSOLUTE_OCPM,2026-01-20T16:48:01-0300,0,,0,0
2026-09-05,2026-09-05,Lead Magnet,inactive,,,,4000,Diario,0,0,0,En curso,2025-12-18,7 días tras clic o 1 día tras visualización,0,ABSOLUTE_OCPM,2026-02-12T19:16:29-0300,0,,0,0
2026-09-05,2026-09-05,Conjunto - Similares IG y FB,not_delivering,,,,Con el presupuesto de la campaña,0,0,0,0,En curso,2025-12-04,7 días tras clic o 1 día tras visualización,0,ABSOLUTE_OCPM,2026-06-01T20:45:30-0300,0,,0,0
2026-09-05,2026-09-05,Conjunto - Similares IG y FB,not_delivering,,,,Con el presupuesto de la campaña,0,0,0,0,En curso,2025-12-04,7 días tras clic o 1 día tras visualización,0,ABSOLUTE_OCPM,2026-01-20T16:54:10-0300,0,,0,0
2026-09-05,2026-09-05,3. Publico Mix,not_delivering,,,,4000,Diario,0,0,0,En curso,2025-09-23,7 días tras clic o 1 día tras visualización,0,ABSOLUTE_OCPM,2026-01-09T16:34:51-0300,0,,0,0
2026-09-05,2026-09-05,Reprod. a video,not_delivering,,,,10000,Diario,0,0,0,En curso,2025-09-15,7 días tras clic o 1 día tras visualización,0,ABSOLUTE_OCPM,2026-07-13T10:40:18-0300,0,,0,0
2026-09-05,2026-09-05,Segmentación / interés,not_delivering,,,,6000,Diario,0,0,0,En curso,2025-06-12,1 día tras clic,0,ABSOLUTE_OCPM,2026-06-04T16:15:08-0300,0,,0,0
2026-09-05,2026-09-05,Sitio Web,not_delivering,,,,3000,Diario,0,0,0,En curso,2024-07-11,7 días tras clic o 1 día tras visualización,0,ABSOLUTE_OCPM,2026-03-30T09:15:39-0300,0,,0,0
2026-09-05,2026-09-05,Nuevo conjunto de anuncios de Interacción,not_delivering,,,,1100,Diario,0,0,0,En curso,2024-07-05,7 días tras clic o 1 día tras visualización,0,ABSOLUTE_OCPM,2025-02-11T14:03:26-0300,0,,0,0
2026-09-04,2026-09-04,Conjunto 1 - Frio nacional,active,,,,2000,Diario,1891.86,365,285,En curso,2026-09-02,7 días tras clic o 1 día tras visualización,0,ABSOLUTE_OCPM,2026-09-02T16:13:50-0300,5183.178082,0.273973,0.350877,0.821918
2026-09-04,2026-09-04,Clases de IA en vivo - Joa y Pri,inactive,,,,5000,Diario,0,0,0,2026-08-13,2026-07-28,7 días tras clic o 1 día tras visualización,0,ABSOLUTE_OCPM,2026-07-30T16:12:18-0300,0,,0,0
2026-09-04,2026-09-04,San Juan- Frio - LAL CRM - Video,active,4,actions:lead,565.73,3000,Diario,2262.92,401,334,En curso,2026-09-02,7 días tras clic o 1 día tras visualización,0,ABSOLUTE_OCPM,2026-09-02T11:42:37-0300,5643.19202,2.493766,2.694611,5.486284
2026-09-04,2026-09-04,Conversión segmentación similar - Copia,inactive,,,,5000,Diario,0,0,0,En curso,2026-07-27,7 días tras clic o 1 día tras visualización,0,ABSOLUTE_OCPM,2026-07-27T15:50:54-0300,0,,0,0
2026-09-04,2026-09-04,Mendoza - Frio - LAL CRM - Video,active,2,actions:lead,1039.315,3000,Diario,2078.63,468,379,En curso,2026-09-02,7 días tras clic o 1 día tras visualización,0,ABSOLUTE_OCPM,2026-09-02T10:06:07-0300,4441.517094,1.282051,1.319261,2.564103
2026-09-04,2026-09-04,Serie Datos e IA,inactive,,,,2500,Diario,0,0,0,En curso,2026-07-23,7 días tras clic o 1 día tras visualización,0,ABSOLUTE_OCPM,2026-07-23T10:55:48-0300,0,,0,0
2026-09-04,2026-09-04,Entrevista en vivo - Campana Repuestos,inactive,,,,2000,Diario,0,0,0,2026-08-31,2026-08-19,7 días tras clic o 1 día tras visualización,0,ABSOLUTE_OCPM,2026-08-28T15:10:22-0300,0,,0,0
2026-09-04,2026-09-04,Nuevo conjunto de anuncios de Tráfico,active,38,profile_visit_view,42.91263158,2000,Diario,1630.68,1551,1364,En curso,2026-07-21,1 día tras clic,0,ABSOLUTE_OCPM,2026-08-27T17:05:50-0300,1051.373308,2.578981,2.859238,2.514507
2026-09-04,2026-09-04,Campaña Presencialidad Neuquen,inactive,,,,4000,Diario,0,0,0,2026-08-30,2026-08-18,7 días tras clic o 1 día tras visualización,0,ABSOLUTE_OCPM,2026-08-27T15:51:09-0300,0,,0,0
2026-09-04,2026-09-04,Campaña Presencialidad Rosario,inactive,,,,4000,Diario,0,0,0,2026-07-27,2026-07-15,7 días tras clic o 1 día tras visualización,0,ABSOLUTE_OCPM,2026-07-22T13:58:17-0300,0,,0,0
2026-09-04,2026-09-04,Guia | Boxer Taller,not_delivering,,,,1600,Diario,0,0,0,En curso,2026-08-13,7 días tras clic o 1 día tras visualización,0,ABSOLUTE_OCPM,2026-08-13T14:06:05-0300,0,,0,0
2026-09-04,2026-09-04,Campaña Demo Masiva - Luciana - 30JUL,inactive,,,,6000,Diario,0,0,0,2026-07-29,2026-07-15,7 días tras clic o 1 día tras visualización,0,ABSOLUTE_OCPM,2026-07-15T11:38:34-0300,0,,0,0
2026-09-04,2026-09-04,Demo en VIVO Presencial,inactive,,,,1561.28,Diario,0,0,0,En curso,2026-08-07,7 días tras clic o 1 día tras visualización,0,ABSOLUTE_OCPM,2026-08-20T17:56:48-0300,0,,0,0
2026-09-04,2026-09-04,Error - Conversión segmentación similar,inactive,,,,5000,Diario,0,0,0,En curso,2026-07-13,7 días tras clic o 1 día tras visualización,0,ABSOLUTE_OCPM,0,0,,0,0
2026-09-04,2026-09-04,Campaña Demo Masiva - Santiago - 13 AGO,inactive,,,,6000,Diario,0,0,0,2026-08-12,2026-07-30,7 días tras clic o 1 día tras visualización,0,ABSOLUTE_OCPM,2026-08-05T16:57:39-0300,0,,0,0
2026-09-04,2026-09-04,Remarketing,active,,,,6000,Diario,4829.34,1279,1076,En curso,2026-07-08,7 días tras clic o 1 día tras visualización,0,ABSOLUTE_OCPM,2026-07-13T10:34:29-0300,3775.871775,0.547303,0.650558,0.781861
2026-09-04,2026-09-04,Conversión segmentación similar,active,2,actions:lead,3568.19,7000,Diario,7136.38,1335,1177,En curso,2026-07-08,7 días tras clic o 1 día tras visualización,0,ABSOLUTE_OCPM,2026-08-21T17:21:00-0300,5345.602996,1.348315,1.44435,1.797753
2026-09-04,2026-09-04,Redirección al perfil de Instagram - Segmentación manual,active,46,profile_visit_view,44.88217391,2500,Diario,2064.58,2409,2367,En curso,2026-07-08,1 día tras clic,0,ABSOLUTE_OCPM,2026-07-08T11:14:25-0300,857.027812,1.951017,1.816646,1.992528
2026-09-04,2026-09-04,Campaña Demo Masiva - Santiago,not_delivering,,,,6000,Diario,0,0,0,2026-07-16,2026-07-02,7 días tras clic o 1 día tras visualización,0,ABSOLUTE_OCPM,2026-07-02T19:33:11-0300,0,,0,0
2026-09-04,2026-09-04,Campaña Presencialidad Cordoba,inactive,,,,4000,Diario,0,0,0,2026-07-20,2026-07-02,7 días tras clic o 1 día tras visualización,0,ABSOLUTE_OCPM,2026-07-08T11:37:38-0300,0,,0,0
2026-09-04,2026-09-04,After Automechanika,inactive,,,,10000,Diario,0,0,0,En curso,2026-03-31,7 días tras clic o 1 día tras visualización,0,ABSOLUTE_OCPM,2026-04-01T17:37:48-0300,0,,0,0
2026-09-04,2026-09-04,Campaña Presencialidad Adquisicion,inactive,,,,7500,Diario,0,0,0,2026-03-06,2026-02-27,7 días tras clic o 1 día tras visualización,0,ABSOLUTE_OCPM,0,0,,0,0
2026-09-04,2026-09-04,Campaña Webinar Marketing,inactive,,,,3500,Diario,0,0,0,En curso,2026-02-11,7 días tras clic o 1 día tras visualización,0,ABSOLUTE_OCPM,2026-05-18T19:06:06-0300,0,,0,0
2026-09-04,2026-09-04,Tienda Nube,inactive,,,,5000,Diario,0,0,0,En curso,2026-01-26,7 días tras clic o 1 día tras visualización,0,ABSOLUTE_OCPM,2026-01-26T09:26:44-0300,0,,0,0
2026-09-04,2026-09-04,Clientes Potenciales GEM,not_delivering,,,,Con el presupuesto de la campaña,0,0,0,0,En curso,2026-01-09,7 días tras clic o 1 día tras visualización,0,ABSOLUTE_OCPM,2026-01-20T16:48:01-0300,0,,0,0
2026-09-04,2026-09-04,Lead Magnet,inactive,,,,4000,Diario,0,0,0,En curso,2025-12-18,7 días tras clic o 1 día tras visualización,0,ABSOLUTE_OCPM,2026-02-12T19:16:29-0300,0,,0,0
2026-09-04,2026-09-04,Conjunto - Similares IG y FB,not_delivering,,,,Con el presupuesto de la campaña,0,0,0,0,En curso,2025-12-04,7 días tras clic o 1 día tras visualización,0,ABSOLUTE_OCPM,2026-06-01T20:45:30-0300,0,,0,0
2026-09-04,2026-09-04,Conjunto - Similares IG y FB,not_delivering,,,,Con el presupuesto de la campaña,0,0,0,0,En curso,2025-12-04,7 días tras clic o 1 día tras visualización,0,ABSOLUTE_OCPM,2026-01-20T16:54:10-0300,0,,0,0
2026-09-04,2026-09-04,3. Publico Mix,not_delivering,,,,4000,Diario,0,0,0,En curso,2025-09-23,7 días tras clic o 1 día tras visualización,0,ABSOLUTE_OCPM,2026-01-09T16:34:51-0300,0,,0,0
2026-09-04,2026-09-04,Reprod. a video,not_delivering,,,,10000,Diario,0,0,0,En curso,2025-09-15,7 días tras clic o 1 día tras visualización,0,ABSOLUTE_OCPM,2026-07-13T10:40:18-0300,0,,0,0
2026-09-04,2026-09-04,Segmentación / interés,not_delivering,,,,6000,Diario,0,0,0,En curso,2025-06-12,1 día tras clic,0,ABSOLUTE_OCPM,2026-06-04T16:15:08-0300,0,,0,0
2026-09-04,2026-09-04,Sitio Web,not_delivering,,,,3000,Diario,0,0,0,En curso,2024-07-11,7 días tras clic o 1 día tras visualización,0,ABSOLUTE_OCPM,2026-03-30T09:15:39-0300,0,,0,0
2026-09-04,2026-09-04,Nuevo conjunto de anuncios de Interacción,not_delivering,,,,1100,Diario,0,0,0,En curso,2024-07-05,7 días tras clic o 1 día tras visualización,0,ABSOLUTE_OCPM,2025-02-11T14:03:26-0300,0,,0,0
2026-09-03,2026-09-03,Conjunto 1 - Frio nacional,active,,,,2000,Diario,1447.23,403,309,En curso,2026-09-02,7 días tras clic o 1 día tras visualización,0,ABSOLUTE_OCPM,2026-09-02T16:13:50-0300,3591.141439,0.248139,0.323625,0.496278
2026-09-03,2026-09-03,Clases de IA en vivo - Joa y Pri,inactive,,,,5000,Diario,0,0,0,2026-08-13,2026-07-28,7 días tras clic o 1 día tras visualización,0,ABSOLUTE_OCPM,2026-07-30T16:12:18-0300,0,,0,0
2026-09-03,2026-09-03,San Juan- Frio - LAL CRM - Video,active,1,actions:lead,4277.41,3000,Diario,4277.41,540,438,En curso,2026-09-02,7 días tras clic o 1 día tras visualización,0,ABSOLUTE_OCPM,2026-09-02T11:42:37-0300,7921.12963,1.296296,1.598174,2.407407
2026-09-03,2026-09-03,Conversión segmentación similar - Copia,inactive,,,,5000,Diario,0,0,0,En curso,2026-07-27,7 días tras clic o 1 día tras visualización,0,ABSOLUTE_OCPM,2026-07-27T15:50:54-0300,0,,0,0
2026-09-03,2026-09-03,Mendoza - Frio - LAL CRM - Video,active,2,actions:lead,1918.72,3000,Diario,3837.44,589,489,En curso,2026-09-02,7 días tras clic o 1 día tras visualización,0,ABSOLUTE_OCPM,2026-09-02T10:06:07-0300,6515.178268,0.679117,0.817996,1.358234
2026-09-03,2026-09-03,Serie Datos e IA,inactive,,,,2500,Diario,0,0,0,En curso,2026-07-23,7 días tras clic o 1 día tras visualización,0,ABSOLUTE_OCPM,2026-07-23T10:55:48-0300,0,,0,0
2026-09-03,2026-09-03,Entrevista en vivo - Campana Repuestos,inactive,,,,2000,Diario,0,0,0,2026-08-31,2026-08-19,7 días tras clic o 1 día tras visualización,0,ABSOLUTE_OCPM,2026-08-28T15:10:22-0300,0,,0,0
2026-09-03,2026-09-03,Nuevo conjunto de anuncios de Tráfico,active,31,profile_visit_view,40.42935484,2000,Diario,1253.31,1219,1114,En curso,2026-07-21,1 día tras clic,0,ABSOLUTE_OCPM,2026-08-27T17:05:50-0300,1028.146021,2.461034,2.692998,2.461034
2026-09-03,2026-09-03,Campaña Presencialidad Neuquen,inactive,,,,4000,Diario,0,0,0,2026-08-30,2026-08-18,7 días tras clic o 1 día tras visualización,0,ABSOLUTE_OCPM,2026-08-27T15:51:09-0300,0,,0,0
2026-09-03,2026-09-03,Campaña Presencialidad Rosario,inactive,,,,4000,Diario,0,0,0,2026-07-27,2026-07-15,7 días tras clic o 1 día tras visualización,0,ABSOLUTE_OCPM,2026-07-22T13:58:17-0300,0,,0,0
2026-09-03,2026-09-03,Guia | Boxer Taller,not_delivering,,,,1600,Diario,0,0,0,En curso,2026-08-13,7 días tras clic o 1 día tras visualización,0,ABSOLUTE_OCPM,2026-08-13T14:06:05-0300,0,,0,0
2026-09-03,2026-09-03,Campaña Demo Masiva - Luciana - 30JUL,inactive,,,,6000,Diario,0,0,0,2026-07-29,2026-07-15,7 días tras clic o 1 día tras visualización,0,ABSOLUTE_OCPM,2026-07-15T11:38:34-0300,0,,0,0
2026-09-03,2026-09-03,Demo en VIVO Presencial,inactive,,,,1561.28,Diario,0,0,0,En curso,2026-08-07,7 días tras clic o 1 día tras visualización,0,ABSOLUTE_OCPM,2026-08-20T17:56:48-0300,0,,0,0
2026-09-03,2026-09-03,Error - Conversión segmentación similar,inactive,,,,5000,Diario,0,0,0,En curso,2026-07-13,7 días tras clic o 1 día tras visualización,0,ABSOLUTE_OCPM,0,0,,0,0
2026-09-03,2026-09-03,Campaña Demo Masiva - Santiago - 13 AGO,inactive,,,,6000,Diario,0,0,0,2026-08-12,2026-07-30,7 días tras clic o 1 día tras visualización,0,ABSOLUTE_OCPM,2026-08-05T16:57:39-0300,0,,0,0
2026-09-03,2026-09-03,Remarketing,active,1,actions:lead,5122.46,6000,Diario,5122.46,1626,1376,En curso,2026-07-08,7 días tras clic o 1 día tras visualización,0,ABSOLUTE_OCPM,2026-07-13T10:34:29-0300,3150.344403,0.922509,1.090116,1.537515
2026-09-03,2026-09-03,Conversión segmentación similar,active,4,actions:lead,1640.3225,7000,Diario,6561.29,1130,1019,En curso,2026-07-08,7 días tras clic o 1 día tras visualización,0,ABSOLUTE_OCPM,2026-08-21T17:21:00-0300,5806.451327,1.681416,1.864573,2.566372
2026-09-03,2026-09-03,Redirección al perfil de Instagram - Segmentación manual,active,72,profile_visit_view,32.42486111,2500,Diario,2334.59,2836,2751,En curso,2026-07-08,1 día tras clic,0,ABSOLUTE_OCPM,2026-07-08T11:14:25-0300,823.198166,2.750353,2.653581,2.715092
2026-09-03,2026-09-03,Campaña Demo Masiva - Santiago,not_delivering,,,,6000,Diario,0,0,0,2026-07-16,2026-07-02,7 días tras clic o 1 día tras visualización,0,ABSOLUTE_OCPM,2026-07-02T19:33:11-0300,0,,0,0
2026-09-03,2026-09-03,Campaña Presencialidad Cordoba,inactive,,,,4000,Diario,0,0,0,2026-07-20,2026-07-02,7 días tras clic o 1 día tras visualización,0,ABSOLUTE_OCPM,2026-07-08T11:37:38-0300,0,,0,0
2026-09-03,2026-09-03,After Automechanika,inactive,,,,10000,Diario,0,0,0,En curso,2026-03-31,7 días tras clic o 1 día tras visualización,0,ABSOLUTE_OCPM,2026-04-01T17:37:48-0300,0,,0,0
2026-09-03,2026-09-03,Campaña Presencialidad Adquisicion,inactive,,,,7500,Diario,0,0,0,2026-03-06,2026-02-27,7 días tras clic o 1 día tras visualización,0,ABSOLUTE_OCPM,0,0,,0,0
2026-09-03,2026-09-03,Campaña Webinar Marketing,inactive,,,,3500,Diario,0,0,0,En curso,2026-02-11,7 días tras clic o 1 día tras visualización,0,ABSOLUTE_OCPM,2026-05-18T19:06:06-0300,0,,0,0
2026-09-03,2026-09-03,Tienda Nube,inactive,,,,5000,Diario,0,0,0,En curso,2026-01-26,7 días tras clic o 1 día tras visualización,0,ABSOLUTE_OCPM,2026-01-26T09:26:44-0300,0,,0,0
2026-09-03,2026-09-03,Clientes Potenciales GEM,not_delivering,,,,Con el presupuesto de la campaña,0,0,0,0,En curso,2026-01-09,7 días tras clic o 1 día tras visualización,0,ABSOLUTE_OCPM,2026-01-20T16:48:01-0300,0,,0,0
2026-09-03,2026-09-03,Lead Magnet,inactive,,,,4000,Diario,0,0,0,En curso,2025-12-18,7 días tras clic o 1 día tras visualización,0,ABSOLUTE_OCPM,2026-02-12T19:16:29-0300,0,,0,0
2026-09-03,2026-09-03,Conjunto - Similares IG y FB,not_delivering,,,,Con el presupuesto de la campaña,0,0,0,0,En curso,2025-12-04,7 días tras clic o 1 día tras visualización,0,ABSOLUTE_OCPM,2026-06-01T20:45:30-0300,0,,0,0
2026-09-03,2026-09-03,Conjunto - Similares IG y FB,not_delivering,,,,Con el presupuesto de la campaña,0,0,0,0,En curso,2025-12-04,7 días tras clic o 1 día tras visualización,0,ABSOLUTE_OCPM,2026-01-20T16:54:10-0300,0,,0,0
2026-09-03,2026-09-03,3. Publico Mix,not_delivering,,,,4000,Diario,0,0,0,En curso,2025-09-23,7 días tras clic o 1 día tras visualización,0,ABSOLUTE_OCPM,2026-01-09T16:34:51-0300,0,,0,0
2026-09-03,2026-09-03,Reprod. a video,not_delivering,,,,10000,Diario,0,0,0,En curso,2025-09-15,7 días tras clic o 1 día tras visualización,0,ABSOLUTE_OCPM,2026-07-13T10:40:18-0300,0,,0,0
2026-09-03,2026-09-03,Segmentación / interés,not_delivering,,,,6000,Diario,0,0,0,En curso,2025-06-12,1 día tras clic,0,ABSOLUTE_OCPM,2026-06-04T16:15:08-0300,0,,0,0
2026-09-03,2026-09-03,Sitio Web,not_delivering,,,,3000,Diario,0,0,0,En curso,2024-07-11,7 días tras clic o 1 día tras visualización,0,ABSOLUTE_OCPM,2026-03-30T09:15:39-0300,0,,0,0
2026-09-03,2026-09-03,Nuevo conjunto de anuncios de Interacción,not_delivering,,,,1100,Diario,0,0,0,En curso,2024-07-05,7 días tras clic o 1 día tras visualización,0,ABSOLUTE_OCPM,2025-02-11T14:03:26-0300,0,,0,0
2026-09-02,2026-09-02,Conjunto 1 - Frio nacional,active,,,,2000,Diario,1097.64,234,208,En curso,2026-09-02,7 días tras clic o 1 día tras visualización,0,ABSOLUTE_OCPM,2026-09-02T16:13:50-0300,4690.769231,1.709402,1.923077,1.709402
2026-09-02,2026-09-02,Clases de IA en vivo - Joa y Pri,inactive,,,,5000,Diario,0,0,0,2026-08-13,2026-07-28,7 días tras clic o 1 día tras visualización,0,ABSOLUTE_OCPM,2026-07-30T16:12:18-0300,0,,0,0
2026-09-02,2026-09-02,San Juan- Frio - LAL CRM - Video,active,1,actions:lead,3429.2,3000,Diario,3429.2,441,373,En curso,2026-09-02,7 días tras clic o 1 día tras visualización,0,ABSOLUTE_OCPM,2026-09-02T11:42:37-0300,7775.963719,1.133787,1.340483,2.267574
2026-09-02,2026-09-02,Conversión segmentación similar - Copia,inactive,6,actions:onsite_conversion.messaging_conversation_started_7d,587.26,5000,Diario,3523.56,5554,5482,En curso,2026-07-27,7 días tras clic o 1 día tras visualización,0,ABSOLUTE_OCPM,2026-07-27T15:50:54-0300,634.418437,0.702197,0.109449,0.882247
2026-09-02,2026-09-02,Mendoza - Frio - LAL CRM - Video,active,2,actions:lead,1813.77,3000,Diario,3627.54,523,465,En curso,2026-09-02,7 días tras clic o 1 día tras visualización,0,ABSOLUTE_OCPM,2026-09-02T10:06:07-0300,6936.022945,1.147228,1.290323,2.294455
2026-09-02,2026-09-02,Serie Datos e IA,inactive,,,,2500,Diario,0,0,0,En curso,2026-07-23,7 días tras clic o 1 día tras visualización,0,ABSOLUTE_OCPM,2026-07-23T10:55:48-0300,0,,0,0
2026-09-02,2026-09-02,Entrevista en vivo - Campana Repuestos,inactive,,,,2000,Diario,0,0,0,2026-08-31,2026-08-19,7 días tras clic o 1 día tras visualización,0,ABSOLUTE_OCPM,2026-08-28T15:10:22-0300,0,,0,0
2026-09-02,2026-09-02,Nuevo conjunto de anuncios de Tráfico,active,35,profile_visit_view,56.12657143,2000,Diario,1964.43,1860,1659,En curso,2026-07-21,1 día tras clic,0,ABSOLUTE_OCPM,2026-08-27T17:05:50-0300,1056.145161,2.096774,2.290536,2.043011
2026-09-02,2026-09-02,Campaña Presencialidad Neuquen,inactive,,,,4000,Diario,0,0,0,2026-08-30,2026-08-18,7 días tras clic o 1 día tras visualización,0,ABSOLUTE_OCPM,2026-08-27T15:51:09-0300,0,,0,0
2026-09-02,2026-09-02,Campaña Presencialidad Rosario,inactive,,,,4000,Diario,0,0,0,2026-07-27,2026-07-15,7 días tras clic o 1 día tras visualización,0,ABSOLUTE_OCPM,2026-07-22T13:58:17-0300,0,,0,0
2026-09-02,2026-09-02,Guia | Boxer Taller,not_delivering,,,,1600,Diario,0,0,0,En curso,2026-08-13,7 días tras clic o 1 día tras visualización,0,ABSOLUTE_OCPM,2026-08-13T14:06:05-0300,0,,0,0
2026-09-02,2026-09-02,Campaña Demo Masiva - Luciana - 30JUL,inactive,,,,6000,Diario,0,0,0,2026-07-29,2026-07-15,7 días tras clic o 1 día tras visualización,0,ABSOLUTE_OCPM,2026-07-15T11:38:34-0300,0,,0,0
2026-09-02,2026-09-02,Demo en VIVO Presencial,inactive,,,,1561.28,Diario,0,0,0,En curso,2026-08-07,7 días tras clic o 1 día tras visualización,0,ABSOLUTE_OCPM,2026-08-20T17:56:48-0300,0,,0,0
2026-09-02,2026-09-02,Error - Conversión segmentación similar,inactive,,,,5000,Diario,0,0,0,En curso,2026-07-13,7 días tras clic o 1 día tras visualización,0,ABSOLUTE_OCPM,0,0,,0,0
2026-09-02,2026-09-02,Campaña Demo Masiva - Santiago - 13 AGO,inactive,,,,6000,Diario,0,0,0,2026-08-12,2026-07-30,7 días tras clic o 1 día tras visualización,0,ABSOLUTE_OCPM,2026-08-05T16:57:39-0300,0,,0,0
2026-09-02,2026-09-02,Remarketing,active,1,actions:lead,5898.69,6000,Diario,5898.69,1881,1595,En curso,2026-07-08,7 días tras clic o 1 día tras visualización,0,ABSOLUTE_OCPM,2026-07-13T10:34:29-0300,3135.933014,0.744285,0.877743,1.169591
2026-09-02,2026-09-02,Conversión segmentación similar,active,4,actions:lead,2031.435,7000,Diario,8125.74,1625,1478,En curso,2026-07-08,7 días tras clic o 1 día tras visualización,0,ABSOLUTE_OCPM,2026-08-21T17:21:00-0300,5000.455385,1.538462,1.623816,2.523077
2026-09-02,2026-09-02,Redirección al perfil de Instagram - Segmentación manual,active,54,profile_visit_view,39.46092593,2500,Diario,2130.89,2591,2459,En curso,2026-07-08,1 día tras clic,0,ABSOLUTE_OCPM,2026-07-08T11:14:25-0300,822.419915,2.161328,2.155348,2.122733
2026-09-02,2026-09-02,Campaña Demo Masiva - Santiago,not_delivering,,,,6000,Diario,0,0,0,2026-07-16,2026-07-02,7 días tras clic o 1 día tras visualización,0,ABSOLUTE_OCPM,2026-07-02T19:33:11-0300,0,,0,0
2026-09-02,2026-09-02,Campaña Presencialidad Cordoba,inactive,,,,4000,Diario,0,0,0,2026-07-20,2026-07-02,7 días tras clic o 1 día tras visualización,0,ABSOLUTE_OCPM,2026-07-08T11:37:38-0300,0,,0,0
2026-09-02,2026-09-02,After Automechanika,inactive,,,,10000,Diario,0,0,0,En curso,2026-03-31,7 días tras clic o 1 día tras visualización,0,ABSOLUTE_OCPM,2026-04-01T17:37:48-0300,0,,0,0
2026-09-02,2026-09-02,Campaña Presencialidad Adquisicion,inactive,,,,7500,Diario,0,0,0,2026-03-06,2026-02-27,7 días tras clic o 1 día tras visualización,0,ABSOLUTE_OCPM,0,0,,0,0
2026-09-02,2026-09-02,Campaña Webinar Marketing,inactive,,,,3500,Diario,0,0,0,En curso,2026-02-11,7 días tras clic o 1 día tras visualización,0,ABSOLUTE_OCPM,2026-05-18T19:06:06-0300,0,,0,0
2026-09-02,2026-09-02,Tienda Nube,inactive,,,,5000,Diario,0,0,0,En curso,2026-01-26,7 días tras clic o 1 día tras visualización,0,ABSOLUTE_OCPM,2026-01-26T09:26:44-0300,0,,0,0
2026-09-02,2026-09-02,Clientes Potenciales GEM,not_delivering,,,,Con el presupuesto de la campaña,0,0,0,0,En curso,2026-01-09,7 días tras clic o 1 día tras visualización,0,ABSOLUTE_OCPM,2026-01-20T16:48:01-0300,0,,0,0
2026-09-02,2026-09-02,Lead Magnet,inactive,,,,4000,Diario,0,0,0,En curso,2025-12-18,7 días tras clic o 1 día tras visualización,0,ABSOLUTE_OCPM,2026-02-12T19:16:29-0300,0,,0,0
2026-09-02,2026-09-02,Conjunto - Similares IG y FB,not_delivering,,,,Con el presupuesto de la campaña,0,0,0,0,En curso,2025-12-04,7 días tras clic o 1 día tras visualización,0,ABSOLUTE_OCPM,2026-06-01T20:45:30-0300,0,,0,0
2026-09-02,2026-09-02,Conjunto - Similares IG y FB,not_delivering,,,,Con el presupuesto de la campaña,0,0,0,0,En curso,2025-12-04,7 días tras clic o 1 día tras visualización,0,ABSOLUTE_OCPM,2026-01-20T16:54:10-0300,0,,0,0
2026-09-02,2026-09-02,3. Publico Mix,not_delivering,,,,4000,Diario,0,0,0,En curso,2025-09-23,7 días tras clic o 1 día tras visualización,0,ABSOLUTE_OCPM,2026-01-09T16:34:51-0300,0,,0,0
2026-09-02,2026-09-02,Reprod. a video,not_delivering,,,,10000,Diario,0,0,0,En curso,2025-09-15,7 días tras clic o 1 día tras visualización,0,ABSOLUTE_OCPM,2026-07-13T10:40:18-0300,0,,0,0
2026-09-02,2026-09-02,Segmentación / interés,not_delivering,,,,6000,Diario,0,0,0,En curso,2025-06-12,1 día tras clic,0,ABSOLUTE_OCPM,2026-06-04T16:15:08-0300,0,,0,0
2026-09-02,2026-09-02,Sitio Web,not_delivering,,,,3000,Diario,0,0,0,En curso,2024-07-11,7 días tras clic o 1 día tras visualización,0,ABSOLUTE_OCPM,2026-03-30T09:15:39-0300,0,,0,0
2026-09-02,2026-09-02,Nuevo conjunto de anuncios de Interacción,not_delivering,,,,1100,Diario,0,0,0,En curso,2024-07-05,7 días tras clic o 1 día tras visualización,0,ABSOLUTE_OCPM,2025-02-11T14:03:26-0300,0,,0,0
2026-09-01,2026-09-01,Conjunto 1 - Frio nacional,active,,,,2000,Diario,0,0,0,En curso,2026-09-02,7 días tras clic o 1 día tras visualización,0,ABSOLUTE_OCPM,2026-09-02T16:13:50-0300,0,,0,0
2026-09-01,2026-09-01,Clases de IA en vivo - Joa y Pri,inactive,,,,5000,Diario,0,0,0,2026-08-13,2026-07-28,7 días tras clic o 1 día tras visualización,0,ABSOLUTE_OCPM,2026-07-30T16:12:18-0300,0,,0,0
2026-09-01,2026-09-01,San Juan- Frio - LAL CRM - Video,active,,,,3000,Diario,0,0,0,En curso,2026-09-02,7 días tras clic o 1 día tras visualización,0,ABSOLUTE_OCPM,2026-09-02T11:42:37-0300,0,,0,0
2026-09-01,2026-09-01,Conversión segmentación similar - Copia,inactive,3,actions:onsite_conversion.messaging_conversation_started_7d,1839.48666667,5000,Diario,5518.46,4967,4720,En curso,2026-07-27,7 días tras clic o 1 día tras visualización,0,ABSOLUTE_OCPM,2026-07-27T15:50:54-0300,1111.024763,0.664385,0.127119,0.946245
2026-09-01,2026-09-01,Mendoza - Frio - LAL CRM - Video,active,,,,3000,Diario,0,0,0,En curso,2026-09-02,7 días tras clic o 1 día tras visualización,0,ABSOLUTE_OCPM,2026-09-02T10:06:07-0300,0,,0,0
2026-09-01,2026-09-01,Serie Datos e IA,inactive,,,,2500,Diario,0,0,0,En curso,2026-07-23,7 días tras clic o 1 día tras visualización,0,ABSOLUTE_OCPM,2026-07-23T10:55:48-0300,0,,0,0
2026-09-01,2026-09-01,Entrevista en vivo - Campana Repuestos,inactive,,,,2000,Diario,0,0,0,2026-08-31,2026-08-19,7 días tras clic o 1 día tras visualización,0,ABSOLUTE_OCPM,2026-08-28T15:10:22-0300,0,,0,0
2026-09-01,2026-09-01,Nuevo conjunto de anuncios de Tráfico,active,51,profile_visit_view,47.48,2000,Diario,2421.48,2236,2022,En curso,2026-07-21,1 día tras clic,0,ABSOLUTE_OCPM,2026-08-27T17:05:50-0300,1082.951699,2.280859,2.373887,2.191413
2026-09-01,2026-09-01,Campaña Presencialidad Neuquen,inactive,,,,4000,Diario,0,0,0,2026-08-30,2026-08-18,7 días tras clic o 1 día tras visualización,0,ABSOLUTE_OCPM,2026-08-27T15:51:09-0300,0,,0,0
2026-09-01,2026-09-01,Campaña Presencialidad Rosario,inactive,,,,4000,Diario,0,0,0,2026-07-27,2026-07-15,7 días tras clic o 1 día tras visualización,0,ABSOLUTE_OCPM,2026-07-22T13:58:17-0300,0,,0,0
2026-09-01,2026-09-01,Guia | Boxer Taller,not_delivering,,,,1600,Diario,0,0,0,En curso,2026-08-13,7 días tras clic o 1 día tras visualización,0,ABSOLUTE_OCPM,2026-08-13T14:06:05-0300,0,,0,0
2026-09-01,2026-09-01,Campaña Demo Masiva - Luciana - 30JUL,inactive,,,,6000,Diario,0,0,0,2026-07-29,2026-07-15,7 días tras clic o 1 día tras visualización,0,ABSOLUTE_OCPM,2026-07-15T11:38:34-0300,0,,0,0
2026-09-01,2026-09-01,Demo en VIVO Presencial,inactive,,,,1561.28,Diario,0,0,0,En curso,2026-08-07,7 días tras clic o 1 día tras visualización,0,ABSOLUTE_OCPM,2026-08-20T17:56:48-0300,0,,0,0
2026-09-01,2026-09-01,Error - Conversión segmentación similar,inactive,,,,5000,Diario,0,0,0,En curso,2026-07-13,7 días tras clic o 1 día tras visualización,0,ABSOLUTE_OCPM,0,0,,0,0
2026-09-01,2026-09-01,Campaña Demo Masiva - Santiago - 13 AGO,inactive,,,,6000,Diario,0,0,0,2026-08-12,2026-07-30,7 días tras clic o 1 día tras visualización,0,ABSOLUTE_OCPM,2026-08-05T16:57:39-0300,0,,0,0
2026-09-01,2026-09-01,Remarketing,active,3,actions:lead,2007.16333333,6000,Diario,6021.49,2206,1716,En curso,2026-07-08,7 días tras clic o 1 día tras visualización,0,ABSOLUTE_OCPM,2026-07-13T10:34:29-0300,2729.596555,0.906618,1.107226,1.269266
2026-09-01,2026-09-01,Conversión segmentación similar,active,1,actions:lead,5875.3,7000,Diario,5875.3,1287,1140,En curso,2026-07-08,7 días tras clic o 1 día tras visualización,0,ABSOLUTE_OCPM,2026-08-21T17:21:00-0300,4565.112665,1.165501,1.315789,2.020202
2026-09-01,2026-09-01,Redirección al perfil de Instagram - Segmentación manual,active,80,profile_visit_view,33.692375,2500,Diario,2695.39,3146,3016,En curso,2026-07-08,1 día tras clic,0,ABSOLUTE_OCPM,2026-07-08T11:14:25-0300,856.767324,2.765416,2.685676,2.765416
2026-09-01,2026-09-01,Campaña Demo Masiva - Santiago,not_delivering,,,,6000,Diario,0,0,0,2026-07-16,2026-07-02,7 días tras clic o 1 día tras visualización,0,ABSOLUTE_OCPM,2026-07-02T19:33:11-0300,0,,0,0
2026-09-01,2026-09-01,Campaña Presencialidad Cordoba,inactive,,,,4000,Diario,0,0,0,2026-07-20,2026-07-02,7 días tras clic o 1 día tras visualización,0,ABSOLUTE_OCPM,2026-07-08T11:37:38-0300,0,,0,0
2026-09-01,2026-09-01,After Automechanika,inactive,,,,10000,Diario,0,0,0,En curso,2026-03-31,7 días tras clic o 1 día tras visualización,0,ABSOLUTE_OCPM,2026-04-01T17:37:48-0300,0,,0,0
2026-09-01,2026-09-01,Campaña Presencialidad Adquisicion,inactive,,,,7500,Diario,0,0,0,2026-03-06,2026-02-27,7 días tras clic o 1 día tras visualización,0,ABSOLUTE_OCPM,0,0,,0,0
2026-09-01,2026-09-01,Campaña Webinar Marketing,inactive,,,,3500,Diario,0,0,0,En curso,2026-02-11,7 días tras clic o 1 día tras visualización,0,ABSOLUTE_OCPM,2026-05-18T19:06:06-0300,0,,0,0
2026-09-01,2026-09-01,Tienda Nube,inactive,,,,5000,Diario,0,0,0,En curso,2026-01-26,7 días tras clic o 1 día tras visualización,0,ABSOLUTE_OCPM,2026-01-26T09:26:44-0300,0,,0,0
2026-09-01,2026-09-01,Clientes Potenciales GEM,not_delivering,,,,Con el presupuesto de la campaña,0,0,0,0,En curso,2026-01-09,7 días tras clic o 1 día tras visualización,0,ABSOLUTE_OCPM,2026-01-20T16:48:01-0300,0,,0,0
2026-09-01,2026-09-01,Lead Magnet,inactive,,,,4000,Diario,0,0,0,En curso,2025-12-18,7 días tras clic o 1 día tras visualización,0,ABSOLUTE_OCPM,2026-02-12T19:16:29-0300,0,,0,0
2026-09-01,2026-09-01,Conjunto - Similares IG y FB,not_delivering,,,,Con el presupuesto de la campaña,0,0,0,0,En curso,2025-12-04,7 días tras clic o 1 día tras visualización,0,ABSOLUTE_OCPM,2026-06-01T20:45:30-0300,0,,0,0
2026-09-01,2026-09-01,Conjunto - Similares IG y FB,not_delivering,,,,Con el presupuesto de la campaña,0,0,0,0,En curso,2025-12-04,7 días tras clic o 1 día tras visualización,0,ABSOLUTE_OCPM,2026-01-20T16:54:10-0300,0,,0,0
2026-09-01,2026-09-01,3. Publico Mix,not_delivering,,,,4000,Diario,0,0,0,En curso,2025-09-23,7 días tras clic o 1 día tras visualización,0,ABSOLUTE_OCPM,2026-01-09T16:34:51-0300,0,,0,0
2026-09-01,2026-09-01,Reprod. a video,not_delivering,,,,10000,Diario,0,0,0,En curso,2025-09-15,7 días tras clic o 1 día tras visualización,0,ABSOLUTE_OCPM,2026-07-13T10:40:18-0300,0,,0,0
2026-09-01,2026-09-01,Segmentación / interés,not_delivering,,,,6000,Diario,0,0,0,En curso,2025-06-12,1 día tras clic,0,ABSOLUTE_OCPM,2026-06-04T16:15:08-0300,0,,0,0
2026-09-01,2026-09-01,Sitio Web,not_delivering,,,,3000,Diario,0,0,0,En curso,2024-07-11,7 días tras clic o 1 día tras visualización,0,ABSOLUTE_OCPM,2026-03-30T09:15:39-0300,0,,0,0
2026-09-01,2026-09-01,Nuevo conjunto de anuncios de Interacción,not_delivering,,,,1100,Diario,0,0,0,En curso,2024-07-05,7 días tras clic o 1 día tras visualización,0,ABSOLUTE_OCPM,2025-02-11T14:03:26-0300,0,,0,0
2026-08-31,2026-08-31,Conjunto 1 - Frio nacional,active,,,,2000,Diario,0,0,0,En curso,2026-09-02,7 días tras clic o 1 día tras visualización,0,ABSOLUTE_OCPM,2026-09-02T16:13:50-0300,0,,0,0
2026-08-31,2026-08-31,Clases de IA en vivo - Joa y Pri,inactive,,,,5000,Diario,0,0,0,2026-08-13,2026-07-28,7 días tras clic o 1 día tras visualización,0,ABSOLUTE_OCPM,2026-07-30T16:12:18-0300,0,,0,0
2026-08-31,2026-08-31,San Juan- Frio - LAL CRM - Video,active,,,,3000,Diario,0,0,0,En curso,2026-09-02,7 días tras clic o 1 día tras visualización,0,ABSOLUTE_OCPM,2026-09-02T11:42:37-0300,0,,0,0
2026-08-31,2026-08-31,Conversión segmentación similar - Copia,inactive,3,actions:onsite_conversion.messaging_conversation_started_7d,2140.2,5000,Diario,6420.6,7782,7383,En curso,2026-07-27,7 días tras clic o 1 día tras visualización,0,ABSOLUTE_OCPM,2026-07-27T15:50:54-0300,825.057826,0.706759,0.054179,0.848111
2026-08-31,2026-08-31,Mendoza - Frio - LAL CRM - Video,active,,,,3000,Diario,0,0,0,En curso,2026-09-02,7 días tras clic o 1 día tras visualización,0,ABSOLUTE_OCPM,2026-09-02T10:06:07-0300,0,,0,0
2026-08-31,2026-08-31,Serie Datos e IA,inactive,,,,2500,Diario,0,0,0,En curso,2026-07-23,7 días tras clic o 1 día tras visualización,0,ABSOLUTE_OCPM,2026-07-23T10:55:48-0300,0,,0,0
2026-08-31,2026-08-31,Entrevista en vivo - Campana Repuestos,inactive,,,,2000,Diario,1100.15,245,204,2026-08-31,2026-08-19,7 días tras clic o 1 día tras visualización,0,ABSOLUTE_OCPM,2026-08-28T15:10:22-0300,4490.408163,0.408163,0.490196,2.44898
2026-08-31,2026-08-31,Nuevo conjunto de anuncios de Tráfico,active,30,profile_visit_view,63.07266667,2000,Diario,1892.18,1694,1591,En curso,2026-07-21,1 día tras clic,0,ABSOLUTE_OCPM,2026-08-27T17:05:50-0300,1116.989374,1.711924,1.822753,1.652893
2026-08-31,2026-08-31,Campaña Presencialidad Neuquen,inactive,,,,4000,Diario,0,0,0,2026-08-30,2026-08-18,7 días tras clic o 1 día tras visualización,0,ABSOLUTE_OCPM,2026-08-27T15:51:09-0300,0,,0,0
2026-08-31,2026-08-31,Campaña Presencialidad Rosario,inactive,,,,4000,Diario,0,0,0,2026-07-27,2026-07-15,7 días tras clic o 1 día tras visualización,0,ABSOLUTE_OCPM,2026-07-22T13:58:17-0300,0,,0,0
2026-08-31,2026-08-31,Guia | Boxer Taller,not_delivering,,,,1600,Diario,0,0,0,En curso,2026-08-13,7 días tras clic o 1 día tras visualización,0,ABSOLUTE_OCPM,2026-08-13T14:06:05-0300,0,,0,0
2026-08-31,2026-08-31,Campaña Demo Masiva - Luciana - 30JUL,inactive,,,,6000,Diario,0,0,0,2026-07-29,2026-07-15,7 días tras clic o 1 día tras visualización,0,ABSOLUTE_OCPM,2026-07-15T11:38:34-0300,0,,0,0
2026-08-31,2026-08-31,Demo en VIVO Presencial,inactive,,,,1561.28,Diario,0,0,0,En curso,2026-08-07,7 días tras clic o 1 día tras visualización,0,ABSOLUTE_OCPM,2026-08-20T17:56:48-0300,0,,0,0
2026-08-31,2026-08-31,Error - Conversión segmentación similar,inactive,,,,5000,Diario,0,0,0,En curso,2026-07-13,7 días tras clic o 1 día tras visualización,0,ABSOLUTE_OCPM,0,0,,0,0
2026-08-31,2026-08-31,Campaña Demo Masiva - Santiago - 13 AGO,inactive,,,,6000,Diario,0,0,0,2026-08-12,2026-07-30,7 días tras clic o 1 día tras visualización,0,ABSOLUTE_OCPM,2026-08-05T16:57:39-0300,0,,0,0
2026-08-31,2026-08-31,Remarketing,active,1,actions:lead,7132.27,6000,Diario,7132.27,2022,1599,En curso,2026-07-08,7 días tras clic o 1 día tras visualización,0,ABSOLUTE_OCPM,2026-07-13T10:34:29-0300,3527.334322,0.593472,0.750469,0.98912
2026-08-31,2026-08-31,Conversión segmentación similar,active,2,actions:lead,3593.105,7000,Diario,7186.21,1228,1117,En curso,2026-07-08,7 días tras clic o 1 día tras visualización,0,ABSOLUTE_OCPM,2026-08-21T17:21:00-0300,5851.962541,1.302932,1.342883,2.605863
2026-08-31,2026-08-31,Redirección al perfil de Instagram - Segmentación manual,active,64,profile_visit_view,39.63359375,2500,Diario,2536.55,3228,3185,En curso,2026-07-08,1 día tras clic,0,ABSOLUTE_OCPM,2026-07-08T11:14:25-0300,785.796159,2.04461,2.009419,2.075589
2026-08-31,2026-08-31,Campaña Demo Masiva - Santiago,not_delivering,,,,6000,Diario,0,0,0,2026-07-16,2026-07-02,7 días tras clic o 1 día tras visualización,0,ABSOLUTE_OCPM,2026-07-02T19:33:11-0300,0,,0,0
2026-08-31,2026-08-31,Campaña Presencialidad Cordoba,inactive,,,,4000,Diario,0,0,0,2026-07-20,2026-07-02,7 días tras clic o 1 día tras visualización,0,ABSOLUTE_OCPM,2026-07-08T11:37:38-0300,0,,0,0
2026-08-31,2026-08-31,After Automechanika,inactive,,,,10000,Diario,0,0,0,En curso,2026-03-31,7 días tras clic o 1 día tras visualización,0,ABSOLUTE_OCPM,2026-04-01T17:37:48-0300,0,,0,0
2026-08-31,2026-08-31,Campaña Presencialidad Adquisicion,inactive,,,,7500,Diario,0,0,0,2026-03-06,2026-02-27,7 días tras clic o 1 día tras visualización,0,ABSOLUTE_OCPM,0,0,,0,0
2026-08-31,2026-08-31,Campaña Webinar Marketing,inactive,,,,3500,Diario,0,0,0,En curso,2026-02-11,7 días tras clic o 1 día tras visualización,0,ABSOLUTE_OCPM,2026-05-18T19:06:06-0300,0,,0,0
2026-08-31,2026-08-31,Tienda Nube,inactive,,,,5000,Diario,0,0,0,En curso,2026-01-26,7 días tras clic o 1 día tras visualización,0,ABSOLUTE_OCPM,2026-01-26T09:26:44-0300,0,,0,0
2026-08-31,2026-08-31,Clientes Potenciales GEM,not_delivering,,,,Con el presupuesto de la campaña,0,0,0,0,En curso,2026-01-09,7 días tras clic o 1 día tras visualización,0,ABSOLUTE_OCPM,2026-01-20T16:48:01-0300,0,,0,0
2026-08-31,2026-08-31,Lead Magnet,inactive,,,,4000,Diario,0,0,0,En curso,2025-12-18,7 días tras clic o 1 día tras visualización,0,ABSOLUTE_OCPM,2026-02-12T19:16:29-0300,0,,0,0
2026-08-31,2026-08-31,Conjunto - Similares IG y FB,not_delivering,,,,Con el presupuesto de la campaña,0,0,0,0,En curso,2025-12-04,7 días tras clic o 1 día tras visualización,0,ABSOLUTE_OCPM,2026-06-01T20:45:30-0300,0,,0,0
2026-08-31,2026-08-31,Conjunto - Similares IG y FB,not_delivering,,,,Con el presupuesto de la campaña,0,0,0,0,En curso,2025-12-04,7 días tras clic o 1 día tras visualización,0,ABSOLUTE_OCPM,2026-01-20T16:54:10-0300,0,,0,0
2026-08-31,2026-08-31,3. Publico Mix,not_delivering,,,,4000,Diario,0,0,0,En curso,2025-09-23,7 días tras clic o 1 día tras visualización,0,ABSOLUTE_OCPM,2026-01-09T16:34:51-0300,0,,0,0
2026-08-31,2026-08-31,Reprod. a video,not_delivering,,,,10000,Diario,0,0,0,En curso,2025-09-15,7 días tras clic o 1 día tras visualización,0,ABSOLUTE_OCPM,2026-07-13T10:40:18-0300,0,,0,0
2026-08-31,2026-08-31,Segmentación / interés,not_delivering,,,,6000,Diario,0,0,0,En curso,2025-06-12,1 día tras clic,0,ABSOLUTE_OCPM,2026-06-04T16:15:08-0300,0,,0,0
2026-08-31,2026-08-31,Sitio Web,not_delivering,,,,3000,Diario,0,0,0,En curso,2024-07-11,7 días tras clic o 1 día tras visualización,0,ABSOLUTE_OCPM,2026-03-30T09:15:39-0300,0,,0,0
2026-08-31,2026-08-31,Nuevo conjunto de anuncios de Interacción,not_delivering,,,,1100,Diario,0,0,0,En curso,2024-07-05,7 días tras clic o 1 día tras visualización,0,ABSOLUTE_OCPM,2025-02-11T14:03:26-0300,0,,0,0
2026-08-30,2026-08-30,Conjunto 1 - Frio nacional,active,,,,2000,Diario,0,0,0,En curso,2026-09-02,7 días tras clic o 1 día tras visualización,0,ABSOLUTE_OCPM,2026-09-02T16:13:50-0300,0,,0,0
2026-08-30,2026-08-30,Clases de IA en vivo - Joa y Pri,inactive,,,,5000,Diario,0,0,0,2026-08-13,2026-07-28,7 días tras clic o 1 día tras visualización,0,ABSOLUTE_OCPM,2026-07-30T16:12:18-0300,0,,0,0
2026-08-30,2026-08-30,San Juan- Frio - LAL CRM - Video,active,,,,3000,Diario,0,0,0,En curso,2026-09-02,7 días tras clic o 1 día tras visualización,0,ABSOLUTE_OCPM,2026-09-02T11:42:37-0300,0,,0,0
2026-08-30,2026-08-30,Conversión segmentación similar - Copia,inactive,4,actions:onsite_conversion.messaging_conversation_started_7d,1119.765,5000,Diario,4479.06,3430,3430,En curso,2026-07-27,7 días tras clic o 1 día tras visualización,0,ABSOLUTE_OCPM,2026-07-27T15:50:54-0300,1305.848397,0.845481,0.116618,1.137026
2026-08-30,2026-08-30,Mendoza - Frio - LAL CRM - Video,active,,,,3000,Diario,0,0,0,En curso,2026-09-02,7 días tras clic o 1 día tras visualización,0,ABSOLUTE_OCPM,2026-09-02T10:06:07-0300,0,,0,0
2026-08-30,2026-08-30,Serie Datos e IA,inactive,,,,2500,Diario,0,0,0,En curso,2026-07-23,7 días tras clic o 1 día tras visualización,0,ABSOLUTE_OCPM,2026-07-23T10:55:48-0300,0,,0,0
2026-08-30,2026-08-30,Entrevista en vivo - Campana Repuestos,inactive,,,,2000,Diario,2262.66,497,374,2026-08-31,2026-08-19,7 días tras clic o 1 día tras visualización,0,ABSOLUTE_OCPM,2026-08-28T15:10:22-0300,4552.635815,0.603622,0.802139,1.207243
2026-08-30,2026-08-30,Nuevo conjunto de anuncios de Tráfico,active,32,profile_visit_view,70.679375,2000,Diario,2261.74,1988,1872,En curso,2026-07-21,1 día tras clic,0,ABSOLUTE_OCPM,2026-08-27T17:05:50-0300,1137.696177,1.65996,1.762821,1.559356
2026-08-30,2026-08-30,Campaña Presencialidad Neuquen,inactive,,,,4000,Diario,1232.76,307,280,2026-08-30,2026-08-18,7 días tras clic o 1 día tras visualización,0,ABSOLUTE_OCPM,2026-08-27T15:51:09-0300,4015.504886,,0,0.325733
2026-08-30,2026-08-30,Campaña Presencialidad Rosario,inactive,,,,4000,Diario,0,0,0,2026-07-27,2026-07-15,7 días tras clic o 1 día tras visualización,0,ABSOLUTE_OCPM,2026-07-22T13:58:17-0300,0,,0,0
2026-08-30,2026-08-30,Guia | Boxer Taller,not_delivering,,,,1600,Diario,0,0,0,En curso,2026-08-13,7 días tras clic o 1 día tras visualización,0,ABSOLUTE_OCPM,2026-08-13T14:06:05-0300,0,,0,0
2026-08-30,2026-08-30,Campaña Demo Masiva - Luciana - 30JUL,inactive,,,,6000,Diario,0,0,0,2026-07-29,2026-07-15,7 días tras clic o 1 día tras visualización,0,ABSOLUTE_OCPM,2026-07-15T11:38:34-0300,0,,0,0
2026-08-30,2026-08-30,Demo en VIVO Presencial,inactive,,,,1561.28,Diario,0,0,0,En curso,2026-08-07,7 días tras clic o 1 día tras visualización,0,ABSOLUTE_OCPM,2026-08-20T17:56:48-0300,0,,0,0
2026-08-30,2026-08-30,Error - Conversión segmentación similar,inactive,,,,5000,Diario,0,0,0,En curso,2026-07-13,7 días tras clic o 1 día tras visualización,0,ABSOLUTE_OCPM,0,0,,0,0
2026-08-30,2026-08-30,Campaña Demo Masiva - Santiago - 13 AGO,inactive,,,,6000,Diario,0,0,0,2026-08-12,2026-07-30,7 días tras clic o 1 día tras visualización,0,ABSOLUTE_OCPM,2026-08-05T16:57:39-0300,0,,0,0
2026-08-30,2026-08-30,Remarketing,active,3,actions:lead,2445.37333333,6000,Diario,7336.12,2092,1628,En curso,2026-07-08,7 días tras clic o 1 día tras visualización,0,ABSOLUTE_OCPM,2026-07-13T10:34:29-0300,3506.749522,0.956023,1.228501,1.481836
2026-08-30,2026-08-30,Conversión segmentación similar,active,4,actions:lead,2127.235,7000,Diario,8508.94,1618,1456,En curso,2026-07-08,7 días tras clic o 1 día tras visualización,0,ABSOLUTE_OCPM,2026-08-21T17:21:00-0300,5258.924598,1.297899,1.373626,2.286774
2026-08-30,2026-08-30,Redirección al perfil de Instagram - Segmentación manual,active,78,profile_visit_view,40.46897436,2500,Diario,3156.58,4054,4054,En curso,2026-07-08,1 día tras clic,0,ABSOLUTE_OCPM,2026-07-08T11:14:25-0300,778.633448,1.998027,1.874692,1.97336
2026-08-30,2026-08-30,Campaña Demo Masiva - Santiago,not_delivering,,,,6000,Diario,0,0,0,2026-07-16,2026-07-02,7 días tras clic o 1 día tras visualización,0,ABSOLUTE_OCPM,2026-07-02T19:33:11-0300,0,,0,0
2026-08-30,2026-08-30,Campaña Presencialidad Cordoba,inactive,,,,4000,Diario,0,0,0,2026-07-20,2026-07-02,7 días tras clic o 1 día tras visualización,0,ABSOLUTE_OCPM,2026-07-08T11:37:38-0300,0,,0,0
2026-08-30,2026-08-30,After Automechanika,inactive,,,,10000,Diario,0,0,0,En curso,2026-03-31,7 días tras clic o 1 día tras visualización,0,ABSOLUTE_OCPM,2026-04-01T17:37:48-0300,0,,0,0
2026-08-30,2026-08-30,Campaña Presencialidad Adquisicion,inactive,,,,7500,Diario,0,0,0,2026-03-06,2026-02-27,7 días tras clic o 1 día tras visualización,0,ABSOLUTE_OCPM,0,0,,0,0
2026-08-30,2026-08-30,Campaña Webinar Marketing,inactive,,,,3500,Diario,0,0,0,En curso,2026-02-11,7 días tras clic o 1 día tras visualización,0,ABSOLUTE_OCPM,2026-05-18T19:06:06-0300,0,,0,0
2026-08-30,2026-08-30,Tienda Nube,inactive,,,,5000,Diario,0,0,0,En curso,2026-01-26,7 días tras clic o 1 día tras visualización,0,ABSOLUTE_OCPM,2026-01-26T09:26:44-0300,0,,0,0
2026-08-30,2026-08-30,Clientes Potenciales GEM,not_delivering,,,,Con el presupuesto de la campaña,0,0,0,0,En curso,2026-01-09,7 días tras clic o 1 día tras visualización,0,ABSOLUTE_OCPM,2026-01-20T16:48:01-0300,0,,0,0
2026-08-30,2026-08-30,Lead Magnet,inactive,,,,4000,Diario,0,0,0,En curso,2025-12-18,7 días tras clic o 1 día tras visualización,0,ABSOLUTE_OCPM,2026-02-12T19:16:29-0300,0,,0,0
2026-08-30,2026-08-30,Conjunto - Similares IG y FB,not_delivering,,,,Con el presupuesto de la campaña,0,0,0,0,En curso,2025-12-04,7 días tras clic o 1 día tras visualización,0,ABSOLUTE_OCPM,2026-06-01T20:45:30-0300,0,,0,0
2026-08-30,2026-08-30,Conjunto - Similares IG y FB,not_delivering,,,,Con el presupuesto de la campaña,0,0,0,0,En curso,2025-12-04,7 días tras clic o 1 día tras visualización,0,ABSOLUTE_OCPM,2026-01-20T16:54:10-0300,0,,0,0
2026-08-30,2026-08-30,3. Publico Mix,not_delivering,,,,4000,Diario,0,0,0,En curso,2025-09-23,7 días tras clic o 1 día tras visualización,0,ABSOLUTE_OCPM,2026-01-09T16:34:51-0300,0,,0,0
2026-08-30,2026-08-30,Reprod. a video,not_delivering,,,,10000,Diario,0,0,0,En curso,2025-09-15,7 días tras clic o 1 día tras visualización,0,ABSOLUTE_OCPM,2026-07-13T10:40:18-0300,0,,0,0
2026-08-30,2026-08-30,Segmentación / interés,not_delivering,,,,6000,Diario,0,0,0,En curso,2025-06-12,1 día tras clic,0,ABSOLUTE_OCPM,2026-06-04T16:15:08-0300,0,,0,0
2026-08-30,2026-08-30,Sitio Web,not_delivering,,,,3000,Diario,0,0,0,En curso,2024-07-11,7 días tras clic o 1 día tras visualización,0,ABSOLUTE_OCPM,2026-03-30T09:15:39-0300,0,,0,0
2026-08-30,2026-08-30,Nuevo conjunto de anuncios de Interacción,not_delivering,,,,1100,Diario,0,0,0,En curso,2024-07-05,7 días tras clic o 1 día tras visualización,0,ABSOLUTE_OCPM,2025-02-11T14:03:26-0300,0,,0,0
2026-08-29,2026-08-29,Conjunto 1 - Frio nacional,active,,,,2000,Diario,0,0,0,En curso,2026-09-02,7 días tras clic o 1 día tras visualización,0,ABSOLUTE_OCPM,2026-09-02T16:13:50-0300,0,,0,0
2026-08-29,2026-08-29,Clases de IA en vivo - Joa y Pri,inactive,,,,5000,Diario,0,0,0,2026-08-13,2026-07-28,7 días tras clic o 1 día tras visualización,0,ABSOLUTE_OCPM,2026-07-30T16:12:18-0300,0,,0,0
2026-08-29,2026-08-29,San Juan- Frio - LAL CRM - Video,active,,,,3000,Diario,0,0,0,En curso,2026-09-02,7 días tras clic o 1 día tras visualización,0,ABSOLUTE_OCPM,2026-09-02T11:42:37-0300,0,,0,0
2026-08-29,2026-08-29,Conversión segmentación similar - Copia,inactive,3,actions:onsite_conversion.messaging_conversation_started_7d,1549.2,5000,Diario,4647.6,5006,4862,En curso,2026-07-27,7 días tras clic o 1 día tras visualización,0,ABSOLUTE_OCPM,2026-07-27T15:50:54-0300,928.405913,0.739113,0.143974,0.958849
2026-08-29,2026-08-29,Mendoza - Frio - LAL CRM - Video,active,,,,3000,Diario,0,0,0,En curso,2026-09-02,7 días tras clic o 1 día tras visualización,0,ABSOLUTE_OCPM,2026-09-02T10:06:07-0300,0,,0,0
2026-08-29,2026-08-29,Serie Datos e IA,inactive,,,,2500,Diario,0,0,0,En curso,2026-07-23,7 días tras clic o 1 día tras visualización,0,ABSOLUTE_OCPM,2026-07-23T10:55:48-0300,0,,0,0
2026-08-29,2026-08-29,Entrevista en vivo - Campana Repuestos,inactive,,,,2000,Diario,3335.17,752,495,2026-08-31,2026-08-19,7 días tras clic o 1 día tras visualización,0,ABSOLUTE_OCPM,2026-08-28T15:10:22-0300,4435.066489,0.265957,0.40404,1.06383
2026-08-29,2026-08-29,Nuevo conjunto de anuncios de Tráfico,active,56,profile_visit_view,61.17446429,2000,Diario,3425.77,2822,2679,En curso,2026-07-21,1 día tras clic,0,ABSOLUTE_OCPM,2026-08-27T17:05:50-0300,1213.951099,2.126152,2.164987,2.090716
2026-08-29,2026-08-29,Campaña Presencialidad Neuquen,inactive,,,,4000,Diario,6819.12,1770,1326,2026-08-30,2026-08-18,7 días tras clic o 1 día tras visualización,0,ABSOLUTE_OCPM,2026-08-27T15:51:09-0300,3852.610169,0.79096,0.980392,0.960452
2026-08-29,2026-08-29,Campaña Presencialidad Rosario,inactive,,,,4000,Diario,0,0,0,2026-07-27,2026-07-15,7 días tras clic o 1 día tras visualización,0,ABSOLUTE_OCPM,2026-07-22T13:58:17-0300,0,,0,0
2026-08-29,2026-08-29,Guia | Boxer Taller,not_delivering,,,,1600,Diario,0,0,0,En curso,2026-08-13,7 días tras clic o 1 día tras visualización,0,ABSOLUTE_OCPM,2026-08-13T14:06:05-0300,0,,0,0
2026-08-29,2026-08-29,Campaña Demo Masiva - Luciana - 30JUL,inactive,,,,6000,Diario,0,0,0,2026-07-29,2026-07-15,7 días tras clic o 1 día tras visualización,0,ABSOLUTE_OCPM,2026-07-15T11:38:34-0300,0,,0,0
2026-08-29,2026-08-29,Demo en VIVO Presencial,inactive,,,,1561.28,Diario,0,0,0,En curso,2026-08-07,7 días tras clic o 1 día tras visualización,0,ABSOLUTE_OCPM,2026-08-20T17:56:48-0300,0,,0,0
2026-08-29,2026-08-29,Error - Conversión segmentación similar,inactive,,,,5000,Diario,0,0,0,En curso,2026-07-13,7 días tras clic o 1 día tras visualización,0,ABSOLUTE_OCPM,0,0,,0,0
2026-08-29,2026-08-29,Campaña Demo Masiva - Santiago - 13 AGO,inactive,,,,6000,Diario,0,0,0,2026-08-12,2026-07-30,7 días tras clic o 1 día tras visualización,0,ABSOLUTE_OCPM,2026-08-05T16:57:39-0300,0,,0,0
2026-08-29,2026-08-29,Remarketing,active,3,actions:lead,1847.80333333,6000,Diario,5543.41,1685,1462,En curso,2026-07-08,7 días tras clic o 1 día tras visualización,0,ABSOLUTE_OCPM,2026-07-13T10:34:29-0300,3289.857567,0.771513,0.889193,1.48368
2026-08-29,2026-08-29,Conversión segmentación similar,active,1,actions:lead,6314.77,7000,Diario,6314.77,1263,1154,En curso,2026-07-08,7 días tras clic o 1 día tras visualización,0,ABSOLUTE_OCPM,2026-08-21T17:21:00-0300,4999.817894,0.712589,0.779896,1.821061
2026-08-29,2026-08-29,Redirección al perfil de Instagram - Segmentación manual,active,70,profile_visit_view,33.92928571,2500,Diario,2375.05,2794,2793,En curso,2026-07-08,1 día tras clic,0,ABSOLUTE_OCPM,2026-07-08T11:14:25-0300,850.053686,2.684324,2.434658,2.576951
2026-08-29,2026-08-29,Campaña Demo Masiva - Santiago,not_delivering,,,,6000,Diario,0,0,0,2026-07-16,2026-07-02,7 días tras clic o 1 día tras visualización,0,ABSOLUTE_OCPM,2026-07-02T19:33:11-0300,0,,0,0
2026-08-29,2026-08-29,Campaña Presencialidad Cordoba,inactive,,,,4000,Diario,0,0,0,2026-07-20,2026-07-02,7 días tras clic o 1 día tras visualización,0,ABSOLUTE_OCPM,2026-07-08T11:37:38-0300,0,,0,0
2026-08-29,2026-08-29,After Automechanika,inactive,,,,10000,Diario,0,0,0,En curso,2026-03-31,7 días tras clic o 1 día tras visualización,0,ABSOLUTE_OCPM,2026-04-01T17:37:48-0300,0,,0,0
2026-08-29,2026-08-29,Campaña Presencialidad Adquisicion,inactive,,,,7500,Diario,0,0,0,2026-03-06,2026-02-27,7 días tras clic o 1 día tras visualización,0,ABSOLUTE_OCPM,0,0,,0,0
2026-08-29,2026-08-29,Campaña Webinar Marketing,inactive,,,,3500,Diario,0,0,0,En curso,2026-02-11,7 días tras clic o 1 día tras visualización,0,ABSOLUTE_OCPM,2026-05-18T19:06:06-0300,0,,0,0
2026-08-29,2026-08-29,Tienda Nube,inactive,,,,5000,Diario,0,0,0,En curso,2026-01-26,7 días tras clic o 1 día tras visualización,0,ABSOLUTE_OCPM,2026-01-26T09:26:44-0300,0,,0,0
2026-08-29,2026-08-29,Clientes Potenciales GEM,not_delivering,,,,Con el presupuesto de la campaña,0,0,0,0,En curso,2026-01-09,7 días tras clic o 1 día tras visualización,0,ABSOLUTE_OCPM,2026-01-20T16:48:01-0300,0,,0,0
2026-08-29,2026-08-29,Lead Magnet,inactive,,,,4000,Diario,0,0,0,En curso,2025-12-18,7 días tras clic o 1 día tras visualización,0,ABSOLUTE_OCPM,2026-02-12T19:16:29-0300,0,,0,0
2026-08-29,2026-08-29,Conjunto - Similares IG y FB,not_delivering,,,,Con el presupuesto de la campaña,0,0,0,0,En curso,2025-12-04,7 días tras clic o 1 día tras visualización,0,ABSOLUTE_OCPM,2026-06-01T20:45:30-0300,0,,0,0
2026-08-29,2026-08-29,Conjunto - Similares IG y FB,not_delivering,,,,Con el presupuesto de la campaña,0,0,0,0,En curso,2025-12-04,7 días tras clic o 1 día tras visualización,0,ABSOLUTE_OCPM,2026-01-20T16:54:10-0300,0,,0,0
2026-08-29,2026-08-29,3. Publico Mix,not_delivering,,,,4000,Diario,0,0,0,En curso,2025-09-23,7 días tras clic o 1 día tras visualización,0,ABSOLUTE_OCPM,2026-01-09T16:34:51-0300,0,,0,0
2026-08-29,2026-08-29,Reprod. a video,not_delivering,,,,10000,Diario,0,0,0,En curso,2025-09-15,7 días tras clic o 1 día tras visualización,0,ABSOLUTE_OCPM,2026-07-13T10:40:18-0300,0,,0,0
2026-08-29,2026-08-29,Segmentación / interés,not_delivering,,,,6000,Diario,0,0,0,En curso,2025-06-12,1 día tras clic,0,ABSOLUTE_OCPM,2026-06-04T16:15:08-0300,0,,0,0
2026-08-29,2026-08-29,Sitio Web,not_delivering,,,,3000,Diario,0,0,0,En curso,2024-07-11,7 días tras clic o 1 día tras visualización,0,ABSOLUTE_OCPM,2026-03-30T09:15:39-0300,0,,0,0
2026-08-29,2026-08-29,Nuevo conjunto de anuncios de Interacción,not_delivering,,,,1100,Diario,0,0,0,En curso,2024-07-05,7 días tras clic o 1 día tras visualización,0,ABSOLUTE_OCPM,2025-02-11T14:03:26-0300,0,,0,0
2026-08-28,2026-08-28,Conjunto 1 - Frio nacional,active,,,,2000,Diario,0,0,0,En curso,2026-09-02,7 días tras clic o 1 día tras visualización,0,ABSOLUTE_OCPM,2026-09-02T16:13:50-0300,0,,0,0
2026-08-28,2026-08-28,Clases de IA en vivo - Joa y Pri,inactive,,,,5000,Diario,0,0,0,2026-08-13,2026-07-28,7 días tras clic o 1 día tras visualización,0,ABSOLUTE_OCPM,2026-07-30T16:12:18-0300,0,,0,0
2026-08-28,2026-08-28,San Juan- Frio - LAL CRM - Video,active,,,,3000,Diario,0,0,0,En curso,2026-09-02,7 días tras clic o 1 día tras visualización,0,ABSOLUTE_OCPM,2026-09-02T11:42:37-0300,0,,0,0
2026-08-28,2026-08-28,Conversión segmentación similar - Copia,inactive,3,actions:onsite_conversion.messaging_conversation_started_7d,1685.21333333,5000,Diario,5055.64,3830,3643,En curso,2026-07-27,7 días tras clic o 1 día tras visualización,0,ABSOLUTE_OCPM,2026-07-27T15:50:54-0300,1320.010444,0.731071,0.247049,0.913838
2026-08-28,2026-08-28,Mendoza - Frio - LAL CRM - Video,active,,,,3000,Diario,0,0,0,En curso,2026-09-02,7 días tras clic o 1 día tras visualización,0,ABSOLUTE_OCPM,2026-09-02T10:06:07-0300,0,,0,0
2026-08-28,2026-08-28,Serie Datos e IA,inactive,,,,2500,Diario,0,0,0,En curso,2026-07-23,7 días tras clic o 1 día tras visualización,0,ABSOLUTE_OCPM,2026-07-23T10:55:48-0300,0,,0,0
2026-08-28,2026-08-28,Entrevista en vivo - Campana Repuestos,inactive,,,,2000,Diario,2896.25,551,456,2026-08-31,2026-08-19,7 días tras clic o 1 día tras visualización,0,ABSOLUTE_OCPM,2026-08-28T15:10:22-0300,5256.352087,0.544465,0.438596,0.725953
2026-08-28,2026-08-28,Nuevo conjunto de anuncios de Tráfico,active,22,profile_visit_view,156.33181818,2000,Diario,3439.3,1207,1193,En curso,2026-07-21,1 día tras clic,0,ABSOLUTE_OCPM,2026-08-27T17:05:50-0300,2849.461475,1.822701,1.844091,1.822701
2026-08-28,2026-08-28,Campaña Presencialidad Neuquen,inactive,2,actions:leadgen.other,3477.15,4000,Diario,6954.3,1432,956,2026-08-30,2026-08-18,7 días tras clic o 1 día tras visualización,0,ABSOLUTE_OCPM,2026-08-27T15:51:09-0300,4856.354749,0.558659,0.732218,0.977654
2026-08-28,2026-08-28,Campaña Presencialidad Rosario,inactive,,,,4000,Diario,0,0,0,2026-07-27,2026-07-15,7 días tras clic o 1 día tras visualización,0,ABSOLUTE_OCPM,2026-07-22T13:58:17-0300,0,,0,0
2026-08-28,2026-08-28,Guia | Boxer Taller,not_delivering,,,,1600,Diario,0,0,0,En curso,2026-08-13,7 días tras clic o 1 día tras visualización,0,ABSOLUTE_OCPM,2026-08-13T14:06:05-0300,0,,0,0
2026-08-28,2026-08-28,Campaña Demo Masiva - Luciana - 30JUL,inactive,,,,6000,Diario,0,0,0,2026-07-29,2026-07-15,7 días tras clic o 1 día tras visualización,0,ABSOLUTE_OCPM,2026-07-15T11:38:34-0300,0,,0,0
2026-08-28,2026-08-28,Demo en VIVO Presencial,inactive,,,,1561.28,Diario,0,0,0,En curso,2026-08-07,7 días tras clic o 1 día tras visualización,0,ABSOLUTE_OCPM,2026-08-20T17:56:48-0300,0,,0,0
2026-08-28,2026-08-28,Error - Conversión segmentación similar,inactive,,,,5000,Diario,0,0,0,En curso,2026-07-13,7 días tras clic o 1 día tras visualización,0,ABSOLUTE_OCPM,0,0,,0,0
2026-08-28,2026-08-28,Campaña Demo Masiva - Santiago - 13 AGO,inactive,,,,6000,Diario,0,0,0,2026-08-12,2026-07-30,7 días tras clic o 1 día tras visualización,0,ABSOLUTE_OCPM,2026-08-05T16:57:39-0300,0,,0,0
2026-08-28,2026-08-28,Remarketing,active,2,actions:lead,2943.71,6000,Diario,5887.42,1678,1370,En curso,2026-07-08,7 días tras clic o 1 día tras visualización,0,ABSOLUTE_OCPM,2026-07-13T10:34:29-0300,3508.593564,0.953516,1.094891,1.430274
2026-08-28,2026-08-28,Conversión segmentación similar,active,2,actions:lead,3268.425,7000,Diario,6536.85,1382,1205,En curso,2026-07-08,7 días tras clic o 1 día tras visualización,0,ABSOLUTE_OCPM,2026-08-21T17:21:00-0300,4729.992764,0.940666,1.078838,1.95369
2026-08-28,2026-08-28,Redirección al perfil de Instagram - Segmentación manual,active,52,profile_visit_view,49.00980769,2500,Diario,2548.51,3004,2997,En curso,2026-07-08,1 día tras clic,0,ABSOLUTE_OCPM,2026-07-08T11:14:25-0300,848.37217,1.664447,1.668335,1.664447
2026-08-28,2026-08-28,Campaña Demo Masiva - Santiago,not_delivering,,,,6000,Diario,0,0,0,2026-07-16,2026-07-02,7 días tras clic o 1 día tras visualización,0,ABSOLUTE_OCPM,2026-07-02T19:33:11-0300,0,,0,0
2026-08-28,2026-08-28,Campaña Presencialidad Cordoba,inactive,,,,4000,Diario,0,0,0,2026-07-20,2026-07-02,7 días tras clic o 1 día tras visualización,0,ABSOLUTE_OCPM,2026-07-08T11:37:38-0300,0,,0,0
2026-08-28,2026-08-28,After Automechanika,inactive,,,,10000,Diario,0,0,0,En curso,2026-03-31,7 días tras clic o 1 día tras visualización,0,ABSOLUTE_OCPM,2026-04-01T17:37:48-0300,0,,0,0
2026-08-28,2026-08-28,Campaña Presencialidad Adquisicion,inactive,,,,7500,Diario,0,0,0,2026-03-06,2026-02-27,7 días tras clic o 1 día tras visualización,0,ABSOLUTE_OCPM,0,0,,0,0
2026-08-28,2026-08-28,Campaña Webinar Marketing,inactive,,,,3500,Diario,0,0,0,En curso,2026-02-11,7 días tras clic o 1 día tras visualización,0,ABSOLUTE_OCPM,2026-05-18T19:06:06-0300,0,,0,0
2026-08-28,2026-08-28,Tienda Nube,inactive,,,,5000,Diario,0,0,0,En curso,2026-01-26,7 días tras clic o 1 día tras visualización,0,ABSOLUTE_OCPM,2026-01-26T09:26:44-0300,0,,0,0
2026-08-28,2026-08-28,Clientes Potenciales GEM,not_delivering,,,,Con el presupuesto de la campaña,0,0,0,0,En curso,2026-01-09,7 días tras clic o 1 día tras visualización,0,ABSOLUTE_OCPM,2026-01-20T16:48:01-0300,0,,0,0
2026-08-28,2026-08-28,Lead Magnet,inactive,,,,4000,Diario,0,0,0,En curso,2025-12-18,7 días tras clic o 1 día tras visualización,0,ABSOLUTE_OCPM,2026-02-12T19:16:29-0300,0,,0,0
2026-08-28,2026-08-28,Conjunto - Similares IG y FB,not_delivering,,,,Con el presupuesto de la campaña,0,0,0,0,En curso,2025-12-04,7 días tras clic o 1 día tras visualización,0,ABSOLUTE_OCPM,2026-06-01T20:45:30-0300,0,,0,0
2026-08-28,2026-08-28,Conjunto - Similares IG y FB,not_delivering,,,,Con el presupuesto de la campaña,0,0,0,0,En curso,2025-12-04,7 días tras clic o 1 día tras visualización,0,ABSOLUTE_OCPM,2026-01-20T16:54:10-0300,0,,0,0
2026-08-28,2026-08-28,3. Publico Mix,not_delivering,,,,4000,Diario,0,0,0,En curso,2025-09-23,7 días tras clic o 1 día tras visualización,0,ABSOLUTE_OCPM,2026-01-09T16:34:51-0300,0,,0,0
2026-08-28,2026-08-28,Reprod. a video,not_delivering,,,,10000,Diario,0,0,0,En curso,2025-09-15,7 días tras clic o 1 día tras visualización,0,ABSOLUTE_OCPM,2026-07-13T10:40:18-0300,0,,0,0
2026-08-28,2026-08-28,Segmentación / interés,not_delivering,,,,6000,Diario,0,0,0,En curso,2025-06-12,1 día tras clic,0,ABSOLUTE_OCPM,2026-06-04T16:15:08-0300,0,,0,0
2026-08-28,2026-08-28,Sitio Web,not_delivering,,,,3000,Diario,0,0,0,En curso,2024-07-11,7 días tras clic o 1 día tras visualización,0,ABSOLUTE_OCPM,2026-03-30T09:15:39-0300,0,,0,0
2026-08-28,2026-08-28,Nuevo conjunto de anuncios de Interacción,not_delivering,,,,1100,Diario,0,0,0,En curso,2024-07-05,7 días tras clic o 1 día tras visualización,0,ABSOLUTE_OCPM,2025-02-11T14:03:26-0300,0,,0,0
2026-08-27,2026-08-27,Conjunto 1 - Frio nacional,active,,,,2000,Diario,0,0,0,En curso,2026-09-02,7 días tras clic o 1 día tras visualización,0,ABSOLUTE_OCPM,2026-09-02T16:13:50-0300,0,,0,0
2026-08-27,2026-08-27,Clases de IA en vivo - Joa y Pri,inactive,,,,5000,Diario,0,0,0,2026-08-13,2026-07-28,7 días tras clic o 1 día tras visualización,0,ABSOLUTE_OCPM,2026-07-30T16:12:18-0300,0,,0,0
2026-08-27,2026-08-27,San Juan- Frio - LAL CRM - Video,active,,,,3000,Diario,0,0,0,En curso,2026-09-02,7 días tras clic o 1 día tras visualización,0,ABSOLUTE_OCPM,2026-09-02T11:42:37-0300,0,,0,0
2026-08-27,2026-08-27,Conversión segmentación similar - Copia,inactive,3,actions:onsite_conversion.messaging_conversation_started_7d,1583.24,5000,Diario,4749.72,3154,2863,En curso,2026-07-27,7 días tras clic o 1 día tras visualización,0,ABSOLUTE_OCPM,2026-07-27T15:50:54-0300,1505.93532,0.538998,0.104785,0.729233
2026-08-27,2026-08-27,Mendoza - Frio - LAL CRM - Video,active,,,,3000,Diario,0,0,0,En curso,2026-09-02,7 días tras clic o 1 día tras visualización,0,ABSOLUTE_OCPM,2026-09-02T10:06:07-0300,0,,0,0
2026-08-27,2026-08-27,Serie Datos e IA,inactive,,,,2500,Diario,0,0,0,En curso,2026-07-23,7 días tras clic o 1 día tras visualización,0,ABSOLUTE_OCPM,2026-07-23T10:55:48-0300,0,,0,0
2026-08-27,2026-08-27,Entrevista en vivo - Campana Repuestos,inactive,,,,2000,Diario,0,0,0,2026-08-31,2026-08-19,7 días tras clic o 1 día tras visualización,0,ABSOLUTE_OCPM,2026-08-28T15:10:22-0300,0,,0,0
2026-08-27,2026-08-27,Nuevo conjunto de anuncios de Tráfico,active,12,profile_visit_view,291.50583333,2000,Diario,3498.07,1091,1091,En curso,2026-07-21,1 día tras clic,0,ABSOLUTE_OCPM,2026-08-27T17:05:50-0300,3206.296975,1.283226,1.283226,3.116407
2026-08-27,2026-08-27,Campaña Presencialidad Neuquen,inactive,1,actions:leadgen.other,4459.33,4000,Diario,4459.33,1009,720,2026-08-30,2026-08-18,7 días tras clic o 1 día tras visualización,0,ABSOLUTE_OCPM,2026-08-27T15:51:09-0300,4419.554014,0.594648,0.833333,0.99108
2026-08-27,2026-08-27,Campaña Presencialidad Rosario,inactive,,,,4000,Diario,0,0,0,2026-07-27,2026-07-15,7 días tras clic o 1 día tras visualización,0,ABSOLUTE_OCPM,2026-07-22T13:58:17-0300,0,,0,0
2026-08-27,2026-08-27,Guia | Boxer Taller,not_delivering,,,,1600,Diario,0,0,0,En curso,2026-08-13,7 días tras clic o 1 día tras visualización,0,ABSOLUTE_OCPM,2026-08-13T14:06:05-0300,0,,0,0
2026-08-27,2026-08-27,Campaña Demo Masiva - Luciana - 30JUL,inactive,,,,6000,Diario,0,0,0,2026-07-29,2026-07-15,7 días tras clic o 1 día tras visualización,0,ABSOLUTE_OCPM,2026-07-15T11:38:34-0300,0,,0,0
2026-08-27,2026-08-27,Demo en VIVO Presencial,inactive,,,,1561.28,Diario,0,0,0,En curso,2026-08-07,7 días tras clic o 1 día tras visualización,0,ABSOLUTE_OCPM,2026-08-20T17:56:48-0300,0,,0,0
2026-08-27,2026-08-27,Error - Conversión segmentación similar,inactive,,,,5000,Diario,0,0,0,En curso,2026-07-13,7 días tras clic o 1 día tras visualización,0,ABSOLUTE_OCPM,0,0,,0,0
2026-08-27,2026-08-27,Campaña Demo Masiva - Santiago - 13 AGO,inactive,,,,6000,Diario,0,0,0,2026-08-12,2026-07-30,7 días tras clic o 1 día tras visualización,0,ABSOLUTE_OCPM,2026-08-05T16:57:39-0300,0,,0,0
2026-08-27,2026-08-27,Remarketing,active,3,actions:lead,2074.49333333,6000,Diario,6223.48,1771,1480,En curso,2026-07-08,7 días tras clic o 1 día tras visualización,0,ABSOLUTE_OCPM,2026-07-13T10:34:29-0300,3514.105025,1.07284,1.283784,1.750423
2026-08-27,2026-08-27,Conversión segmentación similar,active,3,actions:lead,2072.27,7000,Diario,6216.81,1044,921,En curso,2026-07-08,7 días tras clic o 1 día tras visualización,0,ABSOLUTE_OCPM,2026-08-21T17:21:00-0300,5954.798851,1.340996,1.302932,2.586207
2026-08-27,2026-08-27,Redirección al perfil de Instagram - Segmentación manual,active,58,profile_visit_view,37.88775862,2500,Diario,2197.49,2611,2608,En curso,2026-07-08,1 día tras clic,0,ABSOLUTE_OCPM,2026-07-08T11:14:25-0300,841.627729,2.412869,2.147239,2.374569
2026-08-27,2026-08-27,Campaña Demo Masiva - Santiago,not_delivering,,,,6000,Diario,0,0,0,2026-07-16,2026-07-02,7 días tras clic o 1 día tras visualización,0,ABSOLUTE_OCPM,2026-07-02T19:33:11-0300,0,,0,0
2026-08-27,2026-08-27,Campaña Presencialidad Cordoba,inactive,,,,4000,Diario,0,0,0,2026-07-20,2026-07-02,7 días tras clic o 1 día tras visualización,0,ABSOLUTE_OCPM,2026-07-08T11:37:38-0300,0,,0,0
2026-08-27,2026-08-27,After Automechanika,inactive,,,,10000,Diario,0,0,0,En curso,2026-03-31,7 días tras clic o 1 día tras visualización,0,ABSOLUTE_OCPM,2026-04-01T17:37:48-0300,0,,0,0
2026-08-27,2026-08-27,Campaña Presencialidad Adquisicion,inactive,,,,7500,Diario,0,0,0,2026-03-06,2026-02-27,7 días tras clic o 1 día tras visualización,0,ABSOLUTE_OCPM,0,0,,0,0
2026-08-27,2026-08-27,Campaña Webinar Marketing,inactive,,,,3500,Diario,0,0,0,En curso,2026-02-11,7 días tras clic o 1 día tras visualización,0,ABSOLUTE_OCPM,2026-05-18T19:06:06-0300,0,,0,0
2026-08-27,2026-08-27,Tienda Nube,inactive,,,,5000,Diario,0,0,0,En curso,2026-01-26,7 días tras clic o 1 día tras visualización,0,ABSOLUTE_OCPM,2026-01-26T09:26:44-0300,0,,0,0
2026-08-27,2026-08-27,Clientes Potenciales GEM,not_delivering,,,,Con el presupuesto de la campaña,0,0,0,0,En curso,2026-01-09,7 días tras clic o 1 día tras visualización,0,ABSOLUTE_OCPM,2026-01-20T16:48:01-0300,0,,0,0
2026-08-27,2026-08-27,Lead Magnet,inactive,,,,4000,Diario,0,0,0,En curso,2025-12-18,7 días tras clic o 1 día tras visualización,0,ABSOLUTE_OCPM,2026-02-12T19:16:29-0300,0,,0,0
2026-08-27,2026-08-27,Conjunto - Similares IG y FB,not_delivering,,,,Con el presupuesto de la campaña,0,0,0,0,En curso,2025-12-04,7 días tras clic o 1 día tras visualización,0,ABSOLUTE_OCPM,2026-06-01T20:45:30-0300,0,,0,0
2026-08-27,2026-08-27,Conjunto - Similares IG y FB,not_delivering,,,,Con el presupuesto de la campaña,0,0,0,0,En curso,2025-12-04,7 días tras clic o 1 día tras visualización,0,ABSOLUTE_OCPM,2026-01-20T16:54:10-0300,0,,0,0
2026-08-27,2026-08-27,3. Publico Mix,not_delivering,,,,4000,Diario,0,0,0,En curso,2025-09-23,7 días tras clic o 1 día tras visualización,0,ABSOLUTE_OCPM,2026-01-09T16:34:51-0300,0,,0,0
2026-08-27,2026-08-27,Reprod. a video,not_delivering,,,,10000,Diario,0,0,0,En curso,2025-09-15,7 días tras clic o 1 día tras visualización,0,ABSOLUTE_OCPM,2026-07-13T10:40:18-0300,0,,0,0
2026-08-27,2026-08-27,Segmentación / interés,not_delivering,,,,6000,Diario,0,0,0,En curso,2025-06-12,1 día tras clic,0,ABSOLUTE_OCPM,2026-06-04T16:15:08-0300,0,,0,0
2026-08-27,2026-08-27,Sitio Web,not_delivering,,,,3000,Diario,0,0,0,En curso,2024-07-11,7 días tras clic o 1 día tras visualización,0,ABSOLUTE_OCPM,2026-03-30T09:15:39-0300,0,,0,0
2026-08-27,2026-08-27,Nuevo conjunto de anuncios de Interacción,not_delivering,,,,1100,Diario,0,0,0,En curso,2024-07-05,7 días tras clic o 1 día tras visualización,0,ABSOLUTE_OCPM,2025-02-11T14:03:26-0300,0,,0,0
2026-08-26,2026-08-26,Conjunto 1 - Frio nacional,active,,,,2000,Diario,0,0,0,En curso,2026-09-02,7 días tras clic o 1 día tras visualización,0,ABSOLUTE_OCPM,2026-09-02T16:13:50-0300,0,,0,0
2026-08-26,2026-08-26,Clases de IA en vivo - Joa y Pri,inactive,,,,5000,Diario,0,0,0,2026-08-13,2026-07-28,7 días tras clic o 1 día tras visualización,0,ABSOLUTE_OCPM,2026-07-30T16:12:18-0300,0,,0,0
2026-08-26,2026-08-26,San Juan- Frio - LAL CRM - Video,active,,,,3000,Diario,0,0,0,En curso,2026-09-02,7 días tras clic o 1 día tras visualización,0,ABSOLUTE_OCPM,2026-09-02T11:42:37-0300,0,,0,0
2026-08-26,2026-08-26,Conversión segmentación similar - Copia,inactive,5,actions:onsite_conversion.messaging_conversation_started_7d,1146.464,5000,Diario,5732.32,5968,5791,En curso,2026-07-27,7 días tras clic o 1 día tras visualización,0,ABSOLUTE_OCPM,2026-07-27T15:50:54-0300,960.509383,0.703753,0.120877,0.854558
2026-08-26,2026-08-26,Mendoza - Frio - LAL CRM - Video,active,,,,3000,Diario,0,0,0,En curso,2026-09-02,7 días tras clic o 1 día tras visualización,0,ABSOLUTE_OCPM,2026-09-02T10:06:07-0300,0,,0,0
2026-08-26,2026-08-26,Serie Datos e IA,inactive,,,,2500,Diario,0,0,0,En curso,2026-07-23,7 días tras clic o 1 día tras visualización,0,ABSOLUTE_OCPM,2026-07-23T10:55:48-0300,0,,0,0
2026-08-26,2026-08-26,Entrevista en vivo - Campana Repuestos,inactive,,,,2000,Diario,0,0,0,2026-08-31,2026-08-19,7 días tras clic o 1 día tras visualización,0,ABSOLUTE_OCPM,2026-08-28T15:10:22-0300,0,,0,0
2026-08-26,2026-08-26,Nuevo conjunto de anuncios de Tráfico,active,1,profile_visit_view,757.59,2000,Diario,757.59,219,219,En curso,2026-07-21,1 día tras clic,0,ABSOLUTE_OCPM,2026-08-27T17:05:50-0300,3459.315068,0.456621,0.456621,1.826484
2026-08-26,2026-08-26,Campaña Presencialidad Neuquen,inactive,,,,4000,Diario,0,0,0,2026-08-30,2026-08-18,7 días tras clic o 1 día tras visualización,0,ABSOLUTE_OCPM,2026-08-27T15:51:09-0300,0,,0,0
2026-08-26,2026-08-26,Campaña Presencialidad Rosario,inactive,,,,4000,Diario,0,0,0,2026-07-27,2026-07-15,7 días tras clic o 1 día tras visualización,0,ABSOLUTE_OCPM,2026-07-22T13:58:17-0300,0,,0,0
2026-08-26,2026-08-26,Guia | Boxer Taller,not_delivering,,,,1600,Diario,0,0,0,En curso,2026-08-13,7 días tras clic o 1 día tras visualización,0,ABSOLUTE_OCPM,2026-08-13T14:06:05-0300,0,,0,0
2026-08-26,2026-08-26,Campaña Demo Masiva - Luciana - 30JUL,inactive,,,,6000,Diario,0,0,0,2026-07-29,2026-07-15,7 días tras clic o 1 día tras visualización,0,ABSOLUTE_OCPM,2026-07-15T11:38:34-0300,0,,0,0
2026-08-26,2026-08-26,Demo en VIVO Presencial,inactive,,,,1561.28,Diario,0,0,0,En curso,2026-08-07,7 días tras clic o 1 día tras visualización,0,ABSOLUTE_OCPM,2026-08-20T17:56:48-0300,0,,0,0
2026-08-26,2026-08-26,Error - Conversión segmentación similar,inactive,,,,5000,Diario,0,0,0,En curso,2026-07-13,7 días tras clic o 1 día tras visualización,0,ABSOLUTE_OCPM,0,0,,0,0
2026-08-26,2026-08-26,Campaña Demo Masiva - Santiago - 13 AGO,inactive,,,,6000,Diario,0,0,0,2026-08-12,2026-07-30,7 días tras clic o 1 día tras visualización,0,ABSOLUTE_OCPM,2026-08-05T16:57:39-0300,0,,0,0
2026-08-26,2026-08-26,Remarketing,active,2,actions:lead,3225.87,6000,Diario,6451.74,1776,1505,En curso,2026-07-08,7 días tras clic o 1 día tras visualización,0,ABSOLUTE_OCPM,2026-07-13T10:34:29-0300,3632.736486,0.900901,1.063123,1.463964
2026-08-26,2026-08-26,Conversión segmentación similar,active,1,actions:lead,6420.27,7000,Diario,6420.27,1099,969,En curso,2026-07-08,7 días tras clic o 1 día tras visualización,0,ABSOLUTE_OCPM,2026-08-21T17:21:00-0300,5841.919927,1.273885,1.444788,2.638763
2026-08-26,2026-08-26,Redirección al perfil de Instagram - Segmentación manual,active,75,profile_visit_view,34.32546667,2500,Diario,2574.41,3039,3014,En curso,2026-07-08,1 día tras clic,0,ABSOLUTE_OCPM,2026-07-08T11:14:25-0300,847.124054,2.402106,2.322495,2.402106
2026-08-26,2026-08-26,Campaña Demo Masiva - Santiago,not_delivering,,,,6000,Diario,0,0,0,2026-07-16,2026-07-02,7 días tras clic o 1 día tras visualización,0,ABSOLUTE_OCPM,2026-07-02T19:33:11-0300,0,,0,0
2026-08-26,2026-08-26,Campaña Presencialidad Cordoba,inactive,,,,4000,Diario,0,0,0,2026-07-20,2026-07-02,7 días tras clic o 1 día tras visualización,0,ABSOLUTE_OCPM,2026-07-08T11:37:38-0300,0,,0,0
2026-08-26,2026-08-26,After Automechanika,inactive,,,,10000,Diario,0,0,0,En curso,2026-03-31,7 días tras clic o 1 día tras visualización,0,ABSOLUTE_OCPM,2026-04-01T17:37:48-0300,0,,0,0
2026-08-26,2026-08-26,Campaña Presencialidad Adquisicion,inactive,,,,7500,Diario,0,0,0,2026-03-06,2026-02-27,7 días tras clic o 1 día tras visualización,0,ABSOLUTE_OCPM,0,0,,0,0
2026-08-26,2026-08-26,Campaña Webinar Marketing,inactive,,,,3500,Diario,0,0,0,En curso,2026-02-11,7 días tras clic o 1 día tras visualización,0,ABSOLUTE_OCPM,2026-05-18T19:06:06-0300,0,,0,0
2026-08-26,2026-08-26,Tienda Nube,inactive,,,,5000,Diario,0,0,0,En curso,2026-01-26,7 días tras clic o 1 día tras visualización,0,ABSOLUTE_OCPM,2026-01-26T09:26:44-0300,0,,0,0
2026-08-26,2026-08-26,Clientes Potenciales GEM,not_delivering,,,,Con el presupuesto de la campaña,0,0,0,0,En curso,2026-01-09,7 días tras clic o 1 día tras visualización,0,ABSOLUTE_OCPM,2026-01-20T16:48:01-0300,0,,0,0
2026-08-26,2026-08-26,Lead Magnet,inactive,,,,4000,Diario,0,0,0,En curso,2025-12-18,7 días tras clic o 1 día tras visualización,0,ABSOLUTE_OCPM,2026-02-12T19:16:29-0300,0,,0,0
2026-08-26,2026-08-26,Conjunto - Similares IG y FB,not_delivering,,,,Con el presupuesto de la campaña,0,0,0,0,En curso,2025-12-04,7 días tras clic o 1 día tras visualización,0,ABSOLUTE_OCPM,2026-06-01T20:45:30-0300,0,,0,0
2026-08-26,2026-08-26,Conjunto - Similares IG y FB,not_delivering,,,,Con el presupuesto de la campaña,0,0,0,0,En curso,2025-12-04,7 días tras clic o 1 día tras visualización,0,ABSOLUTE_OCPM,2026-01-20T16:54:10-0300,0,,0,0
2026-08-26,2026-08-26,3. Publico Mix,not_delivering,,,,4000,Diario,0,0,0,En curso,2025-09-23,7 días tras clic o 1 día tras visualización,0,ABSOLUTE_OCPM,2026-01-09T16:34:51-0300,0,,0,0
2026-08-26,2026-08-26,Reprod. a video,not_delivering,,,,10000,Diario,0,0,0,En curso,2025-09-15,7 días tras clic o 1 día tras visualización,0,ABSOLUTE_OCPM,2026-07-13T10:40:18-0300,0,,0,0
2026-08-26,2026-08-26,Segmentación / interés,not_delivering,,,,6000,Diario,0,0,0,En curso,2025-06-12,1 día tras clic,0,ABSOLUTE_OCPM,2026-06-04T16:15:08-0300,0,,0,0
2026-08-26,2026-08-26,Sitio Web,not_delivering,,,,3000,Diario,0,0,0,En curso,2024-07-11,7 días tras clic o 1 día tras visualización,0,ABSOLUTE_OCPM,2026-03-30T09:15:39-0300,0,,0,0
2026-08-26,2026-08-26,Nuevo conjunto de anuncios de Interacción,not_delivering,,,,1100,Diario,0,0,0,En curso,2024-07-05,7 días tras clic o 1 día tras visualización,0,ABSOLUTE_OCPM,2025-02-11T14:03:26-0300,0,,0,0
2026-08-25,2026-08-25,Conjunto 1 - Frio nacional,active,,,,2000,Diario,0,0,0,En curso,2026-09-02,7 días tras clic o 1 día tras visualización,0,ABSOLUTE_OCPM,2026-09-02T16:13:50-0300,0,,0,0
2026-08-25,2026-08-25,Clases de IA en vivo - Joa y Pri,inactive,,,,5000,Diario,0,0,0,2026-08-13,2026-07-28,7 días tras clic o 1 día tras visualización,0,ABSOLUTE_OCPM,2026-07-30T16:12:18-0300,0,,0,0
2026-08-25,2026-08-25,San Juan- Frio - LAL CRM - Video,active,,,,3000,Diario,0,0,0,En curso,2026-09-02,7 días tras clic o 1 día tras visualización,0,ABSOLUTE_OCPM,2026-09-02T11:42:37-0300,0,,0,0
2026-08-25,2026-08-25,Conversión segmentación similar - Copia,inactive,2,actions:onsite_conversion.messaging_conversation_started_7d,2534.565,5000,Diario,5069.13,3785,3429,En curso,2026-07-27,7 días tras clic o 1 día tras visualización,0,ABSOLUTE_OCPM,2026-07-27T15:50:54-0300,1339.268164,0.660502,0.145815,0.977543
2026-08-25,2026-08-25,Mendoza - Frio - LAL CRM - Video,active,,,,3000,Diario,0,0,0,En curso,2026-09-02,7 días tras clic o 1 día tras visualización,0,ABSOLUTE_OCPM,2026-09-02T10:06:07-0300,0,,0,0
2026-08-25,2026-08-25,Serie Datos e IA,inactive,,,,2500,Diario,0,0,0,En curso,2026-07-23,7 días tras clic o 1 día tras visualización,0,ABSOLUTE_OCPM,2026-07-23T10:55:48-0300,0,,0,0
2026-08-25,2026-08-25,Entrevista en vivo - Campana Repuestos,inactive,,,,2000,Diario,1176.85,290,239,2026-08-31,2026-08-19,7 días tras clic o 1 día tras visualización,0,ABSOLUTE_OCPM,2026-08-28T15:10:22-0300,4058.103448,0.344828,0.41841,0.689655
2026-08-25,2026-08-25,Nuevo conjunto de anuncios de Tráfico,active,1,profile_visit_view,300.29,2000,Diario,300.29,143,143,En curso,2026-07-21,1 día tras clic,0,ABSOLUTE_OCPM,2026-08-27T17:05:50-0300,2099.93007,0.699301,0.699301,2.097902
2026-08-25,2026-08-25,Campaña Presencialidad Neuquen,inactive,,,,4000,Diario,0,0,0,2026-08-30,2026-08-18,7 días tras clic o 1 día tras visualización,0,ABSOLUTE_OCPM,2026-08-27T15:51:09-0300,0,,0,0
2026-08-25,2026-08-25,Campaña Presencialidad Rosario,inactive,,,,4000,Diario,0,0,0,2026-07-27,2026-07-15,7 días tras clic o 1 día tras visualización,0,ABSOLUTE_OCPM,2026-07-22T13:58:17-0300,0,,0,0
2026-08-25,2026-08-25,Guia | Boxer Taller,not_delivering,,,,1600,Diario,0,0,0,En curso,2026-08-13,7 días tras clic o 1 día tras visualización,0,ABSOLUTE_OCPM,2026-08-13T14:06:05-0300,0,,0,0
2026-08-25,2026-08-25,Campaña Demo Masiva - Luciana - 30JUL,inactive,,,,6000,Diario,0,0,0,2026-07-29,2026-07-15,7 días tras clic o 1 día tras visualización,0,ABSOLUTE_OCPM,2026-07-15T11:38:34-0300,0,,0,0
2026-08-25,2026-08-25,Demo en VIVO Presencial,inactive,,,,1561.28,Diario,0,0,0,En curso,2026-08-07,7 días tras clic o 1 día tras visualización,0,ABSOLUTE_OCPM,2026-08-20T17:56:48-0300,0,,0,0
2026-08-25,2026-08-25,Error - Conversión segmentación similar,inactive,,,,5000,Diario,0,0,0,En curso,2026-07-13,7 días tras clic o 1 día tras visualización,0,ABSOLUTE_OCPM,0,0,,0,0
2026-08-25,2026-08-25,Campaña Demo Masiva - Santiago - 13 AGO,inactive,,,,6000,Diario,0,0,0,2026-08-12,2026-07-30,7 días tras clic o 1 día tras visualización,0,ABSOLUTE_OCPM,2026-08-05T16:57:39-0300,0,,0,0
2026-08-25,2026-08-25,Remarketing,active,2,actions:lead,2900,6000,Diario,5800,1709,1370,En curso,2026-07-08,7 días tras clic o 1 día tras visualización,0,ABSOLUTE_OCPM,2026-07-13T10:34:29-0300,3393.797542,0.93622,1.094891,1.579871
2026-08-25,2026-08-25,Conversión segmentación similar,active,3,actions:lead,2429.15666667,7000,Diario,7287.47,1109,972,En curso,2026-07-08,7 días tras clic o 1 día tras visualización,0,ABSOLUTE_OCPM,2026-08-21T17:21:00-0300,6571.208296,1.082056,1.234568,2.07394
2026-08-25,2026-08-25,Redirección al perfil de Instagram - Segmentación manual,active,57,profile_visit_view,38.55578947,2500,Diario,2197.68,2898,2846,En curso,2026-07-08,1 día tras clic,0,ABSOLUTE_OCPM,2026-07-08T11:14:25-0300,758.343685,1.759834,1.791989,1.794341
2026-08-25,2026-08-25,Campaña Demo Masiva - Santiago,not_delivering,,,,6000,Diario,0,0,0,2026-07-16,2026-07-02,7 días tras clic o 1 día tras visualización,0,ABSOLUTE_OCPM,2026-07-02T19:33:11-0300,0,,0,0
2026-08-25,2026-08-25,Campaña Presencialidad Cordoba,inactive,,,,4000,Diario,0,0,0,2026-07-20,2026-07-02,7 días tras clic o 1 día tras visualización,0,ABSOLUTE_OCPM,2026-07-08T11:37:38-0300,0,,0,0
2026-08-25,2026-08-25,After Automechanika,inactive,,,,10000,Diario,0,0,0,En curso,2026-03-31,7 días tras clic o 1 día tras visualización,0,ABSOLUTE_OCPM,2026-04-01T17:37:48-0300,0,,0,0
2026-08-25,2026-08-25,Campaña Presencialidad Adquisicion,inactive,,,,7500,Diario,0,0,0,2026-03-06,2026-02-27,7 días tras clic o 1 día tras visualización,0,ABSOLUTE_OCPM,0,0,,0,0
2026-08-25,2026-08-25,Campaña Webinar Marketing,inactive,,,,3500,Diario,0,0,0,En curso,2026-02-11,7 días tras clic o 1 día tras visualización,0,ABSOLUTE_OCPM,2026-05-18T19:06:06-0300,0,,0,0
2026-08-25,2026-08-25,Tienda Nube,inactive,,,,5000,Diario,0,0,0,En curso,2026-01-26,7 días tras clic o 1 día tras visualización,0,ABSOLUTE_OCPM,2026-01-26T09:26:44-0300,0,,0,0
2026-08-25,2026-08-25,Clientes Potenciales GEM,not_delivering,,,,Con el presupuesto de la campaña,0,0,0,0,En curso,2026-01-09,7 días tras clic o 1 día tras visualización,0,ABSOLUTE_OCPM,2026-01-20T16:48:01-0300,0,,0,0
2026-08-25,2026-08-25,Lead Magnet,inactive,,,,4000,Diario,0,0,0,En curso,2025-12-18,7 días tras clic o 1 día tras visualización,0,ABSOLUTE_OCPM,2026-02-12T19:16:29-0300,0,,0,0
2026-08-25,2026-08-25,Conjunto - Similares IG y FB,not_delivering,,,,Con el presupuesto de la campaña,0,0,0,0,En curso,2025-12-04,7 días tras clic o 1 día tras visualización,0,ABSOLUTE_OCPM,2026-06-01T20:45:30-0300,0,,0,0
2026-08-25,2026-08-25,Conjunto - Similares IG y FB,not_delivering,,,,Con el presupuesto de la campaña,0,0,0,0,En curso,2025-12-04,7 días tras clic o 1 día tras visualización,0,ABSOLUTE_OCPM,2026-01-20T16:54:10-0300,0,,0,0
2026-08-25,2026-08-25,3. Publico Mix,not_delivering,,,,4000,Diario,0,0,0,En curso,2025-09-23,7 días tras clic o 1 día tras visualización,0,ABSOLUTE_OCPM,2026-01-09T16:34:51-0300,0,,0,0
2026-08-25,2026-08-25,Reprod. a video,not_delivering,,,,10000,Diario,0,0,0,En curso,2025-09-15,7 días tras clic o 1 día tras visualización,0,ABSOLUTE_OCPM,2026-07-13T10:40:18-0300,0,,0,0
2026-08-25,2026-08-25,Segmentación / interés,not_delivering,,,,6000,Diario,0,0,0,En curso,2025-06-12,1 día tras clic,0,ABSOLUTE_OCPM,2026-06-04T16:15:08-0300,0,,0,0
2026-08-25,2026-08-25,Sitio Web,not_delivering,,,,3000,Diario,0,0,0,En curso,2024-07-11,7 días tras clic o 1 día tras visualización,0,ABSOLUTE_OCPM,2026-03-30T09:15:39-0300,0,,0,0
2026-08-25,2026-08-25,Nuevo conjunto de anuncios de Interacción,not_delivering,,,,1100,Diario,0,0,0,En curso,2024-07-05,7 días tras clic o 1 día tras visualización,0,ABSOLUTE_OCPM,2025-02-11T14:03:26-0300,0,,0,0
2026-08-24,2026-08-24,Conjunto 1 - Frio nacional,active,,,,2000,Diario,0,0,0,En curso,2026-09-02,7 días tras clic o 1 día tras visualización,0,ABSOLUTE_OCPM,2026-09-02T16:13:50-0300,0,,0,0
2026-08-24,2026-08-24,Clases de IA en vivo - Joa y Pri,inactive,,,,5000,Diario,0,0,0,2026-08-13,2026-07-28,7 días tras clic o 1 día tras visualización,0,ABSOLUTE_OCPM,2026-07-30T16:12:18-0300,0,,0,0
2026-08-24,2026-08-24,San Juan- Frio - LAL CRM - Video,active,,,,3000,Diario,0,0,0,En curso,2026-09-02,7 días tras clic o 1 día tras visualización,0,ABSOLUTE_OCPM,2026-09-02T11:42:37-0300,0,,0,0
2026-08-24,2026-08-24,Conversión segmentación similar - Copia,inactive,5,actions:onsite_conversion.messaging_conversation_started_7d,1026.16,5000,Diario,5130.8,2326,1333,En curso,2026-07-27,7 días tras clic o 1 día tras visualización,0,ABSOLUTE_OCPM,2026-07-27T15:50:54-0300,2205.846948,0.730868,0.750188,1.203783
2026-08-24,2026-08-24,Mendoza - Frio - LAL CRM - Video,active,,,,3000,Diario,0,0,0,En curso,2026-09-02,7 días tras clic o 1 día tras visualización,0,ABSOLUTE_OCPM,2026-09-02T10:06:07-0300,0,,0,0
2026-08-24,2026-08-24,Serie Datos e IA,inactive,,,,2500,Diario,823.52,367,362,En curso,2026-07-23,7 días tras clic o 1 día tras visualización,0,ABSOLUTE_OCPM,2026-07-23T10:55:48-0300,2243.923706,1.634877,1.381215,2.997275
2026-08-24,2026-08-24,Entrevista en vivo - Campana Repuestos,inactive,,,,2000,Diario,2363.15,583,414,2026-08-31,2026-08-19,7 días tras clic o 1 día tras visualización,0,ABSOLUTE_OCPM,2026-08-28T15:10:22-0300,4053.430532,1.372213,1.690821,1.886792
2026-08-24,2026-08-24,Nuevo conjunto de anuncios de Tráfico,active,6,profile_visit_view,319.94833333,2000,Diario,1919.69,558,556,En curso,2026-07-21,1 día tras clic,0,ABSOLUTE_OCPM,2026-08-27T17:05:50-0300,3440.30466,1.075269,1.079137,2.329749
2026-08-24,2026-08-24,Campaña Presencialidad Neuquen,inactive,,,,4000,Diario,0,0,0,2026-08-30,2026-08-18,7 días tras clic o 1 día tras visualización,0,ABSOLUTE_OCPM,2026-08-27T15:51:09-0300,0,,0,0
2026-08-24,2026-08-24,Campaña Presencialidad Rosario,inactive,,,,4000,Diario,0,0,0,2026-07-27,2026-07-15,7 días tras clic o 1 día tras visualización,0,ABSOLUTE_OCPM,2026-07-22T13:58:17-0300,0,,0,0
2026-08-24,2026-08-24,Guia | Boxer Taller,not_delivering,,,,1600,Diario,0,0,0,En curso,2026-08-13,7 días tras clic o 1 día tras visualización,0,ABSOLUTE_OCPM,2026-08-13T14:06:05-0300,0,,0,0
2026-08-24,2026-08-24,Campaña Demo Masiva - Luciana - 30JUL,inactive,,,,6000,Diario,0,0,0,2026-07-29,2026-07-15,7 días tras clic o 1 día tras visualización,0,ABSOLUTE_OCPM,2026-07-15T11:38:34-0300,0,,0,0
2026-08-24,2026-08-24,Demo en VIVO Presencial,inactive,,,,1561.28,Diario,0,0,0,En curso,2026-08-07,7 días tras clic o 1 día tras visualización,0,ABSOLUTE_OCPM,2026-08-20T17:56:48-0300,0,,0,0
2026-08-24,2026-08-24,Error - Conversión segmentación similar,inactive,,,,5000,Diario,0,0,0,En curso,2026-07-13,7 días tras clic o 1 día tras visualización,0,ABSOLUTE_OCPM,0,0,,0,0
2026-08-24,2026-08-24,Campaña Demo Masiva - Santiago - 13 AGO,inactive,,,,6000,Diario,0,0,0,2026-08-12,2026-07-30,7 días tras clic o 1 día tras visualización,0,ABSOLUTE_OCPM,2026-08-05T16:57:39-0300,0,,0,0
2026-08-24,2026-08-24,Remarketing,active,,,,6000,Diario,5372.57,1546,1316,En curso,2026-07-08,7 días tras clic o 1 día tras visualización,0,ABSOLUTE_OCPM,2026-07-13T10:34:29-0300,3475.142303,1.164295,1.291793,1.552393
2026-08-24,2026-08-24,Conversión segmentación similar,active,5,actions:lead,1492.958,7000,Diario,7464.79,1081,925,En curso,2026-07-08,7 días tras clic o 1 día tras visualización,0,ABSOLUTE_OCPM,2026-08-21T17:21:00-0300,6905.448659,1.387604,1.621622,2.40518
2026-08-24,2026-08-24,Redirección al perfil de Instagram - Segmentación manual,active,89,profile_visit_view,29.34033708,2500,Diario,2611.29,3341,3296,En curso,2026-07-08,1 día tras clic,0,ABSOLUTE_OCPM,2026-07-08T11:14:25-0300,781.589345,2.544148,2.457524,2.544148
2026-08-24,2026-08-24,Campaña Demo Masiva - Santiago,not_delivering,,,,6000,Diario,0,0,0,2026-07-16,2026-07-02,7 días tras clic o 1 día tras visualización,0,ABSOLUTE_OCPM,2026-07-02T19:33:11-0300,0,,0,0
2026-08-24,2026-08-24,Campaña Presencialidad Cordoba,inactive,,,,4000,Diario,0,0,0,2026-07-20,2026-07-02,7 días tras clic o 1 día tras visualización,0,ABSOLUTE_OCPM,2026-07-08T11:37:38-0300,0,,0,0
2026-08-24,2026-08-24,After Automechanika,inactive,,,,10000,Diario,0,0,0,En curso,2026-03-31,7 días tras clic o 1 día tras visualización,0,ABSOLUTE_OCPM,2026-04-01T17:37:48-0300,0,,0,0
2026-08-24,2026-08-24,Campaña Presencialidad Adquisicion,inactive,,,,7500,Diario,0,0,0,2026-03-06,2026-02-27,7 días tras clic o 1 día tras visualización,0,ABSOLUTE_OCPM,0,0,,0,0
2026-08-24,2026-08-24,Campaña Webinar Marketing,inactive,,,,3500,Diario,0,0,0,En curso,2026-02-11,7 días tras clic o 1 día tras visualización,0,ABSOLUTE_OCPM,2026-05-18T19:06:06-0300,0,,0,0
2026-08-24,2026-08-24,Tienda Nube,inactive,,,,5000,Diario,0,0,0,En curso,2026-01-26,7 días tras clic o 1 día tras visualización,0,ABSOLUTE_OCPM,2026-01-26T09:26:44-0300,0,,0,0
2026-08-24,2026-08-24,Clientes Potenciales GEM,not_delivering,,,,Con el presupuesto de la campaña,0,0,0,0,En curso,2026-01-09,7 días tras clic o 1 día tras visualización,0,ABSOLUTE_OCPM,2026-01-20T16:48:01-0300,0,,0,0
2026-08-24,2026-08-24,Lead Magnet,inactive,,,,4000,Diario,0,0,0,En curso,2025-12-18,7 días tras clic o 1 día tras visualización,0,ABSOLUTE_OCPM,2026-02-12T19:16:29-0300,0,,0,0
2026-08-24,2026-08-24,Conjunto - Similares IG y FB,not_delivering,,,,Con el presupuesto de la campaña,0,0,0,0,En curso,2025-12-04,7 días tras clic o 1 día tras visualización,0,ABSOLUTE_OCPM,2026-06-01T20:45:30-0300,0,,0,0
2026-08-24,2026-08-24,Conjunto - Similares IG y FB,not_delivering,,,,Con el presupuesto de la campaña,0,0,0,0,En curso,2025-12-04,7 días tras clic o 1 día tras visualización,0,ABSOLUTE_OCPM,2026-01-20T16:54:10-0300,0,,0,0
2026-08-24,2026-08-24,3. Publico Mix,not_delivering,,,,4000,Diario,0,0,0,En curso,2025-09-23,7 días tras clic o 1 día tras visualización,0,ABSOLUTE_OCPM,2026-01-09T16:34:51-0300,0,,0,0
2026-08-24,2026-08-24,Reprod. a video,not_delivering,,,,10000,Diario,0,0,0,En curso,2025-09-15,7 días tras clic o 1 día tras visualización,0,ABSOLUTE_OCPM,2026-07-13T10:40:18-0300,0,,0,0
2026-08-24,2026-08-24,Segmentación / interés,not_delivering,,,,6000,Diario,0,0,0,En curso,2025-06-12,1 día tras clic,0,ABSOLUTE_OCPM,2026-06-04T16:15:08-0300,0,,0,0
2026-08-24,2026-08-24,Sitio Web,not_delivering,,,,3000,Diario,0,0,0,En curso,2024-07-11,7 días tras clic o 1 día tras visualización,0,ABSOLUTE_OCPM,2026-03-30T09:15:39-0300,0,,0,0
2026-08-24,2026-08-24,Nuevo conjunto de anuncios de Interacción,not_delivering,,,,1100,Diario,0,0,0,En curso,2024-07-05,7 días tras clic o 1 día tras visualización,0,ABSOLUTE_OCPM,2025-02-11T14:03:26-0300,0,,0,0
2026-08-23,2026-08-23,Conjunto 1 - Frio nacional,active,,,,2000,Diario,0,0,0,En curso,2026-09-02,7 días tras clic o 1 día tras visualización,0,ABSOLUTE_OCPM,2026-09-02T16:13:50-0300,0,,0,0
2026-08-23,2026-08-23,Clases de IA en vivo - Joa y Pri,inactive,,,,5000,Diario,0,0,0,2026-08-13,2026-07-28,7 días tras clic o 1 día tras visualización,0,ABSOLUTE_OCPM,2026-07-30T16:12:18-0300,0,,0,0
2026-08-23,2026-08-23,San Juan- Frio - LAL CRM - Video,active,,,,3000,Diario,0,0,0,En curso,2026-09-02,7 días tras clic o 1 día tras visualización,0,ABSOLUTE_OCPM,2026-09-02T11:42:37-0300,0,,0,0
2026-08-23,2026-08-23,Conversión segmentación similar - Copia,inactive,2,actions:onsite_conversion.messaging_conversation_started_7d,2230.25,5000,Diario,4460.5,5055,4544,En curso,2026-07-27,7 días tras clic o 1 día tras visualización,0,ABSOLUTE_OCPM,2026-07-27T15:50:54-0300,882.39367,0.731949,0.132042,0.811078
2026-08-23,2026-08-23,Mendoza - Frio - LAL CRM - Video,active,,,,3000,Diario,0,0,0,En curso,2026-09-02,7 días tras clic o 1 día tras visualización,0,ABSOLUTE_OCPM,2026-09-02T10:06:07-0300,0,,0,0
2026-08-23,2026-08-23,Serie Datos e IA,inactive,3,actions:lead,1025.45,2500,Diario,3076.35,1478,1390,En curso,2026-07-23,7 días tras clic o 1 día tras visualización,0,ABSOLUTE_OCPM,2026-07-23T10:55:48-0300,2081.427605,0.811908,0.863309,2.232747
2026-08-23,2026-08-23,Entrevista en vivo - Campana Repuestos,inactive,,,,2000,Diario,2422.63,573,414,2026-08-31,2026-08-19,7 días tras clic o 1 día tras visualización,0,ABSOLUTE_OCPM,2026-08-28T15:10:22-0300,4227.975567,0.34904,0.483092,0.52356
2026-08-23,2026-08-23,Nuevo conjunto de anuncios de Tráfico,active,2,profile_visit_view,114.87,2000,Diario,229.74,94,94,En curso,2026-07-21,1 día tras clic,0,ABSOLUTE_OCPM,2026-08-27T17:05:50-0300,2444.042553,2.12766,2.12766,2.12766
2026-08-23,2026-08-23,Campaña Presencialidad Neuquen,inactive,,,,4000,Diario,0,0,0,2026-08-30,2026-08-18,7 días tras clic o 1 día tras visualización,0,ABSOLUTE_OCPM,2026-08-27T15:51:09-0300,0,,0,0
2026-08-23,2026-08-23,Campaña Presencialidad Rosario,inactive,,,,4000,Diario,0,0,0,2026-07-27,2026-07-15,7 días tras clic o 1 día tras visualización,0,ABSOLUTE_OCPM,2026-07-22T13:58:17-0300,0,,0,0
2026-08-23,2026-08-23,Guia | Boxer Taller,not_delivering,,,,1600,Diario,0,0,0,En curso,2026-08-13,7 días tras clic o 1 día tras visualización,0,ABSOLUTE_OCPM,2026-08-13T14:06:05-0300,0,,0,0
2026-08-23,2026-08-23,Campaña Demo Masiva - Luciana - 30JUL,inactive,,,,6000,Diario,0,0,0,2026-07-29,2026-07-15,7 días tras clic o 1 día tras visualización,0,ABSOLUTE_OCPM,2026-07-15T11:38:34-0300,0,,0,0
2026-08-23,2026-08-23,Demo en VIVO Presencial,inactive,,,,1561.28,Diario,0,0,0,En curso,2026-08-07,7 días tras clic o 1 día tras visualización,0,ABSOLUTE_OCPM,2026-08-20T17:56:48-0300,0,,0,0
2026-08-23,2026-08-23,Error - Conversión segmentación similar,inactive,,,,5000,Diario,0,0,0,En curso,2026-07-13,7 días tras clic o 1 día tras visualización,0,ABSOLUTE_OCPM,0,0,,0,0
2026-08-23,2026-08-23,Campaña Demo Masiva - Santiago - 13 AGO,inactive,,,,6000,Diario,0,0,0,2026-08-12,2026-07-30,7 días tras clic o 1 día tras visualización,0,ABSOLUTE_OCPM,2026-08-05T16:57:39-0300,0,,0,0
2026-08-23,2026-08-23,Remarketing,active,1,actions:lead,6539.44,6000,Diario,6539.44,1738,1430,En curso,2026-07-08,7 días tras clic o 1 día tras visualización,0,ABSOLUTE_OCPM,2026-07-13T10:34:29-0300,3762.623705,0.632911,0.769231,1.265823
2026-08-23,2026-08-23,Conversión segmentación similar,active,3,actions:lead,2884.27,7000,Diario,8652.81,1336,1216,En curso,2026-07-08,7 días tras clic o 1 día tras visualización,0,ABSOLUTE_OCPM,2026-08-21T17:21:00-0300,6476.654192,1.272455,1.151316,2.47006
2026-08-23,2026-08-23,Redirección al perfil de Instagram - Segmentación manual,active,80,profile_visit_view,37.350625,2500,Diario,2988.05,3701,3701,En curso,2026-07-08,1 día tras clic,0,ABSOLUTE_OCPM,2026-07-08T11:14:25-0300,807.362875,2.134558,2.080519,2.107539
2026-08-23,2026-08-23,Campaña Demo Masiva - Santiago,not_delivering,,,,6000,Diario,0,0,0,2026-07-16,2026-07-02,7 días tras clic o 1 día tras visualización,0,ABSOLUTE_OCPM,2026-07-02T19:33:11-0300,0,,0,0
2026-08-23,2026-08-23,Campaña Presencialidad Cordoba,inactive,,,,4000,Diario,0,0,0,2026-07-20,2026-07-02,7 días tras clic o 1 día tras visualización,0,ABSOLUTE_OCPM,2026-07-08T11:37:38-0300,0,,0,0
2026-08-23,2026-08-23,After Automechanika,inactive,,,,10000,Diario,0,0,0,En curso,2026-03-31,7 días tras clic o 1 día tras visualización,0,ABSOLUTE_OCPM,2026-04-01T17:37:48-0300,0,,0,0
2026-08-23,2026-08-23,Campaña Presencialidad Adquisicion,inactive,,,,7500,Diario,0,0,0,2026-03-06,2026-02-27,7 días tras clic o 1 día tras visualización,0,ABSOLUTE_OCPM,0,0,,0,0
2026-08-23,2026-08-23,Campaña Webinar Marketing,inactive,,,,3500,Diario,0,0,0,En curso,2026-02-11,7 días tras clic o 1 día tras visualización,0,ABSOLUTE_OCPM,2026-05-18T19:06:06-0300,0,,0,0
2026-08-23,2026-08-23,Tienda Nube,inactive,,,,5000,Diario,0,0,0,En curso,2026-01-26,7 días tras clic o 1 día tras visualización,0,ABSOLUTE_OCPM,2026-01-26T09:26:44-0300,0,,0,0
2026-08-23,2026-08-23,Clientes Potenciales GEM,not_delivering,,,,Con el presupuesto de la campaña,0,0,0,0,En curso,2026-01-09,7 días tras clic o 1 día tras visualización,0,ABSOLUTE_OCPM,2026-01-20T16:48:01-0300,0,,0,0
2026-08-23,2026-08-23,Lead Magnet,inactive,,,,4000,Diario,0,0,0,En curso,2025-12-18,7 días tras clic o 1 día tras visualización,0,ABSOLUTE_OCPM,2026-02-12T19:16:29-0300,0,,0,0
2026-08-23,2026-08-23,Conjunto - Similares IG y FB,not_delivering,,,,Con el presupuesto de la campaña,0,0,0,0,En curso,2025-12-04,7 días tras clic o 1 día tras visualización,0,ABSOLUTE_OCPM,2026-06-01T20:45:30-0300,0,,0,0
2026-08-23,2026-08-23,Conjunto - Similares IG y FB,not_delivering,,,,Con el presupuesto de la campaña,0,0,0,0,En curso,2025-12-04,7 días tras clic o 1 día tras visualización,0,ABSOLUTE_OCPM,2026-01-20T16:54:10-0300,0,,0,0
2026-08-23,2026-08-23,3. Publico Mix,not_delivering,,,,4000,Diario,0,0,0,En curso,2025-09-23,7 días tras clic o 1 día tras visualización,0,ABSOLUTE_OCPM,2026-01-09T16:34:51-0300,0,,0,0
2026-08-23,2026-08-23,Reprod. a video,not_delivering,,,,10000,Diario,0,0,0,En curso,2025-09-15,7 días tras clic o 1 día tras visualización,0,ABSOLUTE_OCPM,2026-07-13T10:40:18-0300,0,,0,0
2026-08-23,2026-08-23,Segmentación / interés,not_delivering,,,,6000,Diario,0,0,0,En curso,2025-06-12,1 día tras clic,0,ABSOLUTE_OCPM,2026-06-04T16:15:08-0300,0,,0,0
2026-08-23,2026-08-23,Sitio Web,not_delivering,,,,3000,Diario,0,0,0,En curso,2024-07-11,7 días tras clic o 1 día tras visualización,0,ABSOLUTE_OCPM,2026-03-30T09:15:39-0300,0,,0,0
2026-08-23,2026-08-23,Nuevo conjunto de anuncios de Interacción,not_delivering,,,,1100,Diario,0,0,0,En curso,2024-07-05,7 días tras clic o 1 día tras visualización,0,ABSOLUTE_OCPM,2025-02-11T14:03:26-0300,0,,0,0
2026-08-22,2026-08-22,Conjunto 1 - Frio nacional,active,,,,2000,Diario,0,0,0,En curso,2026-09-02,7 días tras clic o 1 día tras visualización,0,ABSOLUTE_OCPM,2026-09-02T16:13:50-0300,0,,0,0
2026-08-22,2026-08-22,Clases de IA en vivo - Joa y Pri,inactive,,,,5000,Diario,0,0,0,2026-08-13,2026-07-28,7 días tras clic o 1 día tras visualización,0,ABSOLUTE_OCPM,2026-07-30T16:12:18-0300,0,,0,0
2026-08-22,2026-08-22,San Juan- Frio - LAL CRM - Video,active,,,,3000,Diario,0,0,0,En curso,2026-09-02,7 días tras clic o 1 día tras visualización,0,ABSOLUTE_OCPM,2026-09-02T11:42:37-0300,0,,0,0
2026-08-22,2026-08-22,Conversión segmentación similar - Copia,inactive,1,actions:onsite_conversion.messaging_conversation_started_7d,2947.17,5000,Diario,2947.17,2306,2256,En curso,2026-07-27,7 días tras clic o 1 día tras visualización,0,ABSOLUTE_OCPM,2026-07-27T15:50:54-0300,1278.044232,0.563747,0.177305,0.607112
2026-08-22,2026-08-22,Mendoza - Frio - LAL CRM - Video,active,,,,3000,Diario,0,0,0,En curso,2026-09-02,7 días tras clic o 1 día tras visualización,0,ABSOLUTE_OCPM,2026-09-02T10:06:07-0300,0,,0,0
2026-08-22,2026-08-22,Serie Datos e IA,inactive,,,,2500,Diario,1699.63,848,831,En curso,2026-07-23,7 días tras clic o 1 día tras visualización,0,ABSOLUTE_OCPM,2026-07-23T10:55:48-0300,2004.28066,0.589623,0.601685,2.122642
2026-08-22,2026-08-22,Entrevista en vivo - Campana Repuestos,inactive,,,,2000,Diario,1750.95,508,366,2026-08-31,2026-08-19,7 días tras clic o 1 día tras visualización,0,ABSOLUTE_OCPM,2026-08-28T15:10:22-0300,3446.751969,1.181102,1.639344,1.377953
2026-08-22,2026-08-22,Nuevo conjunto de anuncios de Tráfico,active,11,profile_visit_view,309.24,2000,Diario,3401.64,991,991,En curso,2026-07-21,1 día tras clic,0,ABSOLUTE_OCPM,2026-08-27T17:05:50-0300,3432.532795,1.210898,1.210898,3.128153
2026-08-22,2026-08-22,Campaña Presencialidad Neuquen,inactive,,,,4000,Diario,0,0,0,2026-08-30,2026-08-18,7 días tras clic o 1 día tras visualización,0,ABSOLUTE_OCPM,2026-08-27T15:51:09-0300,0,,0,0
2026-08-22,2026-08-22,Campaña Presencialidad Rosario,inactive,,,,4000,Diario,0,0,0,2026-07-27,2026-07-15,7 días tras clic o 1 día tras visualización,0,ABSOLUTE_OCPM,2026-07-22T13:58:17-0300,0,,0,0
2026-08-22,2026-08-22,Guia | Boxer Taller,not_delivering,,,,1600,Diario,0,0,0,En curso,2026-08-13,7 días tras clic o 1 día tras visualización,0,ABSOLUTE_OCPM,2026-08-13T14:06:05-0300,0,,0,0
2026-08-22,2026-08-22,Campaña Demo Masiva - Luciana - 30JUL,inactive,,,,6000,Diario,0,0,0,2026-07-29,2026-07-15,7 días tras clic o 1 día tras visualización,0,ABSOLUTE_OCPM,2026-07-15T11:38:34-0300,0,,0,0
2026-08-22,2026-08-22,Demo en VIVO Presencial,inactive,,,,1561.28,Diario,0,0,0,En curso,2026-08-07,7 días tras clic o 1 día tras visualización,0,ABSOLUTE_OCPM,2026-08-20T17:56:48-0300,0,,0,0
2026-08-22,2026-08-22,Error - Conversión segmentación similar,inactive,,,,5000,Diario,0,0,0,En curso,2026-07-13,7 días tras clic o 1 día tras visualización,0,ABSOLUTE_OCPM,0,0,,0,0
2026-08-22,2026-08-22,Campaña Demo Masiva - Santiago - 13 AGO,inactive,,,,6000,Diario,0,0,0,2026-08-12,2026-07-30,7 días tras clic o 1 día tras visualización,0,ABSOLUTE_OCPM,2026-08-05T16:57:39-0300,0,,0,0
2026-08-22,2026-08-22,Remarketing,active,1,actions:lead,4786.14,6000,Diario,4786.14,1568,1292,En curso,2026-07-08,7 días tras clic o 1 día tras visualización,0,ABSOLUTE_OCPM,2026-07-13T10:34:29-0300,3052.385204,1.27551,1.470588,1.658163
2026-08-22,2026-08-22,Conversión segmentación similar,active,,,,7000,Diario,4056.36,659,607,En curso,2026-07-08,7 días tras clic o 1 día tras visualización,0,ABSOLUTE_OCPM,2026-08-21T17:21:00-0300,6155.326252,1.365706,1.317957,2.124431
2026-08-22,2026-08-22,Redirección al perfil de Instagram - Segmentación manual,active,64,profile_visit_view,36.4309375,2500,Diario,2331.58,2737,2711,En curso,2026-07-08,1 día tras clic,0,ABSOLUTE_OCPM,2026-07-08T11:14:25-0300,851.874315,2.192181,2.139432,2.192181
2026-08-22,2026-08-22,Campaña Demo Masiva - Santiago,not_delivering,,,,6000,Diario,0,0,0,2026-07-16,2026-07-02,7 días tras clic o 1 día tras visualización,0,ABSOLUTE_OCPM,2026-07-02T19:33:11-0300,0,,0,0
2026-08-22,2026-08-22,Campaña Presencialidad Cordoba,inactive,,,,4000,Diario,0,0,0,2026-07-20,2026-07-02,7 días tras clic o 1 día tras visualización,0,ABSOLUTE_OCPM,2026-07-08T11:37:38-0300,0,,0,0
2026-08-22,2026-08-22,After Automechanika,inactive,,,,10000,Diario,0,0,0,En curso,2026-03-31,7 días tras clic o 1 día tras visualización,0,ABSOLUTE_OCPM,2026-04-01T17:37:48-0300,0,,0,0
2026-08-22,2026-08-22,Campaña Presencialidad Adquisicion,inactive,,,,7500,Diario,0,0,0,2026-03-06,2026-02-27,7 días tras clic o 1 día tras visualización,0,ABSOLUTE_OCPM,0,0,,0,0
2026-08-22,2026-08-22,Campaña Webinar Marketing,inactive,,,,3500,Diario,0,0,0,En curso,2026-02-11,7 días tras clic o 1 día tras visualización,0,ABSOLUTE_OCPM,2026-05-18T19:06:06-0300,0,,0,0
2026-08-22,2026-08-22,Tienda Nube,inactive,,,,5000,Diario,0,0,0,En curso,2026-01-26,7 días tras clic o 1 día tras visualización,0,ABSOLUTE_OCPM,2026-01-26T09:26:44-0300,0,,0,0
2026-08-22,2026-08-22,Clientes Potenciales GEM,not_delivering,,,,Con el presupuesto de la campaña,0,0,0,0,En curso,2026-01-09,7 días tras clic o 1 día tras visualización,0,ABSOLUTE_OCPM,2026-01-20T16:48:01-0300,0,,0,0
2026-08-22,2026-08-22,Lead Magnet,inactive,,,,4000,Diario,0,0,0,En curso,2025-12-18,7 días tras clic o 1 día tras visualización,0,ABSOLUTE_OCPM,2026-02-12T19:16:29-0300,0,,0,0
2026-08-22,2026-08-22,Conjunto - Similares IG y FB,not_delivering,,,,Con el presupuesto de la campaña,0,0,0,0,En curso,2025-12-04,7 días tras clic o 1 día tras visualización,0,ABSOLUTE_OCPM,2026-06-01T20:45:30-0300,0,,0,0
2026-08-22,2026-08-22,Conjunto - Similares IG y FB,not_delivering,,,,Con el presupuesto de la campaña,0,0,0,0,En curso,2025-12-04,7 días tras clic o 1 día tras visualización,0,ABSOLUTE_OCPM,2026-01-20T16:54:10-0300,0,,0,0
2026-08-22,2026-08-22,3. Publico Mix,not_delivering,,,,4000,Diario,0,0,0,En curso,2025-09-23,7 días tras clic o 1 día tras visualización,0,ABSOLUTE_OCPM,2026-01-09T16:34:51-0300,0,,0,0
2026-08-22,2026-08-22,Reprod. a video,not_delivering,,,,10000,Diario,0,0,0,En curso,2025-09-15,7 días tras clic o 1 día tras visualización,0,ABSOLUTE_OCPM,2026-07-13T10:40:18-0300,0,,0,0
2026-08-22,2026-08-22,Segmentación / interés,not_delivering,,,,6000,Diario,0,0,0,En curso,2025-06-12,1 día tras clic,0,ABSOLUTE_OCPM,2026-06-04T16:15:08-0300,0,,0,0
2026-08-22,2026-08-22,Sitio Web,not_delivering,,,,3000,Diario,0,0,0,En curso,2024-07-11,7 días tras clic o 1 día tras visualización,0,ABSOLUTE_OCPM,2026-03-30T09:15:39-0300,0,,0,0
2026-08-22,2026-08-22,Nuevo conjunto de anuncios de Interacción,not_delivering,,,,1100,Diario,0,0,0,En curso,2024-07-05,7 días tras clic o 1 día tras visualización,0,ABSOLUTE_OCPM,2025-02-11T14:03:26-0300,0,,0,0
2026-08-21,2026-08-21,Conjunto 1 - Frio nacional,active,,,,2000,Diario,0,0,0,En curso,2026-09-02,7 días tras clic o 1 día tras visualización,0,ABSOLUTE_OCPM,2026-09-02T16:13:50-0300,0,,0,0
2026-08-21,2026-08-21,Clases de IA en vivo - Joa y Pri,inactive,,,,5000,Diario,0,0,0,2026-08-13,2026-07-28,7 días tras clic o 1 día tras visualización,0,ABSOLUTE_OCPM,2026-07-30T16:12:18-0300,0,,0,0
2026-08-21,2026-08-21,San Juan- Frio - LAL CRM - Video,active,,,,3000,Diario,0,0,0,En curso,2026-09-02,7 días tras clic o 1 día tras visualización,0,ABSOLUTE_OCPM,2026-09-02T11:42:37-0300,0,,0,0
2026-08-21,2026-08-21,Conversión segmentación similar - Copia,inactive,6,actions:onsite_conversion.messaging_conversation_started_7d,687.47333333,5000,Diario,4124.84,4759,4747,En curso,2026-07-27,7 días tras clic o 1 día tras visualización,0,ABSOLUTE_OCPM,2026-07-27T15:50:54-0300,866.745115,0.903551,0.084264,1.092667
2026-08-21,2026-08-21,Mendoza - Frio - LAL CRM - Video,active,,,,3000,Diario,0,0,0,En curso,2026-09-02,7 días tras clic o 1 día tras visualización,0,ABSOLUTE_OCPM,2026-09-02T10:06:07-0300,0,,0,0
2026-08-21,2026-08-21,Serie Datos e IA,inactive,1,actions:lead,2315.65,2500,Diario,2315.65,1014,958,En curso,2026-07-23,7 días tras clic o 1 día tras visualización,0,ABSOLUTE_OCPM,2026-07-23T10:55:48-0300,2283.678501,1.084813,1.148225,2.366864
2026-08-21,2026-08-21,Entrevista en vivo - Campana Repuestos,inactive,,,,2000,Diario,1881.22,415,324,2026-08-31,2026-08-19,7 días tras clic o 1 día tras visualización,0,ABSOLUTE_OCPM,2026-08-28T15:10:22-0300,4533.060241,0.963855,1.234568,1.204819
2026-08-21,2026-08-21,Nuevo conjunto de anuncios de Tráfico,active,2,profile_visit_view,252.63,2000,Diario,505.26,137,137,En curso,2026-07-21,1 día tras clic,0,ABSOLUTE_OCPM,2026-08-27T17:05:50-0300,3688.029197,1.459854,1.459854,2.919708
2026-08-21,2026-08-21,Campaña Presencialidad Neuquen,inactive,1,actions:leadgen.other,1963.49,4000,Diario,1963.49,403,365,2026-08-30,2026-08-18,7 días tras clic o 1 día tras visualización,0,ABSOLUTE_OCPM,2026-08-27T15:51:09-0300,4872.183623,0.496278,0.547945,0.744417
2026-08-21,2026-08-21,Campaña Presencialidad Rosario,inactive,,,,4000,Diario,0,0,0,2026-07-27,2026-07-15,7 días tras clic o 1 día tras visualización,0,ABSOLUTE_OCPM,2026-07-22T13:58:17-0300,0,,0,0
2026-08-21,2026-08-21,Guia | Boxer Taller,not_delivering,,,,1600,Diario,0,0,0,En curso,2026-08-13,7 días tras clic o 1 día tras visualización,0,ABSOLUTE_OCPM,2026-08-13T14:06:05-0300,0,,0,0
2026-08-21,2026-08-21,Campaña Demo Masiva - Luciana - 30JUL,inactive,,,,6000,Diario,0,0,0,2026-07-29,2026-07-15,7 días tras clic o 1 día tras visualización,0,ABSOLUTE_OCPM,2026-07-15T11:38:34-0300,0,,0,0
2026-08-21,2026-08-21,Demo en VIVO Presencial,inactive,,,,1561.28,Diario,531.2,58,58,En curso,2026-08-07,7 días tras clic o 1 día tras visualización,0,ABSOLUTE_OCPM,2026-08-20T17:56:48-0300,9158.62069,,0,0
2026-08-21,2026-08-21,Error - Conversión segmentación similar,inactive,,,,5000,Diario,0,0,0,En curso,2026-07-13,7 días tras clic o 1 día tras visualización,0,ABSOLUTE_OCPM,0,0,,0,0
2026-08-21,2026-08-21,Campaña Demo Masiva - Santiago - 13 AGO,inactive,,,,6000,Diario,0,0,0,2026-08-12,2026-07-30,7 días tras clic o 1 día tras visualización,0,ABSOLUTE_OCPM,2026-08-05T16:57:39-0300,0,,0,0
2026-08-21,2026-08-21,Remarketing,active,1,actions:lead,5402.64,6000,Diario,5402.64,1512,1223,En curso,2026-07-08,7 días tras clic o 1 día tras visualización,0,ABSOLUTE_OCPM,2026-07-13T10:34:29-0300,3573.174603,1.124339,1.390025,1.587302
2026-08-21,2026-08-21,Conversión segmentación similar,active,3,actions:lead,3181.09333333,7000,Diario,9543.28,2211,1952,En curso,2026-07-08,7 días tras clic o 1 día tras visualización,0,ABSOLUTE_OCPM,2026-08-21T17:21:00-0300,4316.27318,0.633198,0.717213,0.995025
2026-08-21,2026-08-21,Redirección al perfil de Instagram - Segmentación manual,active,54,profile_visit_view,44.99888889,2500,Diario,2429.94,2922,2785,En curso,2026-07-08,1 día tras clic,0,ABSOLUTE_OCPM,2026-07-08T11:14:25-0300,831.601643,1.676934,1.759425,1.676934
2026-08-21,2026-08-21,Campaña Demo Masiva - Santiago,not_delivering,,,,6000,Diario,0,0,0,2026-07-16,2026-07-02,7 días tras clic o 1 día tras visualización,0,ABSOLUTE_OCPM,2026-07-02T19:33:11-0300,0,,0,0
2026-08-21,2026-08-21,Campaña Presencialidad Cordoba,inactive,,,,4000,Diario,0,0,0,2026-07-20,2026-07-02,7 días tras clic o 1 día tras visualización,0,ABSOLUTE_OCPM,2026-07-08T11:37:38-0300,0,,0,0
2026-08-21,2026-08-21,After Automechanika,inactive,,,,10000,Diario,0,0,0,En curso,2026-03-31,7 días tras clic o 1 día tras visualización,0,ABSOLUTE_OCPM,2026-04-01T17:37:48-0300,0,,0,0
2026-08-21,2026-08-21,Campaña Presencialidad Adquisicion,inactive,,,,7500,Diario,0,0,0,2026-03-06,2026-02-27,7 días tras clic o 1 día tras visualización,0,ABSOLUTE_OCPM,0,0,,0,0
2026-08-21,2026-08-21,Campaña Webinar Marketing,inactive,,,,3500,Diario,0,0,0,En curso,2026-02-11,7 días tras clic o 1 día tras visualización,0,ABSOLUTE_OCPM,2026-05-18T19:06:06-0300,0,,0,0
2026-08-21,2026-08-21,Tienda Nube,inactive,,,,5000,Diario,0,0,0,En curso,2026-01-26,7 días tras clic o 1 día tras visualización,0,ABSOLUTE_OCPM,2026-01-26T09:26:44-0300,0,,0,0
2026-08-21,2026-08-21,Clientes Potenciales GEM,not_delivering,,,,Con el presupuesto de la campaña,0,0,0,0,En curso,2026-01-09,7 días tras clic o 1 día tras visualización,0,ABSOLUTE_OCPM,2026-01-20T16:48:01-0300,0,,0,0
2026-08-21,2026-08-21,Lead Magnet,inactive,,,,4000,Diario,0,0,0,En curso,2025-12-18,7 días tras clic o 1 día tras visualización,0,ABSOLUTE_OCPM,2026-02-12T19:16:29-0300,0,,0,0
2026-08-21,2026-08-21,Conjunto - Similares IG y FB,not_delivering,,,,Con el presupuesto de la campaña,0,0,0,0,En curso,2025-12-04,7 días tras clic o 1 día tras visualización,0,ABSOLUTE_OCPM,2026-06-01T20:45:30-0300,0,,0,0
2026-08-21,2026-08-21,Conjunto - Similares IG y FB,not_delivering,,,,Con el presupuesto de la campaña,0,0,0,0,En curso,2025-12-04,7 días tras clic o 1 día tras visualización,0,ABSOLUTE_OCPM,2026-01-20T16:54:10-0300,0,,0,0
2026-08-21,2026-08-21,3. Publico Mix,not_delivering,,,,4000,Diario,0,0,0,En curso,2025-09-23,7 días tras clic o 1 día tras visualización,0,ABSOLUTE_OCPM,2026-01-09T16:34:51-0300,0,,0,0
2026-08-21,2026-08-21,Reprod. a video,not_delivering,,,,10000,Diario,0,0,0,En curso,2025-09-15,7 días tras clic o 1 día tras visualización,0,ABSOLUTE_OCPM,2026-07-13T10:40:18-0300,0,,0,0
2026-08-21,2026-08-21,Segmentación / interés,not_delivering,,,,6000,Diario,0,0,0,En curso,2025-06-12,1 día tras clic,0,ABSOLUTE_OCPM,2026-06-04T16:15:08-0300,0,,0,0
2026-08-21,2026-08-21,Sitio Web,not_delivering,,,,3000,Diario,0,0,0,En curso,2024-07-11,7 días tras clic o 1 día tras visualización,0,ABSOLUTE_OCPM,2026-03-30T09:15:39-0300,0,,0,0
2026-08-21,2026-08-21,Nuevo conjunto de anuncios de Interacción,not_delivering,,,,1100,Diario,0,0,0,En curso,2024-07-05,7 días tras clic o 1 día tras visualización,0,ABSOLUTE_OCPM,2025-02-11T14:03:26-0300,0,,0,0
2026-08-20,2026-08-20,Conjunto 1 - Frio nacional,active,,,,2000,Diario,0,0,0,En curso,2026-09-02,7 días tras clic o 1 día tras visualización,0,ABSOLUTE_OCPM,2026-09-02T16:13:50-0300,0,,0,0
2026-08-20,2026-08-20,Clases de IA en vivo - Joa y Pri,inactive,,,,5000,Diario,0,0,0,2026-08-13,2026-07-28,7 días tras clic o 1 día tras visualización,0,ABSOLUTE_OCPM,2026-07-30T16:12:18-0300,0,,0,0
2026-08-20,2026-08-20,San Juan- Frio - LAL CRM - Video,active,,,,3000,Diario,0,0,0,En curso,2026-09-02,7 días tras clic o 1 día tras visualización,0,ABSOLUTE_OCPM,2026-09-02T11:42:37-0300,0,,0,0
2026-08-20,2026-08-20,Conversión segmentación similar - Copia,inactive,3,actions:onsite_conversion.messaging_conversation_started_7d,1698.27,5000,Diario,5094.81,4048,4016,En curso,2026-07-27,7 días tras clic o 1 día tras visualización,0,ABSOLUTE_OCPM,2026-07-27T15:50:54-0300,1258.599308,0.815217,0.099602,1.037549
2026-08-20,2026-08-20,Mendoza - Frio - LAL CRM - Video,active,,,,3000,Diario,0,0,0,En curso,2026-09-02,7 días tras clic o 1 día tras visualización,0,ABSOLUTE_OCPM,2026-09-02T10:06:07-0300,0,,0,0
2026-08-20,2026-08-20,Serie Datos e IA,inactive,2,actions:lead,1235.895,2500,Diario,2471.79,1025,969,En curso,2026-07-23,7 días tras clic o 1 día tras visualización,0,ABSOLUTE_OCPM,2026-07-23T10:55:48-0300,2411.502439,1.268293,1.341589,2.829268
2026-08-20,2026-08-20,Entrevista en vivo - Campana Repuestos,inactive,,,,2000,Diario,2306.4,425,299,2026-08-31,2026-08-19,7 días tras clic o 1 día tras visualización,0,ABSOLUTE_OCPM,2026-08-28T15:10:22-0300,5426.823529,,0,0.705882
2026-08-20,2026-08-20,Nuevo conjunto de anuncios de Tráfico,active,1,profile_visit_view,110.7,2000,Diario,110.7,41,41,En curso,2026-07-21,1 día tras clic,0,ABSOLUTE_OCPM,2026-08-27T17:05:50-0300,2700,2.439024,2.439024,4.878049
2026-08-20,2026-08-20,Campaña Presencialidad Neuquen,inactive,,,,4000,Diario,3254.29,644,428,2026-08-30,2026-08-18,7 días tras clic o 1 día tras visualización,0,ABSOLUTE_OCPM,2026-08-27T15:51:09-0300,5053.245342,1.086957,0.934579,1.242236
2026-08-20,2026-08-20,Campaña Presencialidad Rosario,inactive,,,,4000,Diario,0,0,0,2026-07-27,2026-07-15,7 días tras clic o 1 día tras visualización,0,ABSOLUTE_OCPM,2026-07-22T13:58:17-0300,0,,0,0
2026-08-20,2026-08-20,Guia | Boxer Taller,not_delivering,,,,1600,Diario,0,0,0,En curso,2026-08-13,7 días tras clic o 1 día tras visualización,0,ABSOLUTE_OCPM,2026-08-13T14:06:05-0300,0,,0,0
2026-08-20,2026-08-20,Campaña Demo Masiva - Luciana - 30JUL,inactive,,,,6000,Diario,0,0,0,2026-07-29,2026-07-15,7 días tras clic o 1 día tras visualización,0,ABSOLUTE_OCPM,2026-07-15T11:38:34-0300,0,,0,0
2026-08-20,2026-08-20,Demo en VIVO Presencial,inactive,,,,1561.28,Diario,1809.26,191,177,En curso,2026-08-07,7 días tras clic o 1 día tras visualización,0,ABSOLUTE_OCPM,2026-08-20T17:56:48-0300,9472.565445,,0,1.04712
2026-08-20,2026-08-20,Error - Conversión segmentación similar,inactive,,,,5000,Diario,0,0,0,En curso,2026-07-13,7 días tras clic o 1 día tras visualización,0,ABSOLUTE_OCPM,0,0,,0,0
2026-08-20,2026-08-20,Campaña Demo Masiva - Santiago - 13 AGO,inactive,,,,6000,Diario,0,0,0,2026-08-12,2026-07-30,7 días tras clic o 1 día tras visualización,0,ABSOLUTE_OCPM,2026-08-05T16:57:39-0300,0,,0,0
2026-08-20,2026-08-20,Remarketing,active,1,actions:lead,5736.51,6000,Diario,5736.51,1594,1318,En curso,2026-07-08,7 días tras clic o 1 día tras visualización,0,ABSOLUTE_OCPM,2026-07-13T10:34:29-0300,3598.814304,1.003764,1.213961,1.819322
2026-08-20,2026-08-20,Conversión segmentación similar,active,2,actions:lead,3371.97,7000,Diario,6743.94,1947,1756,En curso,2026-07-08,7 días tras clic o 1 día tras visualización,0,ABSOLUTE_OCPM,2026-08-21T17:21:00-0300,3463.75963,0.97586,1.082005,1.181305
2026-08-20,2026-08-20,Redirección al perfil de Instagram - Segmentación manual,active,84,profile_visit_view,31.77059524,2500,Diario,2668.73,3220,3116,En curso,2026-07-08,1 día tras clic,0,ABSOLUTE_OCPM,2026-07-08T11:14:25-0300,828.798137,2.795031,2.663671,2.670807
2026-08-20,2026-08-20,Campaña Demo Masiva - Santiago,not_delivering,,,,6000,Diario,0,0,0,2026-07-16,2026-07-02,7 días tras clic o 1 día tras visualización,0,ABSOLUTE_OCPM,2026-07-02T19:33:11-0300,0,,0,0
2026-08-20,2026-08-20,Campaña Presencialidad Cordoba,inactive,,,,4000,Diario,0,0,0,2026-07-20,2026-07-02,7 días tras clic o 1 día tras visualización,0,ABSOLUTE_OCPM,2026-07-08T11:37:38-0300,0,,0,0
2026-08-20,2026-08-20,After Automechanika,inactive,,,,10000,Diario,0,0,0,En curso,2026-03-31,7 días tras clic o 1 día tras visualización,0,ABSOLUTE_OCPM,2026-04-01T17:37:48-0300,0,,0,0
2026-08-20,2026-08-20,Campaña Presencialidad Adquisicion,inactive,,,,7500,Diario,0,0,0,2026-03-06,2026-02-27,7 días tras clic o 1 día tras visualización,0,ABSOLUTE_OCPM,0,0,,0,0
2026-08-20,2026-08-20,Campaña Webinar Marketing,inactive,,,,3500,Diario,0,0,0,En curso,2026-02-11,7 días tras clic o 1 día tras visualización,0,ABSOLUTE_OCPM,2026-05-18T19:06:06-0300,0,,0,0
2026-08-20,2026-08-20,Tienda Nube,inactive,,,,5000,Diario,0,0,0,En curso,2026-01-26,7 días tras clic o 1 día tras visualización,0,ABSOLUTE_OCPM,2026-01-26T09:26:44-0300,0,,0,0
2026-08-20,2026-08-20,Clientes Potenciales GEM,not_delivering,,,,Con el presupuesto de la campaña,0,0,0,0,En curso,2026-01-09,7 días tras clic o 1 día tras visualización,0,ABSOLUTE_OCPM,2026-01-20T16:48:01-0300,0,,0,0
2026-08-20,2026-08-20,Lead Magnet,inactive,,,,4000,Diario,0,0,0,En curso,2025-12-18,7 días tras clic o 1 día tras visualización,0,ABSOLUTE_OCPM,2026-02-12T19:16:29-0300,0,,0,0
2026-08-20,2026-08-20,Conjunto - Similares IG y FB,not_delivering,,,,Con el presupuesto de la campaña,0,0,0,0,En curso,2025-12-04,7 días tras clic o 1 día tras visualización,0,ABSOLUTE_OCPM,2026-06-01T20:45:30-0300,0,,0,0
2026-08-20,2026-08-20,Conjunto - Similares IG y FB,not_delivering,,,,Con el presupuesto de la campaña,0,0,0,0,En curso,2025-12-04,7 días tras clic o 1 día tras visualización,0,ABSOLUTE_OCPM,2026-01-20T16:54:10-0300,0,,0,0
2026-08-20,2026-08-20,3. Publico Mix,not_delivering,,,,4000,Diario,0,0,0,En curso,2025-09-23,7 días tras clic o 1 día tras visualización,0,ABSOLUTE_OCPM,2026-01-09T16:34:51-0300,0,,0,0
2026-08-20,2026-08-20,Reprod. a video,not_delivering,,,,10000,Diario,0,0,0,En curso,2025-09-15,7 días tras clic o 1 día tras visualización,0,ABSOLUTE_OCPM,2026-07-13T10:40:18-0300,0,,0,0
2026-08-20,2026-08-20,Segmentación / interés,not_delivering,,,,6000,Diario,0,0,0,En curso,2025-06-12,1 día tras clic,0,ABSOLUTE_OCPM,2026-06-04T16:15:08-0300,0,,0,0
2026-08-20,2026-08-20,Sitio Web,not_delivering,,,,3000,Diario,0,0,0,En curso,2024-07-11,7 días tras clic o 1 día tras visualización,0,ABSOLUTE_OCPM,2026-03-30T09:15:39-0300,0,,0,0
2026-08-20,2026-08-20,Nuevo conjunto de anuncios de Interacción,not_delivering,,,,1100,Diario,0,0,0,En curso,2024-07-05,7 días tras clic o 1 día tras visualización,0,ABSOLUTE_OCPM,2025-02-11T14:03:26-0300,0,,0,0
2026-08-19,2026-08-19,Conjunto 1 - Frio nacional,active,,,,2000,Diario,0,0,0,En curso,2026-09-02,7 días tras clic o 1 día tras visualización,0,ABSOLUTE_OCPM,2026-09-02T16:13:50-0300,0,,0,0
2026-08-19,2026-08-19,Clases de IA en vivo - Joa y Pri,inactive,,,,5000,Diario,0,0,0,2026-08-13,2026-07-28,7 días tras clic o 1 día tras visualización,0,ABSOLUTE_OCPM,2026-07-30T16:12:18-0300,0,,0,0
2026-08-19,2026-08-19,San Juan- Frio - LAL CRM - Video,active,,,,3000,Diario,0,0,0,En curso,2026-09-02,7 días tras clic o 1 día tras visualización,0,ABSOLUTE_OCPM,2026-09-02T11:42:37-0300,0,,0,0
2026-08-19,2026-08-19,Conversión segmentación similar - Copia,inactive,4,actions:onsite_conversion.messaging_conversation_started_7d,1528.425,5000,Diario,6113.7,4322,4138,En curso,2026-07-27,7 días tras clic o 1 día tras visualización,0,ABSOLUTE_OCPM,2026-07-27T15:50:54-0300,1414.553447,0.763535,0.169164,0.971772
2026-08-19,2026-08-19,Mendoza - Frio - LAL CRM - Video,active,,,,3000,Diario,0,0,0,En curso,2026-09-02,7 días tras clic o 1 día tras visualización,0,ABSOLUTE_OCPM,2026-09-02T10:06:07-0300,0,,0,0
2026-08-19,2026-08-19,Serie Datos e IA,inactive,5,actions:lead,526.626,2500,Diario,2633.13,1122,1038,En curso,2026-07-23,7 días tras clic o 1 día tras visualización,0,ABSOLUTE_OCPM,2026-07-23T10:55:48-0300,2346.818182,1.426025,1.541426,2.762923
2026-08-19,2026-08-19,Entrevista en vivo - Campana Repuestos,inactive,,,,2000,Diario,607.16,144,125,2026-08-31,2026-08-19,7 días tras clic o 1 día tras visualización,0,ABSOLUTE_OCPM,2026-08-28T15:10:22-0300,4216.388889,,0,0.694444
2026-08-19,2026-08-19,Nuevo conjunto de anuncios de Tráfico,active,6,profile_visit_view,450.225,2000,Diario,2701.35,811,811,En curso,2026-07-21,1 día tras clic,0,ABSOLUTE_OCPM,2026-08-27T17:05:50-0300,3330.887793,0.986437,0.986437,2.7127
2026-08-19,2026-08-19,Campaña Presencialidad Neuquen,inactive,,,,4000,Diario,3276.07,847,563,2026-08-30,2026-08-18,7 días tras clic o 1 día tras visualización,0,ABSOLUTE_OCPM,2026-08-27T15:51:09-0300,3867.85124,0.236128,0.35524,0.590319
2026-08-19,2026-08-19,Campaña Presencialidad Rosario,inactive,,,,4000,Diario,0,0,0,2026-07-27,2026-07-15,7 días tras clic o 1 día tras visualización,0,ABSOLUTE_OCPM,2026-07-22T13:58:17-0300,0,,0,0
2026-08-19,2026-08-19,Guia | Boxer Taller,not_delivering,,,,1600,Diario,575.27,182,176,En curso,2026-08-13,7 días tras clic o 1 día tras visualización,0,ABSOLUTE_OCPM,2026-08-13T14:06:05-0300,3160.824176,,0,1.098901
2026-08-19,2026-08-19,Campaña Demo Masiva - Luciana - 30JUL,inactive,,,,6000,Diario,0,0,0,2026-07-29,2026-07-15,7 días tras clic o 1 día tras visualización,0,ABSOLUTE_OCPM,2026-07-15T11:38:34-0300,0,,0,0
2026-08-19,2026-08-19,Demo en VIVO Presencial,inactive,,,,1561.28,Diario,1340.86,145,139,En curso,2026-08-07,7 días tras clic o 1 día tras visualización,0,ABSOLUTE_OCPM,2026-08-20T17:56:48-0300,9247.310345,,0,0
2026-08-19,2026-08-19,Error - Conversión segmentación similar,inactive,,,,5000,Diario,0,0,0,En curso,2026-07-13,7 días tras clic o 1 día tras visualización,0,ABSOLUTE_OCPM,0,0,,0,0
2026-08-19,2026-08-19,Campaña Demo Masiva - Santiago - 13 AGO,inactive,,,,6000,Diario,0,0,0,2026-08-12,2026-07-30,7 días tras clic o 1 día tras visualización,0,ABSOLUTE_OCPM,2026-08-05T16:57:39-0300,0,,0,0
2026-08-19,2026-08-19,Remarketing,active,1,actions:lead,6589.09,6000,Diario,6589.09,1818,1462,En curso,2026-07-08,7 días tras clic o 1 día tras visualización,0,ABSOLUTE_OCPM,2026-07-13T10:34:29-0300,3624.361936,1.485149,1.709986,1.870187
2026-08-19,2026-08-19,Conversión segmentación similar,active,,,,7000,Diario,6434.09,1930,1751,En curso,2026-07-08,7 días tras clic o 1 día tras visualización,0,ABSOLUTE_OCPM,2026-08-21T17:21:00-0300,3333.725389,1.036269,1.142204,1.502591
2026-08-19,2026-08-19,Redirección al perfil de Instagram - Segmentación manual,active,53,profile_visit_view,41.18490566,2500,Diario,2182.8,2680,2641,En curso,2026-07-08,1 día tras clic,0,ABSOLUTE_OCPM,2026-07-08T11:14:25-0300,814.477612,1.977612,1.855358,1.977612
2026-08-19,2026-08-19,Campaña Demo Masiva - Santiago,not_delivering,,,,6000,Diario,0,0,0,2026-07-16,2026-07-02,7 días tras clic o 1 día tras visualización,0,ABSOLUTE_OCPM,2026-07-02T19:33:11-0300,0,,0,0
2026-08-19,2026-08-19,Campaña Presencialidad Cordoba,inactive,,,,4000,Diario,0,0,0,2026-07-20,2026-07-02,7 días tras clic o 1 día tras visualización,0,ABSOLUTE_OCPM,2026-07-08T11:37:38-0300,0,,0,0
2026-08-19,2026-08-19,After Automechanika,inactive,,,,10000,Diario,0,0,0,En curso,2026-03-31,7 días tras clic o 1 día tras visualización,0,ABSOLUTE_OCPM,2026-04-01T17:37:48-0300,0,,0,0
2026-08-19,2026-08-19,Campaña Presencialidad Adquisicion,inactive,,,,7500,Diario,0,0,0,2026-03-06,2026-02-27,7 días tras clic o 1 día tras visualización,0,ABSOLUTE_OCPM,0,0,,0,0
2026-08-19,2026-08-19,Campaña Webinar Marketing,inactive,,,,3500,Diario,0,0,0,En curso,2026-02-11,7 días tras clic o 1 día tras visualización,0,ABSOLUTE_OCPM,2026-05-18T19:06:06-0300,0,,0,0
2026-08-19,2026-08-19,Tienda Nube,inactive,,,,5000,Diario,0,0,0,En curso,2026-01-26,7 días tras clic o 1 día tras visualización,0,ABSOLUTE_OCPM,2026-01-26T09:26:44-0300,0,,0,0
2026-08-19,2026-08-19,Clientes Potenciales GEM,not_delivering,,,,Con el presupuesto de la campaña,0,0,0,0,En curso,2026-01-09,7 días tras clic o 1 día tras visualización,0,ABSOLUTE_OCPM,2026-01-20T16:48:01-0300,0,,0,0
2026-08-19,2026-08-19,Lead Magnet,inactive,,,,4000,Diario,0,0,0,En curso,2025-12-18,7 días tras clic o 1 día tras visualización,0,ABSOLUTE_OCPM,2026-02-12T19:16:29-0300,0,,0,0
2026-08-19,2026-08-19,Conjunto - Similares IG y FB,not_delivering,,,,Con el presupuesto de la campaña,0,0,0,0,En curso,2025-12-04,7 días tras clic o 1 día tras visualización,0,ABSOLUTE_OCPM,2026-06-01T20:45:30-0300,0,,0,0
2026-08-19,2026-08-19,Conjunto - Similares IG y FB,not_delivering,,,,Con el presupuesto de la campaña,0,0,0,0,En curso,2025-12-04,7 días tras clic o 1 día tras visualización,0,ABSOLUTE_OCPM,2026-01-20T16:54:10-0300,0,,0,0
2026-08-19,2026-08-19,3. Publico Mix,not_delivering,,,,4000,Diario,0,0,0,En curso,2025-09-23,7 días tras clic o 1 día tras visualización,0,ABSOLUTE_OCPM,2026-01-09T16:34:51-0300,0,,0,0
2026-08-19,2026-08-19,Reprod. a video,not_delivering,,,,10000,Diario,0,0,0,En curso,2025-09-15,7 días tras clic o 1 día tras visualización,0,ABSOLUTE_OCPM,2026-07-13T10:40:18-0300,0,,0,0
2026-08-19,2026-08-19,Segmentación / interés,not_delivering,,,,6000,Diario,0,0,0,En curso,2025-06-12,1 día tras clic,0,ABSOLUTE_OCPM,2026-06-04T16:15:08-0300,0,,0,0
2026-08-19,2026-08-19,Sitio Web,not_delivering,,,,3000,Diario,0,0,0,En curso,2024-07-11,7 días tras clic o 1 día tras visualización,0,ABSOLUTE_OCPM,2026-03-30T09:15:39-0300,0,,0,0
2026-08-19,2026-08-19,Nuevo conjunto de anuncios de Interacción,not_delivering,,,,1100,Diario,0,0,0,En curso,2024-07-05,7 días tras clic o 1 día tras visualización,0,ABSOLUTE_OCPM,2025-02-11T14:03:26-0300,0,,0,0
2026-08-18,2026-08-18,Conjunto 1 - Frio nacional,active,,,,2000,Diario,0,0,0,En curso,2026-09-02,7 días tras clic o 1 día tras visualización,0,ABSOLUTE_OCPM,2026-09-02T16:13:50-0300,0,,0,0
2026-08-18,2026-08-18,Clases de IA en vivo - Joa y Pri,inactive,,,,5000,Diario,0,0,0,2026-08-13,2026-07-28,7 días tras clic o 1 día tras visualización,0,ABSOLUTE_OCPM,2026-07-30T16:12:18-0300,0,,0,0
2026-08-18,2026-08-18,San Juan- Frio - LAL CRM - Video,active,,,,3000,Diario,0,0,0,En curso,2026-09-02,7 días tras clic o 1 día tras visualización,0,ABSOLUTE_OCPM,2026-09-02T11:42:37-0300,0,,0,0
2026-08-18,2026-08-18,Conversión segmentación similar - Copia,inactive,2,actions:onsite_conversion.messaging_conversation_started_7d,2899.105,5000,Diario,5798.21,3888,3636,En curso,2026-07-27,7 días tras clic o 1 día tras visualización,0,ABSOLUTE_OCPM,2026-07-27T15:50:54-0300,1491.309156,0.668724,0.220022,0.951646
2026-08-18,2026-08-18,Mendoza - Frio - LAL CRM - Video,active,,,,3000,Diario,0,0,0,En curso,2026-09-02,7 días tras clic o 1 día tras visualización,0,ABSOLUTE_OCPM,2026-09-02T10:06:07-0300,0,,0,0
2026-08-18,2026-08-18,Serie Datos e IA,inactive,1,actions:lead,2408.8,2500,Diario,2408.8,1422,1353,En curso,2026-07-23,7 días tras clic o 1 día tras visualización,0,ABSOLUTE_OCPM,2026-07-23T10:55:48-0300,1693.95218,0.773558,0.739098,1.969058
2026-08-18,2026-08-18,Entrevista en vivo - Campana Repuestos,inactive,,,,2000,Diario,0,0,0,2026-08-31,2026-08-19,7 días tras clic o 1 día tras visualización,0,ABSOLUTE_OCPM,2026-08-28T15:10:22-0300,0,,0,0
2026-08-18,2026-08-18,Nuevo conjunto de anuncios de Tráfico,active,6,profile_visit_view,583.33333333,2000,Diario,3500,1082,1079,En curso,2026-07-21,1 día tras clic,0,ABSOLUTE_OCPM,2026-08-27T17:05:50-0300,3234.750462,0.739372,0.741427,2.772643
2026-08-18,2026-08-18,Campaña Presencialidad Neuquen,inactive,,,,4000,Diario,4324.71,956,661,2026-08-30,2026-08-18,7 días tras clic o 1 día tras visualización,0,ABSOLUTE_OCPM,2026-08-27T15:51:09-0300,4523.75523,0.104603,0.151286,0.627615
2026-08-18,2026-08-18,Campaña Presencialidad Rosario,inactive,,,,4000,Diario,0,0,0,2026-07-27,2026-07-15,7 días tras clic o 1 día tras visualización,0,ABSOLUTE_OCPM,2026-07-22T13:58:17-0300,0,,0,0
2026-08-18,2026-08-18,Guia | Boxer Taller,not_delivering,1,actions:onsite_conversion.messaging_conversation_started_7d,1111.03,1600,Diario,1111.03,637,613,En curso,2026-08-13,7 días tras clic o 1 día tras visualización,0,ABSOLUTE_OCPM,2026-08-13T14:06:05-0300,1744.160126,0.156986,0.163132,0.470958
2026-08-18,2026-08-18,Campaña Demo Masiva - Luciana - 30JUL,inactive,,,,6000,Diario,0,0,0,2026-07-29,2026-07-15,7 días tras clic o 1 día tras visualización,0,ABSOLUTE_OCPM,2026-07-15T11:38:34-0300,0,,0,0
2026-08-18,2026-08-18,Demo en VIVO Presencial,inactive,,,,1561.28,Diario,1919.19,206,198,En curso,2026-08-07,7 días tras clic o 1 día tras visualización,0,ABSOLUTE_OCPM,2026-08-20T17:56:48-0300,9316.456311,0.485437,0.505051,0.970874
2026-08-18,2026-08-18,Error - Conversión segmentación similar,inactive,,,,5000,Diario,0,0,0,En curso,2026-07-13,7 días tras clic o 1 día tras visualización,0,ABSOLUTE_OCPM,0,0,,0,0
2026-08-18,2026-08-18,Campaña Demo Masiva - Santiago - 13 AGO,inactive,,,,6000,Diario,0,0,0,2026-08-12,2026-07-30,7 días tras clic o 1 día tras visualización,0,ABSOLUTE_OCPM,2026-08-05T16:57:39-0300,0,,0,0
2026-08-18,2026-08-18,Remarketing,active,2,actions:lead,3156.535,6000,Diario,6313.07,1935,1543,En curso,2026-07-08,7 días tras clic o 1 día tras visualización,0,ABSOLUTE_OCPM,2026-07-13T10:34:29-0300,3262.568475,0.981912,1.166559,1.498708
2026-08-18,2026-08-18,Conversión segmentación similar,active,,,,7000,Diario,7368.94,2356,2055,En curso,2026-07-08,7 días tras clic o 1 día tras visualización,0,ABSOLUTE_OCPM,2026-08-21T17:21:00-0300,3127.733447,0.636672,0.729927,1.188455
2026-08-18,2026-08-18,Redirección al perfil de Instagram - Segmentación manual,active,43,profile_visit_view,50.42767442,2500,Diario,2168.39,2951,2896,En curso,2026-07-08,1 día tras clic,0,ABSOLUTE_OCPM,2026-07-08T11:14:25-0300,734.798373,1.49102,1.450276,1.49102
2026-08-18,2026-08-18,Campaña Demo Masiva - Santiago,not_delivering,,,,6000,Diario,0,0,0,2026-07-16,2026-07-02,7 días tras clic o 1 día tras visualización,0,ABSOLUTE_OCPM,2026-07-02T19:33:11-0300,0,,0,0
2026-08-18,2026-08-18,Campaña Presencialidad Cordoba,inactive,,,,4000,Diario,0,0,0,2026-07-20,2026-07-02,7 días tras clic o 1 día tras visualización,0,ABSOLUTE_OCPM,2026-07-08T11:37:38-0300,0,,0,0
2026-08-18,2026-08-18,After Automechanika,inactive,,,,10000,Diario,0,0,0,En curso,2026-03-31,7 días tras clic o 1 día tras visualización,0,ABSOLUTE_OCPM,2026-04-01T17:37:48-0300,0,,0,0
2026-08-18,2026-08-18,Campaña Presencialidad Adquisicion,inactive,,,,7500,Diario,0,0,0,2026-03-06,2026-02-27,7 días tras clic o 1 día tras visualización,0,ABSOLUTE_OCPM,0,0,,0,0
2026-08-18,2026-08-18,Campaña Webinar Marketing,inactive,,,,3500,Diario,0,0,0,En curso,2026-02-11,7 días tras clic o 1 día tras visualización,0,ABSOLUTE_OCPM,2026-05-18T19:06:06-0300,0,,0,0
2026-08-18,2026-08-18,Tienda Nube,inactive,,,,5000,Diario,0,0,0,En curso,2026-01-26,7 días tras clic o 1 día tras visualización,0,ABSOLUTE_OCPM,2026-01-26T09:26:44-0300,0,,0,0
2026-08-18,2026-08-18,Clientes Potenciales GEM,not_delivering,,,,Con el presupuesto de la campaña,0,0,0,0,En curso,2026-01-09,7 días tras clic o 1 día tras visualización,0,ABSOLUTE_OCPM,2026-01-20T16:48:01-0300,0,,0,0
2026-08-18,2026-08-18,Lead Magnet,inactive,,,,4000,Diario,0,0,0,En curso,2025-12-18,7 días tras clic o 1 día tras visualización,0,ABSOLUTE_OCPM,2026-02-12T19:16:29-0300,0,,0,0
2026-08-18,2026-08-18,Conjunto - Similares IG y FB,not_delivering,,,,Con el presupuesto de la campaña,0,0,0,0,En curso,2025-12-04,7 días tras clic o 1 día tras visualización,0,ABSOLUTE_OCPM,2026-06-01T20:45:30-0300,0,,0,0
2026-08-18,2026-08-18,Conjunto - Similares IG y FB,not_delivering,,,,Con el presupuesto de la campaña,0,0,0,0,En curso,2025-12-04,7 días tras clic o 1 día tras visualización,0,ABSOLUTE_OCPM,2026-01-20T16:54:10-0300,0,,0,0
2026-08-18,2026-08-18,3. Publico Mix,not_delivering,,,,4000,Diario,0,0,0,En curso,2025-09-23,7 días tras clic o 1 día tras visualización,0,ABSOLUTE_OCPM,2026-01-09T16:34:51-0300,0,,0,0
2026-08-18,2026-08-18,Reprod. a video,not_delivering,,,,10000,Diario,0,0,0,En curso,2025-09-15,7 días tras clic o 1 día tras visualización,0,ABSOLUTE_OCPM,2026-07-13T10:40:18-0300,0,,0,0
2026-08-18,2026-08-18,Segmentación / interés,not_delivering,,,,6000,Diario,0,0,0,En curso,2025-06-12,1 día tras clic,0,ABSOLUTE_OCPM,2026-06-04T16:15:08-0300,0,,0,0
2026-08-18,2026-08-18,Sitio Web,not_delivering,,,,3000,Diario,0,0,0,En curso,2024-07-11,7 días tras clic o 1 día tras visualización,0,ABSOLUTE_OCPM,2026-03-30T09:15:39-0300,0,,0,0
2026-08-18,2026-08-18,Nuevo conjunto de anuncios de Interacción,not_delivering,,,,1100,Diario,0,0,0,En curso,2024-07-05,7 días tras clic o 1 día tras visualización,0,ABSOLUTE_OCPM,2025-02-11T14:03:26-0300,0,,0,0
2026-08-17,2026-08-17,Conjunto 1 - Frio nacional,active,,,,2000,Diario,0,0,0,En curso,2026-09-02,7 días tras clic o 1 día tras visualización,0,ABSOLUTE_OCPM,2026-09-02T16:13:50-0300,0,,0,0
2026-08-17,2026-08-17,Clases de IA en vivo - Joa y Pri,inactive,,,,5000,Diario,0,0,0,2026-08-13,2026-07-28,7 días tras clic o 1 día tras visualización,0,ABSOLUTE_OCPM,2026-07-30T16:12:18-0300,0,,0,0
2026-08-17,2026-08-17,San Juan- Frio - LAL CRM - Video,active,,,,3000,Diario,0,0,0,En curso,2026-09-02,7 días tras clic o 1 día tras visualización,0,ABSOLUTE_OCPM,2026-09-02T11:42:37-0300,0,,0,0
2026-08-17,2026-08-17,Conversión segmentación similar - Copia,inactive,2,actions:onsite_conversion.messaging_conversation_started_7d,3182.405,5000,Diario,6364.81,4225,3739,En curso,2026-07-27,7 días tras clic o 1 día tras visualización,0,ABSOLUTE_OCPM,2026-07-27T15:50:54-0300,1506.463905,0.757396,0.080235,0.994083
2026-08-17,2026-08-17,Mendoza - Frio - LAL CRM - Video,active,,,,3000,Diario,0,0,0,En curso,2026-09-02,7 días tras clic o 1 día tras visualización,0,ABSOLUTE_OCPM,2026-09-02T10:06:07-0300,0,,0,0
2026-08-17,2026-08-17,Serie Datos e IA,inactive,1,actions:lead,2736.98,2500,Diario,2736.98,1401,1280,En curso,2026-07-23,7 días tras clic o 1 día tras visualización,0,ABSOLUTE_OCPM,2026-07-23T10:55:48-0300,1953.590293,1.213419,1.328125,2.498216
2026-08-17,2026-08-17,Entrevista en vivo - Campana Repuestos,inactive,,,,2000,Diario,0,0,0,2026-08-31,2026-08-19,7 días tras clic o 1 día tras visualización,0,ABSOLUTE_OCPM,2026-08-28T15:10:22-0300,0,,0,0
2026-08-17,2026-08-17,Nuevo conjunto de anuncios de Tráfico,active,2,profile_visit_view,157.695,2000,Diario,315.39,77,77,En curso,2026-07-21,1 día tras clic,0,ABSOLUTE_OCPM,2026-08-27T17:05:50-0300,4095.974026,2.597403,2.597403,3.896104
2026-08-17,2026-08-17,Campaña Presencialidad Neuquen,inactive,,,,4000,Diario,0,0,0,2026-08-30,2026-08-18,7 días tras clic o 1 día tras visualización,0,ABSOLUTE_OCPM,2026-08-27T15:51:09-0300,0,,0,0
2026-08-17,2026-08-17,Campaña Presencialidad Rosario,inactive,,,,4000,Diario,0,0,0,2026-07-27,2026-07-15,7 días tras clic o 1 día tras visualización,0,ABSOLUTE_OCPM,2026-07-22T13:58:17-0300,0,,0,0
2026-08-17,2026-08-17,Guia | Boxer Taller,not_delivering,1,actions:onsite_conversion.messaging_conversation_started_7d,2007.9,1600,Diario,2007.9,1611,1560,En curso,2026-08-13,7 días tras clic o 1 día tras visualización,0,ABSOLUTE_OCPM,2026-08-13T14:06:05-0300,1246.368715,0.806952,0.128205,1.738051
2026-08-17,2026-08-17,Campaña Demo Masiva - Luciana - 30JUL,inactive,,,,6000,Diario,0,0,0,2026-07-29,2026-07-15,7 días tras clic o 1 día tras visualización,0,ABSOLUTE_OCPM,2026-07-15T11:38:34-0300,0,,0,0
2026-08-17,2026-08-17,Demo en VIVO Presencial,inactive,2,actions:lead,1248.325,1561.28,Diario,2496.65,205,196,En curso,2026-08-07,7 días tras clic o 1 día tras visualización,0,ABSOLUTE_OCPM,2026-08-20T17:56:48-0300,12178.780488,1.95122,2.040816,4.390244
2026-08-17,2026-08-17,Error - Conversión segmentación similar,inactive,,,,5000,Diario,0,0,0,En curso,2026-07-13,7 días tras clic o 1 día tras visualización,0,ABSOLUTE_OCPM,0,0,,0,0
2026-08-17,2026-08-17,Campaña Demo Masiva - Santiago - 13 AGO,inactive,,,,6000,Diario,0,0,0,2026-08-12,2026-07-30,7 días tras clic o 1 día tras visualización,0,ABSOLUTE_OCPM,2026-08-05T16:57:39-0300,0,,0,0
2026-08-17,2026-08-17,Remarketing,active,1,actions:lead,6623.3,6000,Diario,6623.3,1631,1320,En curso,2026-07-08,7 días tras clic o 1 día tras visualización,0,ABSOLUTE_OCPM,2026-07-13T10:34:29-0300,4060.882894,0.613121,0.681818,0.980993
2026-08-17,2026-08-17,Conversión segmentación similar,active,1,actions:lead,7668.88,7000,Diario,7668.88,2336,2023,En curso,2026-07-08,7 días tras clic o 1 día tras visualización,0,ABSOLUTE_OCPM,2026-08-21T17:21:00-0300,3282.910959,1.027397,1.087494,1.412671
2026-08-17,2026-08-17,Redirección al perfil de Instagram - Segmentación manual,active,88,profile_visit_view,31.74306818,2500,Diario,2793.39,4072,4072,En curso,2026-07-08,1 día tras clic,0,ABSOLUTE_OCPM,2026-07-08T11:14:25-0300,685.999509,2.03831,1.964637,2.013752
2026-08-17,2026-08-17,Campaña Demo Masiva - Santiago,not_delivering,,,,6000,Diario,0,0,0,2026-07-16,2026-07-02,7 días tras clic o 1 día tras visualización,0,ABSOLUTE_OCPM,2026-07-02T19:33:11-0300,0,,0,0
2026-08-17,2026-08-17,Campaña Presencialidad Cordoba,inactive,,,,4000,Diario,0,0,0,2026-07-20,2026-07-02,7 días tras clic o 1 día tras visualización,0,ABSOLUTE_OCPM,2026-07-08T11:37:38-0300,0,,0,0
2026-08-17,2026-08-17,After Automechanika,inactive,,,,10000,Diario,0,0,0,En curso,2026-03-31,7 días tras clic o 1 día tras visualización,0,ABSOLUTE_OCPM,2026-04-01T17:37:48-0300,0,,0,0
2026-08-17,2026-08-17,Campaña Presencialidad Adquisicion,inactive,,,,7500,Diario,0,0,0,2026-03-06,2026-02-27,7 días tras clic o 1 día tras visualización,0,ABSOLUTE_OCPM,0,0,,0,0
2026-08-17,2026-08-17,Campaña Webinar Marketing,inactive,,,,3500,Diario,0,0,0,En curso,2026-02-11,7 días tras clic o 1 día tras visualización,0,ABSOLUTE_OCPM,2026-05-18T19:06:06-0300,0,,0,0
2026-08-17,2026-08-17,Tienda Nube,inactive,,,,5000,Diario,0,0,0,En curso,2026-01-26,7 días tras clic o 1 día tras visualización,0,ABSOLUTE_OCPM,2026-01-26T09:26:44-0300,0,,0,0
2026-08-17,2026-08-17,Clientes Potenciales GEM,not_delivering,,,,Con el presupuesto de la campaña,0,0,0,0,En curso,2026-01-09,7 días tras clic o 1 día tras visualización,0,ABSOLUTE_OCPM,2026-01-20T16:48:01-0300,0,,0,0
2026-08-17,2026-08-17,Lead Magnet,inactive,,,,4000,Diario,0,0,0,En curso,2025-12-18,7 días tras clic o 1 día tras visualización,0,ABSOLUTE_OCPM,2026-02-12T19:16:29-0300,0,,0,0
2026-08-17,2026-08-17,Conjunto - Similares IG y FB,not_delivering,,,,Con el presupuesto de la campaña,0,0,0,0,En curso,2025-12-04,7 días tras clic o 1 día tras visualización,0,ABSOLUTE_OCPM,2026-06-01T20:45:30-0300,0,,0,0
2026-08-17,2026-08-17,Conjunto - Similares IG y FB,not_delivering,,,,Con el presupuesto de la campaña,0,0,0,0,En curso,2025-12-04,7 días tras clic o 1 día tras visualización,0,ABSOLUTE_OCPM,2026-01-20T16:54:10-0300,0,,0,0
2026-08-17,2026-08-17,3. Publico Mix,not_delivering,,,,4000,Diario,0,0,0,En curso,2025-09-23,7 días tras clic o 1 día tras visualización,0,ABSOLUTE_OCPM,2026-01-09T16:34:51-0300,0,,0,0
2026-08-17,2026-08-17,Reprod. a video,not_delivering,,,,10000,Diario,0,0,0,En curso,2025-09-15,7 días tras clic o 1 día tras visualización,0,ABSOLUTE_OCPM,2026-07-13T10:40:18-0300,0,,0,0
2026-08-17,2026-08-17,Segmentación / interés,not_delivering,,,,6000,Diario,0,0,0,En curso,2025-06-12,1 día tras clic,0,ABSOLUTE_OCPM,2026-06-04T16:15:08-0300,0,,0,0
2026-08-17,2026-08-17,Sitio Web,not_delivering,,,,3000,Diario,0,0,0,En curso,2024-07-11,7 días tras clic o 1 día tras visualización,0,ABSOLUTE_OCPM,2026-03-30T09:15:39-0300,0,,0,0
2026-08-17,2026-08-17,Nuevo conjunto de anuncios de Interacción,not_delivering,,,,1100,Diario,0,0,0,En curso,2024-07-05,7 días tras clic o 1 día tras visualización,0,ABSOLUTE_OCPM,2025-02-11T14:03:26-0300,0,,0,0
2026-08-16,2026-08-16,Conjunto 1 - Frio nacional,active,,,,2000,Diario,0,0,0,En curso,2026-09-02,7 días tras clic o 1 día tras visualización,0,ABSOLUTE_OCPM,2026-09-02T16:13:50-0300,0,,0,0
2026-08-16,2026-08-16,Clases de IA en vivo - Joa y Pri,inactive,,,,5000,Diario,0,0,0,2026-08-13,2026-07-28,7 días tras clic o 1 día tras visualización,0,ABSOLUTE_OCPM,2026-07-30T16:12:18-0300,0,,0,0
2026-08-16,2026-08-16,San Juan- Frio - LAL CRM - Video,active,,,,3000,Diario,0,0,0,En curso,2026-09-02,7 días tras clic o 1 día tras visualización,0,ABSOLUTE_OCPM,2026-09-02T11:42:37-0300,0,,0,0
2026-08-16,2026-08-16,Conversión segmentación similar - Copia,inactive,2,actions:onsite_conversion.messaging_conversation_started_7d,2276.995,5000,Diario,4553.99,3963,3790,En curso,2026-07-27,7 días tras clic o 1 día tras visualización,0,ABSOLUTE_OCPM,2026-07-27T15:50:54-0300,1149.126924,0.656069,0.05277,0.832703
2026-08-16,2026-08-16,Mendoza - Frio - LAL CRM - Video,active,,,,3000,Diario,0,0,0,En curso,2026-09-02,7 días tras clic o 1 día tras visualización,0,ABSOLUTE_OCPM,2026-09-02T10:06:07-0300,0,,0,0
2026-08-16,2026-08-16,Serie Datos e IA,inactive,2,actions:lead,1551.115,2500,Diario,3102.23,1507,1396,En curso,2026-07-23,7 días tras clic o 1 día tras visualización,0,ABSOLUTE_OCPM,2026-07-23T10:55:48-0300,2058.546782,1.128069,1.217765,2.455209
2026-08-16,2026-08-16,Entrevista en vivo - Campana Repuestos,inactive,,,,2000,Diario,0,0,0,2026-08-31,2026-08-19,7 días tras clic o 1 día tras visualización,0,ABSOLUTE_OCPM,2026-08-28T15:10:22-0300,0,,0,0
2026-08-16,2026-08-16,Nuevo conjunto de anuncios de Tráfico,active,4,profile_visit_view,167.835,2000,Diario,671.34,144,144,En curso,2026-07-21,1 día tras clic,0,ABSOLUTE_OCPM,2026-08-27T17:05:50-0300,4662.083333,2.777778,2.777778,4.166667
2026-08-16,2026-08-16,Campaña Presencialidad Neuquen,inactive,,,,4000,Diario,0,0,0,2026-08-30,2026-08-18,7 días tras clic o 1 día tras visualización,0,ABSOLUTE_OCPM,2026-08-27T15:51:09-0300,0,,0,0
2026-08-16,2026-08-16,Campaña Presencialidad Rosario,inactive,,,,4000,Diario,0,0,0,2026-07-27,2026-07-15,7 días tras clic o 1 día tras visualización,0,ABSOLUTE_OCPM,2026-07-22T13:58:17-0300,0,,0,0
2026-08-16,2026-08-16,Guia | Boxer Taller,not_delivering,1,actions:onsite_conversion.messaging_conversation_started_7d,1656.52,1600,Diario,1656.52,2842,2842,En curso,2026-08-13,7 días tras clic o 1 día tras visualización,0,ABSOLUTE_OCPM,2026-08-13T14:06:05-0300,582.871217,0.59817,0.070373,1.020408
2026-08-16,2026-08-16,Campaña Demo Masiva - Luciana - 30JUL,inactive,,,,6000,Diario,0,0,0,2026-07-29,2026-07-15,7 días tras clic o 1 día tras visualización,0,ABSOLUTE_OCPM,2026-07-15T11:38:34-0300,0,,0,0
2026-08-16,2026-08-16,Demo en VIVO Presencial,inactive,,,,1561.28,Diario,1767.18,165,154,En curso,2026-08-07,7 días tras clic o 1 día tras visualización,0,ABSOLUTE_OCPM,2026-08-20T17:56:48-0300,10710.181818,,0,1.818182
2026-08-16,2026-08-16,Error - Conversión segmentación similar,inactive,,,,5000,Diario,0,0,0,En curso,2026-07-13,7 días tras clic o 1 día tras visualización,0,ABSOLUTE_OCPM,0,0,,0,0
2026-08-16,2026-08-16,Campaña Demo Masiva - Santiago - 13 AGO,inactive,,,,6000,Diario,0,0,0,2026-08-12,2026-07-30,7 días tras clic o 1 día tras visualización,0,ABSOLUTE_OCPM,2026-08-05T16:57:39-0300,0,,0,0
2026-08-16,2026-08-16,Remarketing,active,2,actions:lead,3257.515,6000,Diario,6515.03,1491,1191,En curso,2026-07-08,7 días tras clic o 1 día tras visualización,0,ABSOLUTE_OCPM,2026-07-13T10:34:29-0300,4369.570758,1.073105,1.343409,1.341382
2026-08-16,2026-08-16,Conversión segmentación similar,active,3,actions:lead,2394.79666667,7000,Diario,7184.39,2054,1818,En curso,2026-07-08,7 días tras clic o 1 día tras visualización,0,ABSOLUTE_OCPM,2026-08-21T17:21:00-0300,3497.755599,1.265823,1.430143,1.801363
2026-08-16,2026-08-16,Redirección al perfil de Instagram - Segmentación manual,active,92,profile_visit_view,31.78804348,2500,Diario,2924.5,3944,3894,En curso,2026-07-08,1 día tras clic,0,ABSOLUTE_OCPM,2026-07-08T11:14:25-0300,741.506085,2.383367,2.259887,2.332657
2026-08-16,2026-08-16,Campaña Demo Masiva - Santiago,not_delivering,,,,6000,Diario,0,0,0,2026-07-16,2026-07-02,7 días tras clic o 1 día tras visualización,0,ABSOLUTE_OCPM,2026-07-02T19:33:11-0300,0,,0,0
2026-08-16,2026-08-16,Campaña Presencialidad Cordoba,inactive,,,,4000,Diario,0,0,0,2026-07-20,2026-07-02,7 días tras clic o 1 día tras visualización,0,ABSOLUTE_OCPM,2026-07-08T11:37:38-0300,0,,0,0
2026-08-16,2026-08-16,After Automechanika,inactive,,,,10000,Diario,0,0,0,En curso,2026-03-31,7 días tras clic o 1 día tras visualización,0,ABSOLUTE_OCPM,2026-04-01T17:37:48-0300,0,,0,0
2026-08-16,2026-08-16,Campaña Presencialidad Adquisicion,inactive,,,,7500,Diario,0,0,0,2026-03-06,2026-02-27,7 días tras clic o 1 día tras visualización,0,ABSOLUTE_OCPM,0,0,,0,0
2026-08-16,2026-08-16,Campaña Webinar Marketing,inactive,,,,3500,Diario,0,0,0,En curso,2026-02-11,7 días tras clic o 1 día tras visualización,0,ABSOLUTE_OCPM,2026-05-18T19:06:06-0300,0,,0,0
2026-08-16,2026-08-16,Tienda Nube,inactive,,,,5000,Diario,0,0,0,En curso,2026-01-26,7 días tras clic o 1 día tras visualización,0,ABSOLUTE_OCPM,2026-01-26T09:26:44-0300,0,,0,0
2026-08-16,2026-08-16,Clientes Potenciales GEM,not_delivering,,,,Con el presupuesto de la campaña,0,0,0,0,En curso,2026-01-09,7 días tras clic o 1 día tras visualización,0,ABSOLUTE_OCPM,2026-01-20T16:48:01-0300,0,,0,0
2026-08-16,2026-08-16,Lead Magnet,inactive,,,,4000,Diario,0,0,0,En curso,2025-12-18,7 días tras clic o 1 día tras visualización,0,ABSOLUTE_OCPM,2026-02-12T19:16:29-0300,0,,0,0
2026-08-16,2026-08-16,Conjunto - Similares IG y FB,not_delivering,,,,Con el presupuesto de la campaña,0,0,0,0,En curso,2025-12-04,7 días tras clic o 1 día tras visualización,0,ABSOLUTE_OCPM,2026-06-01T20:45:30-0300,0,,0,0
2026-08-16,2026-08-16,Conjunto - Similares IG y FB,not_delivering,,,,Con el presupuesto de la campaña,0,0,0,0,En curso,2025-12-04,7 días tras clic o 1 día tras visualización,0,ABSOLUTE_OCPM,2026-01-20T16:54:10-0300,0,,0,0
2026-08-16,2026-08-16,3. Publico Mix,not_delivering,,,,4000,Diario,0,0,0,En curso,2025-09-23,7 días tras clic o 1 día tras visualización,0,ABSOLUTE_OCPM,2026-01-09T16:34:51-0300,0,,0,0
2026-08-16,2026-08-16,Reprod. a video,not_delivering,,,,10000,Diario,0,0,0,En curso,2025-09-15,7 días tras clic o 1 día tras visualización,0,ABSOLUTE_OCPM,2026-07-13T10:40:18-0300,0,,0,0
2026-08-16,2026-08-16,Segmentación / interés,not_delivering,,,,6000,Diario,0,0,0,En curso,2025-06-12,1 día tras clic,0,ABSOLUTE_OCPM,2026-06-04T16:15:08-0300,0,,0,0
2026-08-16,2026-08-16,Sitio Web,not_delivering,,,,3000,Diario,0,0,0,En curso,2024-07-11,7 días tras clic o 1 día tras visualización,0,ABSOLUTE_OCPM,2026-03-30T09:15:39-0300,0,,0,0
2026-08-16,2026-08-16,Nuevo conjunto de anuncios de Interacción,not_delivering,,,,1100,Diario,0,0,0,En curso,2024-07-05,7 días tras clic o 1 día tras visualización,0,ABSOLUTE_OCPM,2025-02-11T14:03:26-0300,0,,0,0
2026-08-15,2026-08-15,Conjunto 1 - Frio nacional,active,,,,2000,Diario,0,0,0,En curso,2026-09-02,7 días tras clic o 1 día tras visualización,0,ABSOLUTE_OCPM,2026-09-02T16:13:50-0300,0,,0,0
2026-08-15,2026-08-15,Clases de IA en vivo - Joa y Pri,inactive,,,,5000,Diario,0,0,0,2026-08-13,2026-07-28,7 días tras clic o 1 día tras visualización,0,ABSOLUTE_OCPM,2026-07-30T16:12:18-0300,0,,0,0
2026-08-15,2026-08-15,San Juan- Frio - LAL CRM - Video,active,,,,3000,Diario,0,0,0,En curso,2026-09-02,7 días tras clic o 1 día tras visualización,0,ABSOLUTE_OCPM,2026-09-02T11:42:37-0300,0,,0,0
2026-08-15,2026-08-15,Conversión segmentación similar - Copia,inactive,1,actions:onsite_conversion.messaging_conversation_started_7d,4873.42,5000,Diario,4873.42,3272,3128,En curso,2026-07-27,7 días tras clic o 1 día tras visualización,0,ABSOLUTE_OCPM,2026-07-27T15:50:54-0300,1489.43154,0.611247,0.063939,0.825183
2026-08-15,2026-08-15,Mendoza - Frio - LAL CRM - Video,active,,,,3000,Diario,0,0,0,En curso,2026-09-02,7 días tras clic o 1 día tras visualización,0,ABSOLUTE_OCPM,2026-09-02T10:06:07-0300,0,,0,0
2026-08-15,2026-08-15,Serie Datos e IA,inactive,,,,2500,Diario,2074.16,1092,1053,En curso,2026-07-23,7 días tras clic o 1 día tras visualización,0,ABSOLUTE_OCPM,2026-07-23T10:55:48-0300,1899.413919,0.641026,0.664767,1.739927
2026-08-15,2026-08-15,Entrevista en vivo - Campana Repuestos,inactive,,,,2000,Diario,0,0,0,2026-08-31,2026-08-19,7 días tras clic o 1 día tras visualización,0,ABSOLUTE_OCPM,2026-08-28T15:10:22-0300,0,,0,0
2026-08-15,2026-08-15,Nuevo conjunto de anuncios de Tráfico,active,10,profile_visit_view,286.734,2000,Diario,2867.34,825,811,En curso,2026-07-21,1 día tras clic,0,ABSOLUTE_OCPM,2026-08-27T17:05:50-0300,3475.563636,1.212121,1.233046,2.666667
2026-08-15,2026-08-15,Campaña Presencialidad Neuquen,inactive,,,,4000,Diario,0,0,0,2026-08-30,2026-08-18,7 días tras clic o 1 día tras visualización,0,ABSOLUTE_OCPM,2026-08-27T15:51:09-0300,0,,0,0
2026-08-15,2026-08-15,Campaña Presencialidad Rosario,inactive,,,,4000,Diario,0,0,0,2026-07-27,2026-07-15,7 días tras clic o 1 día tras visualización,0,ABSOLUTE_OCPM,2026-07-22T13:58:17-0300,0,,0,0
2026-08-15,2026-08-15,Guia | Boxer Taller,not_delivering,,,,1600,Diario,2535.15,1540,1426,En curso,2026-08-13,7 días tras clic o 1 día tras visualización,0,ABSOLUTE_OCPM,2026-08-13T14:06:05-0300,1646.201299,0.25974,0.210379,0.714286
2026-08-15,2026-08-15,Campaña Demo Masiva - Luciana - 30JUL,inactive,,,,6000,Diario,0,0,0,2026-07-29,2026-07-15,7 días tras clic o 1 día tras visualización,0,ABSOLUTE_OCPM,2026-07-15T11:38:34-0300,0,,0,0
2026-08-15,2026-08-15,Demo en VIVO Presencial,inactive,,,,1561.28,Diario,528.87,46,43,En curso,2026-08-07,7 días tras clic o 1 día tras visualización,0,ABSOLUTE_OCPM,2026-08-20T17:56:48-0300,11497.173913,2.173913,2.325581,2.173913
2026-08-15,2026-08-15,Error - Conversión segmentación similar,inactive,,,,5000,Diario,0,0,0,En curso,2026-07-13,7 días tras clic o 1 día tras visualización,0,ABSOLUTE_OCPM,0,0,,0,0
2026-08-15,2026-08-15,Campaña Demo Masiva - Santiago - 13 AGO,inactive,,,,6000,Diario,0,0,0,2026-08-12,2026-07-30,7 días tras clic o 1 día tras visualización,0,ABSOLUTE_OCPM,2026-08-05T16:57:39-0300,0,,0,0
2026-08-15,2026-08-15,Remarketing,active,,,,6000,Diario,5521.02,1261,1061,En curso,2026-07-08,7 días tras clic o 1 día tras visualización,0,ABSOLUTE_OCPM,2026-07-13T10:34:29-0300,4378.287074,0.951626,1.131008,1.506741
2026-08-15,2026-08-15,Conversión segmentación similar,active,,,,7000,Diario,6057.07,2024,1912,En curso,2026-07-08,7 días tras clic o 1 día tras visualización,0,ABSOLUTE_OCPM,2026-08-21T17:21:00-0300,2992.623518,1.333992,1.359833,1.679842
2026-08-15,2026-08-15,Redirección al perfil de Instagram - Segmentación manual,active,57,profile_visit_view,41.04859649,2500,Diario,2339.77,3014,3014,En curso,2026-07-08,1 día tras clic,0,ABSOLUTE_OCPM,2026-07-08T11:14:25-0300,776.300597,1.824818,1.824818,1.857996
2026-08-15,2026-08-15,Campaña Demo Masiva - Santiago,not_delivering,,,,6000,Diario,0,0,0,2026-07-16,2026-07-02,7 días tras clic o 1 día tras visualización,0,ABSOLUTE_OCPM,2026-07-02T19:33:11-0300,0,,0,0
2026-08-15,2026-08-15,Campaña Presencialidad Cordoba,inactive,,,,4000,Diario,0,0,0,2026-07-20,2026-07-02,7 días tras clic o 1 día tras visualización,0,ABSOLUTE_OCPM,2026-07-08T11:37:38-0300,0,,0,0
2026-08-15,2026-08-15,After Automechanika,inactive,,,,10000,Diario,0,0,0,En curso,2026-03-31,7 días tras clic o 1 día tras visualización,0,ABSOLUTE_OCPM,2026-04-01T17:37:48-0300,0,,0,0
2026-08-15,2026-08-15,Campaña Presencialidad Adquisicion,inactive,,,,7500,Diario,0,0,0,2026-03-06,2026-02-27,7 días tras clic o 1 día tras visualización,0,ABSOLUTE_OCPM,0,0,,0,0
2026-08-15,2026-08-15,Campaña Webinar Marketing,inactive,,,,3500,Diario,0,0,0,En curso,2026-02-11,7 días tras clic o 1 día tras visualización,0,ABSOLUTE_OCPM,2026-05-18T19:06:06-0300,0,,0,0
2026-08-15,2026-08-15,Tienda Nube,inactive,,,,5000,Diario,0,0,0,En curso,2026-01-26,7 días tras clic o 1 día tras visualización,0,ABSOLUTE_OCPM,2026-01-26T09:26:44-0300,0,,0,0
2026-08-15,2026-08-15,Clientes Potenciales GEM,not_delivering,,,,Con el presupuesto de la campaña,0,0,0,0,En curso,2026-01-09,7 días tras clic o 1 día tras visualización,0,ABSOLUTE_OCPM,2026-01-20T16:48:01-0300,0,,0,0
2026-08-15,2026-08-15,Lead Magnet,inactive,,,,4000,Diario,0,0,0,En curso,2025-12-18,7 días tras clic o 1 día tras visualización,0,ABSOLUTE_OCPM,2026-02-12T19:16:29-0300,0,,0,0
2026-08-15,2026-08-15,Conjunto - Similares IG y FB,not_delivering,,,,Con el presupuesto de la campaña,0,0,0,0,En curso,2025-12-04,7 días tras clic o 1 día tras visualización,0,ABSOLUTE_OCPM,2026-06-01T20:45:30-0300,0,,0,0
2026-08-15,2026-08-15,Conjunto - Similares IG y FB,not_delivering,,,,Con el presupuesto de la campaña,0,0,0,0,En curso,2025-12-04,7 días tras clic o 1 día tras visualización,0,ABSOLUTE_OCPM,2026-01-20T16:54:10-0300,0,,0,0
2026-08-15,2026-08-15,3. Publico Mix,not_delivering,,,,4000,Diario,0,0,0,En curso,2025-09-23,7 días tras clic o 1 día tras visualización,0,ABSOLUTE_OCPM,2026-01-09T16:34:51-0300,0,,0,0
2026-08-15,2026-08-15,Reprod. a video,not_delivering,,,,10000,Diario,0,0,0,En curso,2025-09-15,7 días tras clic o 1 día tras visualización,0,ABSOLUTE_OCPM,2026-07-13T10:40:18-0300,0,,0,0
2026-08-15,2026-08-15,Segmentación / interés,not_delivering,,,,6000,Diario,0,0,0,En curso,2025-06-12,1 día tras clic,0,ABSOLUTE_OCPM,2026-06-04T16:15:08-0300,0,,0,0
2026-08-15,2026-08-15,Sitio Web,not_delivering,,,,3000,Diario,0,0,0,En curso,2024-07-11,7 días tras clic o 1 día tras visualización,0,ABSOLUTE_OCPM,2026-03-30T09:15:39-0300,0,,0,0
2026-08-15,2026-08-15,Nuevo conjunto de anuncios de Interacción,not_delivering,,,,1100,Diario,0,0,0,En curso,2024-07-05,7 días tras clic o 1 día tras visualización,0,ABSOLUTE_OCPM,2025-02-11T14:03:26-0300,0,,0,0
2026-08-14,2026-08-14,Conjunto 1 - Frio nacional,active,,,,2000,Diario,0,0,0,En curso,2026-09-02,7 días tras clic o 1 día tras visualización,0,ABSOLUTE_OCPM,2026-09-02T16:13:50-0300,0,,0,0
2026-08-14,2026-08-14,Clases de IA en vivo - Joa y Pri,inactive,,,,5000,Diario,0,0,0,2026-08-13,2026-07-28,7 días tras clic o 1 día tras visualización,0,ABSOLUTE_OCPM,2026-07-30T16:12:18-0300,0,,0,0
2026-08-14,2026-08-14,San Juan- Frio - LAL CRM - Video,active,,,,3000,Diario,0,0,0,En curso,2026-09-02,7 días tras clic o 1 día tras visualización,0,ABSOLUTE_OCPM,2026-09-02T11:42:37-0300,0,,0,0
2026-08-14,2026-08-14,Conversión segmentación similar - Copia,inactive,4,actions:onsite_conversion.messaging_conversation_started_7d,1140.745,5000,Diario,4562.98,3711,3390,En curso,2026-07-27,7 días tras clic o 1 día tras visualización,0,ABSOLUTE_OCPM,2026-07-27T15:50:54-0300,1229.582323,0.646726,0.147493,0.808407
2026-08-14,2026-08-14,Mendoza - Frio - LAL CRM - Video,active,,,,3000,Diario,0,0,0,En curso,2026-09-02,7 días tras clic o 1 día tras visualización,0,ABSOLUTE_OCPM,2026-09-02T10:06:07-0300,0,,0,0
2026-08-14,2026-08-14,Serie Datos e IA,inactive,,,,2500,Diario,2429.65,1445,1331,En curso,2026-07-23,7 días tras clic o 1 día tras visualización,0,ABSOLUTE_OCPM,2026-07-23T10:55:48-0300,1681.418685,0.484429,0.52592,1.799308
2026-08-14,2026-08-14,Entrevista en vivo - Campana Repuestos,inactive,,,,2000,Diario,0,0,0,2026-08-31,2026-08-19,7 días tras clic o 1 día tras visualización,0,ABSOLUTE_OCPM,2026-08-28T15:10:22-0300,0,,0,0
2026-08-14,2026-08-14,Nuevo conjunto de anuncios de Tráfico,active,4,profile_visit_view,113.965,2000,Diario,455.86,135,135,En curso,2026-07-21,1 día tras clic,0,ABSOLUTE_OCPM,2026-08-27T17:05:50-0300,3376.740741,2.962963,2.962963,2.962963
2026-08-14,2026-08-14,Campaña Presencialidad Neuquen,inactive,,,,4000,Diario,0,0,0,2026-08-30,2026-08-18,7 días tras clic o 1 día tras visualización,0,ABSOLUTE_OCPM,2026-08-27T15:51:09-0300,0,,0,0
2026-08-14,2026-08-14,Campaña Presencialidad Rosario,inactive,,,,4000,Diario,0,0,0,2026-07-27,2026-07-15,7 días tras clic o 1 día tras visualización,0,ABSOLUTE_OCPM,2026-07-22T13:58:17-0300,0,,0,0
2026-08-14,2026-08-14,Guia | Boxer Taller,not_delivering,,,,1600,Diario,717.1,527,510,En curso,2026-08-13,7 días tras clic o 1 día tras visualización,0,ABSOLUTE_OCPM,2026-08-13T14:06:05-0300,1360.721063,0.759013,0.196078,1.897533
2026-08-14,2026-08-14,Campaña Demo Masiva - Luciana - 30JUL,inactive,,,,6000,Diario,0,0,0,2026-07-29,2026-07-15,7 días tras clic o 1 día tras visualización,0,ABSOLUTE_OCPM,2026-07-15T11:38:34-0300,0,,0,0
2026-08-14,2026-08-14,Demo en VIVO Presencial,inactive,,,,1561.28,Diario,1431.65,129,122,En curso,2026-08-07,7 días tras clic o 1 día tras visualización,0,ABSOLUTE_OCPM,2026-08-20T17:56:48-0300,11098.062016,0.775194,0.819672,1.550388
2026-08-14,2026-08-14,Error - Conversión segmentación similar,inactive,,,,5000,Diario,0,0,0,En curso,2026-07-13,7 días tras clic o 1 día tras visualización,0,ABSOLUTE_OCPM,0,0,,0,0
2026-08-14,2026-08-14,Campaña Demo Masiva - Santiago - 13 AGO,inactive,,,,6000,Diario,0,0,0,2026-08-12,2026-07-30,7 días tras clic o 1 día tras visualización,0,ABSOLUTE_OCPM,2026-08-05T16:57:39-0300,0,,0,0
2026-08-14,2026-08-14,Remarketing,active,1,actions:lead,5447.85,6000,Diario,5447.85,1461,1168,En curso,2026-07-08,7 días tras clic o 1 día tras visualización,0,ABSOLUTE_OCPM,2026-07-13T10:34:29-0300,3728.850103,1.505818,1.883562,1.916496
2026-08-14,2026-08-14,Conversión segmentación similar,active,2,actions:lead,3676.415,7000,Diario,7352.83,2582,2249,En curso,2026-07-08,7 días tras clic o 1 día tras visualización,0,ABSOLUTE_OCPM,2026-08-21T17:21:00-0300,2847.726569,1.16189,1.333926,1.471727
2026-08-14,2026-08-14,Redirección al perfil de Instagram - Segmentación manual,active,63,profile_visit_view,33.94936508,2500,Diario,2138.81,2631,2542,En curso,2026-07-08,1 día tras clic,0,ABSOLUTE_OCPM,2026-07-08T11:14:25-0300,812.926644,2.31851,2.360346,2.31851
2026-08-14,2026-08-14,Campaña Demo Masiva - Santiago,not_delivering,,,,6000,Diario,0,0,0,2026-07-16,2026-07-02,7 días tras clic o 1 día tras visualización,0,ABSOLUTE_OCPM,2026-07-02T19:33:11-0300,0,,0,0
2026-08-14,2026-08-14,Campaña Presencialidad Cordoba,inactive,,,,4000,Diario,0,0,0,2026-07-20,2026-07-02,7 días tras clic o 1 día tras visualización,0,ABSOLUTE_OCPM,2026-07-08T11:37:38-0300,0,,0,0
2026-08-14,2026-08-14,After Automechanika,inactive,,,,10000,Diario,0,0,0,En curso,2026-03-31,7 días tras clic o 1 día tras visualización,0,ABSOLUTE_OCPM,2026-04-01T17:37:48-0300,0,,0,0
2026-08-14,2026-08-14,Campaña Presencialidad Adquisicion,inactive,,,,7500,Diario,0,0,0,2026-03-06,2026-02-27,7 días tras clic o 1 día tras visualización,0,ABSOLUTE_OCPM,0,0,,0,0
2026-08-14,2026-08-14,Campaña Webinar Marketing,inactive,,,,3500,Diario,0,0,0,En curso,2026-02-11,7 días tras clic o 1 día tras visualización,0,ABSOLUTE_OCPM,2026-05-18T19:06:06-0300,0,,0,0
2026-08-14,2026-08-14,Tienda Nube,inactive,,,,5000,Diario,0,0,0,En curso,2026-01-26,7 días tras clic o 1 día tras visualización,0,ABSOLUTE_OCPM,2026-01-26T09:26:44-0300,0,,0,0
2026-08-14,2026-08-14,Clientes Potenciales GEM,not_delivering,,,,Con el presupuesto de la campaña,0,0,0,0,En curso,2026-01-09,7 días tras clic o 1 día tras visualización,0,ABSOLUTE_OCPM,2026-01-20T16:48:01-0300,0,,0,0
2026-08-14,2026-08-14,Lead Magnet,inactive,,,,4000,Diario,0,0,0,En curso,2025-12-18,7 días tras clic o 1 día tras visualización,0,ABSOLUTE_OCPM,2026-02-12T19:16:29-0300,0,,0,0
2026-08-14,2026-08-14,Conjunto - Similares IG y FB,not_delivering,,,,Con el presupuesto de la campaña,0,0,0,0,En curso,2025-12-04,7 días tras clic o 1 día tras visualización,0,ABSOLUTE_OCPM,2026-06-01T20:45:30-0300,0,,0,0
2026-08-14,2026-08-14,Conjunto - Similares IG y FB,not_delivering,,,,Con el presupuesto de la campaña,0,0,0,0,En curso,2025-12-04,7 días tras clic o 1 día tras visualización,0,ABSOLUTE_OCPM,2026-01-20T16:54:10-0300,0,,0,0
2026-08-14,2026-08-14,3. Publico Mix,not_delivering,,,,4000,Diario,0,0,0,En curso,2025-09-23,7 días tras clic o 1 día tras visualización,0,ABSOLUTE_OCPM,2026-01-09T16:34:51-0300,0,,0,0
2026-08-14,2026-08-14,Reprod. a video,not_delivering,,,,10000,Diario,0,0,0,En curso,2025-09-15,7 días tras clic o 1 día tras visualización,0,ABSOLUTE_OCPM,2026-07-13T10:40:18-0300,0,,0,0
2026-08-14,2026-08-14,Segmentación / interés,not_delivering,,,,6000,Diario,0,0,0,En curso,2025-06-12,1 día tras clic,0,ABSOLUTE_OCPM,2026-06-04T16:15:08-0300,0,,0,0
2026-08-14,2026-08-14,Sitio Web,not_delivering,,,,3000,Diario,0,0,0,En curso,2024-07-11,7 días tras clic o 1 día tras visualización,0,ABSOLUTE_OCPM,2026-03-30T09:15:39-0300,0,,0,0
2026-08-14,2026-08-14,Nuevo conjunto de anuncios de Interacción,not_delivering,,,,1100,Diario,0,0,0,En curso,2024-07-05,7 días tras clic o 1 día tras visualización,0,ABSOLUTE_OCPM,2025-02-11T14:03:26-0300,0,,0,0
2026-08-13,2026-08-13,Conjunto 1 - Frio nacional,active,,,,2000,Diario,0,0,0,En curso,2026-09-02,7 días tras clic o 1 día tras visualización,0,ABSOLUTE_OCPM,2026-09-02T16:13:50-0300,0,,0,0
2026-08-13,2026-08-13,Clases de IA en vivo - Joa y Pri,inactive,1,actions:lead,1867.65,5000,Diario,1867.65,462,420,2026-08-13,2026-07-28,7 días tras clic o 1 día tras visualización,0,ABSOLUTE_OCPM,2026-07-30T16:12:18-0300,4042.532468,0.865801,0.952381,1.082251
2026-08-13,2026-08-13,San Juan- Frio - LAL CRM - Video,active,,,,3000,Diario,0,0,0,En curso,2026-09-02,7 días tras clic o 1 día tras visualización,0,ABSOLUTE_OCPM,2026-09-02T11:42:37-0300,0,,0,0
2026-08-13,2026-08-13,Conversión segmentación similar - Copia,inactive,2,actions:onsite_conversion.messaging_conversation_started_7d,2266.055,5000,Diario,4532.11,3085,2831,En curso,2026-07-27,7 días tras clic o 1 día tras visualización,0,ABSOLUTE_OCPM,2026-07-27T15:50:54-0300,1469.079417,0.583468,0.070646,0.907618
2026-08-13,2026-08-13,Mendoza - Frio - LAL CRM - Video,active,,,,3000,Diario,0,0,0,En curso,2026-09-02,7 días tras clic o 1 día tras visualización,0,ABSOLUTE_OCPM,2026-09-02T10:06:07-0300,0,,0,0
2026-08-13,2026-08-13,Serie Datos e IA,inactive,2,actions:lead,1336.44,2500,Diario,2672.88,1383,1211,En curso,2026-07-23,7 días tras clic o 1 día tras visualización,0,ABSOLUTE_OCPM,2026-07-23T10:55:48-0300,1932.668113,1.518438,1.651528,2.819957
2026-08-13,2026-08-13,Entrevista en vivo - Campana Repuestos,inactive,,,,2000,Diario,0,0,0,2026-08-31,2026-08-19,7 días tras clic o 1 día tras visualización,0,ABSOLUTE_OCPM,2026-08-28T15:10:22-0300,0,,0,0
2026-08-13,2026-08-13,Nuevo conjunto de anuncios de Tráfico,active,3,profile_visit_view,123.38,2000,Diario,370.14,176,176,En curso,2026-07-21,1 día tras clic,0,ABSOLUTE_OCPM,2026-08-27T17:05:50-0300,2103.068182,1.704545,1.704545,3.409091
2026-08-13,2026-08-13,Campaña Presencialidad Neuquen,inactive,,,,4000,Diario,0,0,0,2026-08-30,2026-08-18,7 días tras clic o 1 día tras visualización,0,ABSOLUTE_OCPM,2026-08-27T15:51:09-0300,0,,0,0
2026-08-13,2026-08-13,Campaña Presencialidad Rosario,inactive,,,,4000,Diario,0,0,0,2026-07-27,2026-07-15,7 días tras clic o 1 día tras visualización,0,ABSOLUTE_OCPM,2026-07-22T13:58:17-0300,0,,0,0
2026-08-13,2026-08-13,Guia | Boxer Taller,not_delivering,,,,1600,Diario,373.62,922,901,En curso,2026-08-13,7 días tras clic o 1 día tras visualización,0,ABSOLUTE_OCPM,2026-08-13T14:06:05-0300,405.227766,0.759219,0,1.518438
2026-08-13,2026-08-13,Campaña Demo Masiva - Luciana - 30JUL,inactive,,,,6000,Diario,0,0,0,2026-07-29,2026-07-15,7 días tras clic o 1 día tras visualización,0,ABSOLUTE_OCPM,2026-07-15T11:38:34-0300,0,,0,0
2026-08-13,2026-08-13,Demo en VIVO Presencial,inactive,,,,1561.28,Diario,1298.18,157,135,En curso,2026-08-07,7 días tras clic o 1 día tras visualización,0,ABSOLUTE_OCPM,2026-08-20T17:56:48-0300,8268.66242,,0,0
2026-08-13,2026-08-13,Error - Conversión segmentación similar,inactive,,,,5000,Diario,0,0,0,En curso,2026-07-13,7 días tras clic o 1 día tras visualización,0,ABSOLUTE_OCPM,0,0,,0,0
2026-08-13,2026-08-13,Campaña Demo Masiva - Santiago - 13 AGO,inactive,,,,6000,Diario,0,0,0,2026-08-12,2026-07-30,7 días tras clic o 1 día tras visualización,0,ABSOLUTE_OCPM,2026-08-05T16:57:39-0300,0,,0,0
2026-08-13,2026-08-13,Remarketing,active,,,,6000,Diario,5293.16,1607,1256,En curso,2026-07-08,7 días tras clic o 1 día tras visualización,0,ABSOLUTE_OCPM,2026-07-13T10:34:29-0300,3293.814561,1.182327,1.512739,1.555694
2026-08-13,2026-08-13,Conversión segmentación similar,active,2,actions:lead,3476.34,7000,Diario,6952.68,2427,2161,En curso,2026-07-08,7 días tras clic o 1 día tras visualización,0,ABSOLUTE_OCPM,2026-08-21T17:21:00-0300,2864.721879,1.112485,1.249422,1.606922
2026-08-13,2026-08-13,Redirección al perfil de Instagram - Segmentación manual,active,56,profile_visit_view,38.72196429,2500,Diario,2168.43,2725,2655,En curso,2026-07-08,1 día tras clic,0,ABSOLUTE_OCPM,2026-07-08T11:14:25-0300,795.754128,1.981651,1.958569,1.944954
2026-08-13,2026-08-13,Campaña Demo Masiva - Santiago,not_delivering,,,,6000,Diario,0,0,0,2026-07-16,2026-07-02,7 días tras clic o 1 día tras visualización,0,ABSOLUTE_OCPM,2026-07-02T19:33:11-0300,0,,0,0
2026-08-13,2026-08-13,Campaña Presencialidad Cordoba,inactive,,,,4000,Diario,0,0,0,2026-07-20,2026-07-02,7 días tras clic o 1 día tras visualización,0,ABSOLUTE_OCPM,2026-07-08T11:37:38-0300,0,,0,0
2026-08-13,2026-08-13,After Automechanika,inactive,,,,10000,Diario,0,0,0,En curso,2026-03-31,7 días tras clic o 1 día tras visualización,0,ABSOLUTE_OCPM,2026-04-01T17:37:48-0300,0,,0,0
2026-08-13,2026-08-13,Campaña Presencialidad Adquisicion,inactive,,,,7500,Diario,0,0,0,2026-03-06,2026-02-27,7 días tras clic o 1 día tras visualización,0,ABSOLUTE_OCPM,0,0,,0,0
2026-08-13,2026-08-13,Campaña Webinar Marketing,inactive,,,,3500,Diario,0,0,0,En curso,2026-02-11,7 días tras clic o 1 día tras visualización,0,ABSOLUTE_OCPM,2026-05-18T19:06:06-0300,0,,0,0
2026-08-13,2026-08-13,Tienda Nube,inactive,,,,5000,Diario,0,0,0,En curso,2026-01-26,7 días tras clic o 1 día tras visualización,0,ABSOLUTE_OCPM,2026-01-26T09:26:44-0300,0,,0,0
2026-08-13,2026-08-13,Clientes Potenciales GEM,not_delivering,,,,Con el presupuesto de la campaña,0,0,0,0,En curso,2026-01-09,7 días tras clic o 1 día tras visualización,0,ABSOLUTE_OCPM,2026-01-20T16:48:01-0300,0,,0,0
2026-08-13,2026-08-13,Lead Magnet,inactive,,,,4000,Diario,0,0,0,En curso,2025-12-18,7 días tras clic o 1 día tras visualización,0,ABSOLUTE_OCPM,2026-02-12T19:16:29-0300,0,,0,0
2026-08-13,2026-08-13,Conjunto - Similares IG y FB,not_delivering,,,,Con el presupuesto de la campaña,0,0,0,0,En curso,2025-12-04,7 días tras clic o 1 día tras visualización,0,ABSOLUTE_OCPM,2026-06-01T20:45:30-0300,0,,0,0
2026-08-13,2026-08-13,Conjunto - Similares IG y FB,not_delivering,,,,Con el presupuesto de la campaña,0,0,0,0,En curso,2025-12-04,7 días tras clic o 1 día tras visualización,0,ABSOLUTE_OCPM,2026-01-20T16:54:10-0300,0,,0,0
2026-08-13,2026-08-13,3. Publico Mix,not_delivering,,,,4000,Diario,0,0,0,En curso,2025-09-23,7 días tras clic o 1 día tras visualización,0,ABSOLUTE_OCPM,2026-01-09T16:34:51-0300,0,,0,0
2026-08-13,2026-08-13,Reprod. a video,not_delivering,,,,10000,Diario,0,0,0,En curso,2025-09-15,7 días tras clic o 1 día tras visualización,0,ABSOLUTE_OCPM,2026-07-13T10:40:18-0300,0,,0,0
2026-08-13,2026-08-13,Segmentación / interés,not_delivering,,,,6000,Diario,0,0,0,En curso,2025-06-12,1 día tras clic,0,ABSOLUTE_OCPM,2026-06-04T16:15:08-0300,0,,0,0
2026-08-13,2026-08-13,Sitio Web,not_delivering,,,,3000,Diario,0,0,0,En curso,2024-07-11,7 días tras clic o 1 día tras visualización,0,ABSOLUTE_OCPM,2026-03-30T09:15:39-0300,0,,0,0
2026-08-13,2026-08-13,Nuevo conjunto de anuncios de Interacción,not_delivering,,,,1100,Diario,0,0,0,En curso,2024-07-05,7 días tras clic o 1 día tras visualización,0,ABSOLUTE_OCPM,2025-02-11T14:03:26-0300,0,,0,0
2026-08-12,2026-08-12,Conjunto 1 - Frio nacional,active,,,,2000,Diario,0,0,0,En curso,2026-09-02,7 días tras clic o 1 día tras visualización,0,ABSOLUTE_OCPM,2026-09-02T16:13:50-0300,0,,0,0
2026-08-12,2026-08-12,Clases de IA en vivo - Joa y Pri,inactive,,,,5000,Diario,3357.21,1098,945,2026-08-13,2026-07-28,7 días tras clic o 1 día tras visualización,0,ABSOLUTE_OCPM,2026-07-30T16:12:18-0300,3057.568306,0.546448,0.634921,0.910747
2026-08-12,2026-08-12,San Juan- Frio - LAL CRM - Video,active,,,,3000,Diario,0,0,0,En curso,2026-09-02,7 días tras clic o 1 día tras visualización,0,ABSOLUTE_OCPM,2026-09-02T11:42:37-0300,0,,0,0
2026-08-12,2026-08-12,Conversión segmentación similar - Copia,inactive,1,actions:onsite_conversion.messaging_conversation_started_7d,4646.51,5000,Diario,4646.51,4053,3798,En curso,2026-07-27,7 días tras clic o 1 día tras visualización,0,ABSOLUTE_OCPM,2026-07-27T15:50:54-0300,1146.437207,0.6415,0.052659,0.789539
2026-08-12,2026-08-12,Mendoza - Frio - LAL CRM - Video,active,,,,3000,Diario,0,0,0,En curso,2026-09-02,7 días tras clic o 1 día tras visualización,0,ABSOLUTE_OCPM,2026-09-02T10:06:07-0300,0,,0,0
2026-08-12,2026-08-12,Serie Datos e IA,inactive,4,actions:lead,618.365,2500,Diario,2473.46,1183,1079,En curso,2026-07-23,7 días tras clic o 1 día tras visualización,0,ABSOLUTE_OCPM,2026-07-23T10:55:48-0300,2090.836855,1.606086,1.76089,3.381234
2026-08-12,2026-08-12,Entrevista en vivo - Campana Repuestos,inactive,,,,2000,Diario,0,0,0,2026-08-31,2026-08-19,7 días tras clic o 1 día tras visualización,0,ABSOLUTE_OCPM,2026-08-28T15:10:22-0300,0,,0,0
2026-08-12,2026-08-12,Nuevo conjunto de anuncios de Tráfico,active,10,profile_visit_view,350,2000,Diario,3500,1228,1200,En curso,2026-07-21,1 día tras clic,0,ABSOLUTE_OCPM,2026-08-27T17:05:50-0300,2850.162866,1.140065,1.166667,1.872964
2026-08-12,2026-08-12,Campaña Presencialidad Neuquen,inactive,,,,4000,Diario,0,0,0,2026-08-30,2026-08-18,7 días tras clic o 1 día tras visualización,0,ABSOLUTE_OCPM,2026-08-27T15:51:09-0300,0,,0,0
2026-08-12,2026-08-12,Campaña Presencialidad Rosario,inactive,,,,4000,Diario,0,0,0,2026-07-27,2026-07-15,7 días tras clic o 1 día tras visualización,0,ABSOLUTE_OCPM,2026-07-22T13:58:17-0300,0,,0,0
2026-08-12,2026-08-12,Guia | Boxer Taller,not_delivering,,,,1600,Diario,0,0,0,En curso,2026-08-13,7 días tras clic o 1 día tras visualización,0,ABSOLUTE_OCPM,2026-08-13T14:06:05-0300,0,,0,0
2026-08-12,2026-08-12,Campaña Demo Masiva - Luciana - 30JUL,inactive,,,,6000,Diario,0,0,0,2026-07-29,2026-07-15,7 días tras clic o 1 día tras visualización,0,ABSOLUTE_OCPM,2026-07-15T11:38:34-0300,0,,0,0
2026-08-12,2026-08-12,Demo en VIVO Presencial,inactive,,,,1561.28,Diario,1419.56,174,139,En curso,2026-08-07,7 días tras clic o 1 día tras visualización,0,ABSOLUTE_OCPM,2026-08-20T17:56:48-0300,8158.390805,1.149425,1.438849,3.448276
2026-08-12,2026-08-12,Error - Conversión segmentación similar,inactive,,,,5000,Diario,0,0,0,En curso,2026-07-13,7 días tras clic o 1 día tras visualización,0,ABSOLUTE_OCPM,0,0,,0,0
2026-08-12,2026-08-12,Campaña Demo Masiva - Santiago - 13 AGO,inactive,,,,6000,Diario,0,0,0,2026-08-12,2026-07-30,7 días tras clic o 1 día tras visualización,0,ABSOLUTE_OCPM,2026-08-05T16:57:39-0300,0,,0,0
2026-08-12,2026-08-12,Remarketing,active,2,actions:lead,2964.45,6000,Diario,5928.9,1530,1203,En curso,2026-07-08,7 días tras clic o 1 día tras visualización,0,ABSOLUTE_OCPM,2026-07-13T10:34:29-0300,3875.098039,1.30719,1.66251,1.699346
2026-08-12,2026-08-12,Conversión segmentación similar,active,1,actions:lead,6787.88,7000,Diario,6787.88,2245,2011,En curso,2026-07-08,7 días tras clic o 1 día tras visualización,0,ABSOLUTE_OCPM,2026-08-21T17:21:00-0300,3023.554566,1.024499,1.14371,1.737194
2026-08-12,2026-08-12,Redirección al perfil de Instagram - Segmentación manual,active,48,profile_visit_view,45.54083333,2500,Diario,2185.96,2942,2928,En curso,2026-07-08,1 día tras clic,0,ABSOLUTE_OCPM,2026-07-08T11:14:25-0300,743.018355,1.699524,1.673497,1.733515
2026-08-12,2026-08-12,Campaña Demo Masiva - Santiago,not_delivering,,,,6000,Diario,0,0,0,2026-07-16,2026-07-02,7 días tras clic o 1 día tras visualización,0,ABSOLUTE_OCPM,2026-07-02T19:33:11-0300,0,,0,0
2026-08-12,2026-08-12,Campaña Presencialidad Cordoba,inactive,,,,4000,Diario,0,0,0,2026-07-20,2026-07-02,7 días tras clic o 1 día tras visualización,0,ABSOLUTE_OCPM,2026-07-08T11:37:38-0300,0,,0,0
2026-08-12,2026-08-12,After Automechanika,inactive,,,,10000,Diario,0,0,0,En curso,2026-03-31,7 días tras clic o 1 día tras visualización,0,ABSOLUTE_OCPM,2026-04-01T17:37:48-0300,0,,0,0
2026-08-12,2026-08-12,Campaña Presencialidad Adquisicion,inactive,,,,7500,Diario,0,0,0,2026-03-06,2026-02-27,7 días tras clic o 1 día tras visualización,0,ABSOLUTE_OCPM,0,0,,0,0
2026-08-12,2026-08-12,Campaña Webinar Marketing,inactive,,,,3500,Diario,0,0,0,En curso,2026-02-11,7 días tras clic o 1 día tras visualización,0,ABSOLUTE_OCPM,2026-05-18T19:06:06-0300,0,,0,0
2026-08-12,2026-08-12,Tienda Nube,inactive,,,,5000,Diario,0,0,0,En curso,2026-01-26,7 días tras clic o 1 día tras visualización,0,ABSOLUTE_OCPM,2026-01-26T09:26:44-0300,0,,0,0
2026-08-12,2026-08-12,Clientes Potenciales GEM,not_delivering,,,,Con el presupuesto de la campaña,0,0,0,0,En curso,2026-01-09,7 días tras clic o 1 día tras visualización,0,ABSOLUTE_OCPM,2026-01-20T16:48:01-0300,0,,0,0
2026-08-12,2026-08-12,Lead Magnet,inactive,,,,4000,Diario,0,0,0,En curso,2025-12-18,7 días tras clic o 1 día tras visualización,0,ABSOLUTE_OCPM,2026-02-12T19:16:29-0300,0,,0,0
2026-08-12,2026-08-12,Conjunto - Similares IG y FB,not_delivering,,,,Con el presupuesto de la campaña,0,0,0,0,En curso,2025-12-04,7 días tras clic o 1 día tras visualización,0,ABSOLUTE_OCPM,2026-06-01T20:45:30-0300,0,,0,0
2026-08-12,2026-08-12,Conjunto - Similares IG y FB,not_delivering,,,,Con el presupuesto de la campaña,0,0,0,0,En curso,2025-12-04,7 días tras clic o 1 día tras visualización,0,ABSOLUTE_OCPM,2026-01-20T16:54:10-0300,0,,0,0
2026-08-12,2026-08-12,3. Publico Mix,not_delivering,,,,4000,Diario,0,0,0,En curso,2025-09-23,7 días tras clic o 1 día tras visualización,0,ABSOLUTE_OCPM,2026-01-09T16:34:51-0300,0,,0,0
2026-08-12,2026-08-12,Reprod. a video,not_delivering,,,,10000,Diario,0,0,0,En curso,2025-09-15,7 días tras clic o 1 día tras visualización,0,ABSOLUTE_OCPM,2026-07-13T10:40:18-0300,0,,0,0
2026-08-12,2026-08-12,Segmentación / interés,not_delivering,,,,6000,Diario,0,0,0,En curso,2025-06-12,1 día tras clic,0,ABSOLUTE_OCPM,2026-06-04T16:15:08-0300,0,,0,0
2026-08-12,2026-08-12,Sitio Web,not_delivering,,,,3000,Diario,0,0,0,En curso,2024-07-11,7 días tras clic o 1 día tras visualización,0,ABSOLUTE_OCPM,2026-03-30T09:15:39-0300,0,,0,0
2026-08-12,2026-08-12,Nuevo conjunto de anuncios de Interacción,not_delivering,,,,1100,Diario,0,0,0,En curso,2024-07-05,7 días tras clic o 1 día tras visualización,0,ABSOLUTE_OCPM,2025-02-11T14:03:26-0300,0,,0,0
2026-08-11,2026-08-11,Conjunto 1 - Frio nacional,active,,,,2000,Diario,0,0,0,En curso,2026-09-02,7 días tras clic o 1 día tras visualización,0,ABSOLUTE_OCPM,2026-09-02T16:13:50-0300,0,,0,0
2026-08-11,2026-08-11,Clases de IA en vivo - Joa y Pri,inactive,1,actions:lead,4827.7,5000,Diario,4827.7,1715,1404,2026-08-13,2026-07-28,7 días tras clic o 1 día tras visualización,0,ABSOLUTE_OCPM,2026-07-30T16:12:18-0300,2814.985423,0.991254,1.210826,1.574344
2026-08-11,2026-08-11,San Juan- Frio - LAL CRM - Video,active,,,,3000,Diario,0,0,0,En curso,2026-09-02,7 días tras clic o 1 día tras visualización,0,ABSOLUTE_OCPM,2026-09-02T11:42:37-0300,0,,0,0
2026-08-11,2026-08-11,Conversión segmentación similar - Copia,inactive,2,actions:onsite_conversion.messaging_conversation_started_7d,2946.865,5000,Diario,5893.73,3275,2391,En curso,2026-07-27,7 días tras clic o 1 día tras visualización,0,ABSOLUTE_OCPM,2026-07-27T15:50:54-0300,1799.612214,0.458015,0.250941,0.885496
2026-08-11,2026-08-11,Mendoza - Frio - LAL CRM - Video,active,,,,3000,Diario,0,0,0,En curso,2026-09-02,7 días tras clic o 1 día tras visualización,0,ABSOLUTE_OCPM,2026-09-02T10:06:07-0300,0,,0,0
2026-08-11,2026-08-11,Serie Datos e IA,inactive,1,actions:lead,2175.03,2500,Diario,2175.03,1200,1063,En curso,2026-07-23,7 días tras clic o 1 día tras visualización,0,ABSOLUTE_OCPM,2026-07-23T10:55:48-0300,1812.525,1.5,1.505174,2.5
2026-08-11,2026-08-11,Entrevista en vivo - Campana Repuestos,inactive,,,,2000,Diario,0,0,0,2026-08-31,2026-08-19,7 días tras clic o 1 día tras visualización,0,ABSOLUTE_OCPM,2026-08-28T15:10:22-0300,0,,0,0
2026-08-11,2026-08-11,Nuevo conjunto de anuncios de Tráfico,active,14,profile_visit_view,250,2000,Diario,3500,1240,1240,En curso,2026-07-21,1 día tras clic,0,ABSOLUTE_OCPM,2026-08-27T17:05:50-0300,2822.580645,1.290323,1.290323,2.741935
2026-08-11,2026-08-11,Campaña Presencialidad Neuquen,inactive,,,,4000,Diario,0,0,0,2026-08-30,2026-08-18,7 días tras clic o 1 día tras visualización,0,ABSOLUTE_OCPM,2026-08-27T15:51:09-0300,0,,0,0
2026-08-11,2026-08-11,Campaña Presencialidad Rosario,inactive,,,,4000,Diario,0,0,0,2026-07-27,2026-07-15,7 días tras clic o 1 día tras visualización,0,ABSOLUTE_OCPM,2026-07-22T13:58:17-0300,0,,0,0
2026-08-11,2026-08-11,Guia | Boxer Taller,not_delivering,,,,1600,Diario,0,0,0,En curso,2026-08-13,7 días tras clic o 1 día tras visualización,0,ABSOLUTE_OCPM,2026-08-13T14:06:05-0300,0,,0,0
2026-08-11,2026-08-11,Campaña Demo Masiva - Luciana - 30JUL,inactive,,,,6000,Diario,0,0,0,2026-07-29,2026-07-15,7 días tras clic o 1 día tras visualización,0,ABSOLUTE_OCPM,2026-07-15T11:38:34-0300,0,,0,0
2026-08-11,2026-08-11,Demo en VIVO Presencial,inactive,,,,1561.28,Diario,1843.62,297,245,En curso,2026-08-07,7 días tras clic o 1 día tras visualización,0,ABSOLUTE_OCPM,2026-08-20T17:56:48-0300,6207.474747,0.673401,0.816327,1.010101
2026-08-11,2026-08-11,Error - Conversión segmentación similar,inactive,,,,5000,Diario,0,0,0,En curso,2026-07-13,7 días tras clic o 1 día tras visualización,0,ABSOLUTE_OCPM,0,0,,0,0
2026-08-11,2026-08-11,Campaña Demo Masiva - Santiago - 13 AGO,inactive,,,,6000,Diario,0,0,0,2026-08-12,2026-07-30,7 días tras clic o 1 día tras visualización,0,ABSOLUTE_OCPM,2026-08-05T16:57:39-0300,0,,0,0
2026-08-11,2026-08-11,Remarketing,active,1,actions:lead,6052.33,6000,Diario,6052.33,1846,1560,En curso,2026-07-08,7 días tras clic o 1 día tras visualización,0,ABSOLUTE_OCPM,2026-07-13T10:34:29-0300,3278.618635,0.975081,1.153846,1.191766
2026-08-11,2026-08-11,Conversión segmentación similar,active,,,,7000,Diario,6942.83,2327,2102,En curso,2026-07-08,7 días tras clic o 1 día tras visualización,0,ABSOLUTE_OCPM,2026-08-21T17:21:00-0300,2983.596906,1.074345,1.189343,1.332187
2026-08-11,2026-08-11,Redirección al perfil de Instagram - Segmentación manual,active,59,profile_visit_view,41.78762712,2500,Diario,2465.47,3506,3379,En curso,2026-07-08,1 día tras clic,0,ABSOLUTE_OCPM,2026-07-08T11:14:25-0300,703.214489,1.654307,1.627701,1.682829
2026-08-11,2026-08-11,Campaña Demo Masiva - Santiago,not_delivering,,,,6000,Diario,0,0,0,2026-07-16,2026-07-02,7 días tras clic o 1 día tras visualización,0,ABSOLUTE_OCPM,2026-07-02T19:33:11-0300,0,,0,0
2026-08-11,2026-08-11,Campaña Presencialidad Cordoba,inactive,,,,4000,Diario,0,0,0,2026-07-20,2026-07-02,7 días tras clic o 1 día tras visualización,0,ABSOLUTE_OCPM,2026-07-08T11:37:38-0300,0,,0,0
2026-08-11,2026-08-11,After Automechanika,inactive,,,,10000,Diario,0,0,0,En curso,2026-03-31,7 días tras clic o 1 día tras visualización,0,ABSOLUTE_OCPM,2026-04-01T17:37:48-0300,0,,0,0
2026-08-11,2026-08-11,Campaña Presencialidad Adquisicion,inactive,,,,7500,Diario,0,0,0,2026-03-06,2026-02-27,7 días tras clic o 1 día tras visualización,0,ABSOLUTE_OCPM,0,0,,0,0
2026-08-11,2026-08-11,Campaña Webinar Marketing,inactive,,,,3500,Diario,0,0,0,En curso,2026-02-11,7 días tras clic o 1 día tras visualización,0,ABSOLUTE_OCPM,2026-05-18T19:06:06-0300,0,,0,0
2026-08-11,2026-08-11,Tienda Nube,inactive,,,,5000,Diario,0,0,0,En curso,2026-01-26,7 días tras clic o 1 día tras visualización,0,ABSOLUTE_OCPM,2026-01-26T09:26:44-0300,0,,0,0
2026-08-11,2026-08-11,Clientes Potenciales GEM,not_delivering,,,,Con el presupuesto de la campaña,0,0,0,0,En curso,2026-01-09,7 días tras clic o 1 día tras visualización,0,ABSOLUTE_OCPM,2026-01-20T16:48:01-0300,0,,0,0
2026-08-11,2026-08-11,Lead Magnet,inactive,,,,4000,Diario,0,0,0,En curso,2025-12-18,7 días tras clic o 1 día tras visualización,0,ABSOLUTE_OCPM,2026-02-12T19:16:29-0300,0,,0,0
2026-08-11,2026-08-11,Conjunto - Similares IG y FB,not_delivering,,,,Con el presupuesto de la campaña,0,0,0,0,En curso,2025-12-04,7 días tras clic o 1 día tras visualización,0,ABSOLUTE_OCPM,2026-06-01T20:45:30-0300,0,,0,0
2026-08-11,2026-08-11,Conjunto - Similares IG y FB,not_delivering,,,,Con el presupuesto de la campaña,0,0,0,0,En curso,2025-12-04,7 días tras clic o 1 día tras visualización,0,ABSOLUTE_OCPM,2026-01-20T16:54:10-0300,0,,0,0
2026-08-11,2026-08-11,3. Publico Mix,not_delivering,,,,4000,Diario,0,0,0,En curso,2025-09-23,7 días tras clic o 1 día tras visualización,0,ABSOLUTE_OCPM,2026-01-09T16:34:51-0300,0,,0,0
2026-08-11,2026-08-11,Reprod. a video,not_delivering,,,,10000,Diario,0,0,0,En curso,2025-09-15,7 días tras clic o 1 día tras visualización,0,ABSOLUTE_OCPM,2026-07-13T10:40:18-0300,0,,0,0
2026-08-11,2026-08-11,Segmentación / interés,not_delivering,,,,6000,Diario,0,0,0,En curso,2025-06-12,1 día tras clic,0,ABSOLUTE_OCPM,2026-06-04T16:15:08-0300,0,,0,0
2026-08-11,2026-08-11,Sitio Web,not_delivering,,,,3000,Diario,0,0,0,En curso,2024-07-11,7 días tras clic o 1 día tras visualización,0,ABSOLUTE_OCPM,2026-03-30T09:15:39-0300,0,,0,0
2026-08-11,2026-08-11,Nuevo conjunto de anuncios de Interacción,not_delivering,,,,1100,Diario,0,0,0,En curso,2024-07-05,7 días tras clic o 1 día tras visualización,0,ABSOLUTE_OCPM,2025-02-11T14:03:26-0300,0,,0,0
2026-08-10,2026-08-10,Conjunto 1 - Frio nacional,active,,,,2000,Diario,0,0,0,En curso,2026-09-02,7 días tras clic o 1 día tras visualización,0,ABSOLUTE_OCPM,2026-09-02T16:13:50-0300,0,,0,0
2026-08-10,2026-08-10,Clases de IA en vivo - Joa y Pri,inactive,7,actions:lead,810.22857143,5000,Diario,5671.6,2278,1842,2026-08-13,2026-07-28,7 días tras clic o 1 día tras visualización,0,ABSOLUTE_OCPM,2026-07-30T16:12:18-0300,2489.727831,0.790167,0.92291,1.66813
2026-08-10,2026-08-10,San Juan- Frio - LAL CRM - Video,active,,,,3000,Diario,0,0,0,En curso,2026-09-02,7 días tras clic o 1 día tras visualización,0,ABSOLUTE_OCPM,2026-09-02T11:42:37-0300,0,,0,0
2026-08-10,2026-08-10,Conversión segmentación similar - Copia,inactive,1,actions:onsite_conversion.messaging_conversation_started_7d,5799.93,5000,Diario,5799.93,3843,3521,En curso,2026-07-27,7 días tras clic o 1 día tras visualización,0,ABSOLUTE_OCPM,2026-07-27T15:50:54-0300,1509.21936,0.468384,0.170406,0.962789
2026-08-10,2026-08-10,Mendoza - Frio - LAL CRM - Video,active,,,,3000,Diario,0,0,0,En curso,2026-09-02,7 días tras clic o 1 día tras visualización,0,ABSOLUTE_OCPM,2026-09-02T10:06:07-0300,0,,0,0
2026-08-10,2026-08-10,Serie Datos e IA,inactive,1,actions:lead,2269.99,2500,Diario,2269.99,1433,1343,En curso,2026-07-23,7 días tras clic o 1 día tras visualización,0,ABSOLUTE_OCPM,2026-07-23T10:55:48-0300,1584.082345,0.837404,0.893522,1.953943
2026-08-10,2026-08-10,Entrevista en vivo - Campana Repuestos,inactive,,,,2000,Diario,0,0,0,2026-08-31,2026-08-19,7 días tras clic o 1 día tras visualización,0,ABSOLUTE_OCPM,2026-08-28T15:10:22-0300,0,,0,0
2026-08-10,2026-08-10,Nuevo conjunto de anuncios de Tráfico,active,,,,2000,Diario,161.99,56,56,En curso,2026-07-21,1 día tras clic,0,ABSOLUTE_OCPM,2026-08-27T17:05:50-0300,2892.678571,,0,0
2026-08-10,2026-08-10,Campaña Presencialidad Neuquen,inactive,,,,4000,Diario,0,0,0,2026-08-30,2026-08-18,7 días tras clic o 1 día tras visualización,0,ABSOLUTE_OCPM,2026-08-27T15:51:09-0300,0,,0,0
2026-08-10,2026-08-10,Campaña Presencialidad Rosario,inactive,,,,4000,Diario,0,0,0,2026-07-27,2026-07-15,7 días tras clic o 1 día tras visualización,0,ABSOLUTE_OCPM,2026-07-22T13:58:17-0300,0,,0,0
2026-08-10,2026-08-10,Guia | Boxer Taller,not_delivering,,,,1600,Diario,0,0,0,En curso,2026-08-13,7 días tras clic o 1 día tras visualización,0,ABSOLUTE_OCPM,2026-08-13T14:06:05-0300,0,,0,0
2026-08-10,2026-08-10,Campaña Demo Masiva - Luciana - 30JUL,inactive,,,,6000,Diario,0,0,0,2026-07-29,2026-07-15,7 días tras clic o 1 día tras visualización,0,ABSOLUTE_OCPM,2026-07-15T11:38:34-0300,0,,0,0
2026-08-10,2026-08-10,Demo en VIVO Presencial,inactive,,,,1561.28,Diario,2055.92,276,223,En curso,2026-08-07,7 días tras clic o 1 día tras visualización,0,ABSOLUTE_OCPM,2026-08-20T17:56:48-0300,7448.985507,1.086957,1.345291,2.173913
2026-08-10,2026-08-10,Error - Conversión segmentación similar,inactive,,,,5000,Diario,0,0,0,En curso,2026-07-13,7 días tras clic o 1 día tras visualización,0,ABSOLUTE_OCPM,0,0,,0,0
2026-08-10,2026-08-10,Campaña Demo Masiva - Santiago - 13 AGO,inactive,,,,6000,Diario,1911.5,584,529,2026-08-12,2026-07-30,7 días tras clic o 1 día tras visualización,0,ABSOLUTE_OCPM,2026-08-05T16:57:39-0300,3273.116438,0.513699,0.567108,0.513699
2026-08-10,2026-08-10,Remarketing,active,1,actions:lead,6571.09,6000,Diario,6571.09,2710,2150,En curso,2026-07-08,7 días tras clic o 1 día tras visualización,0,ABSOLUTE_OCPM,2026-07-13T10:34:29-0300,2424.756458,1.107011,1.209302,1.217712
2026-08-10,2026-08-10,Conversión segmentación similar,active,,,,7000,Diario,6438.85,2347,2051,En curso,2026-07-08,7 días tras clic o 1 día tras visualización,0,ABSOLUTE_OCPM,2026-08-21T17:21:00-0300,2743.438432,0.766937,0.780107,1.150405
2026-08-10,2026-08-10,Redirección al perfil de Instagram - Segmentación manual,active,80,profile_visit_view,36.69875,2500,Diario,2935.9,4283,4261,En curso,2026-07-08,1 día tras clic,0,ABSOLUTE_OCPM,2026-07-08T11:14:25-0300,685.477469,1.891198,1.854025,1.86785
2026-08-10,2026-08-10,Campaña Demo Masiva - Santiago,not_delivering,,,,6000,Diario,0,0,0,2026-07-16,2026-07-02,7 días tras clic o 1 día tras visualización,0,ABSOLUTE_OCPM,2026-07-02T19:33:11-0300,0,,0,0
2026-08-10,2026-08-10,Campaña Presencialidad Cordoba,inactive,,,,4000,Diario,0,0,0,2026-07-20,2026-07-02,7 días tras clic o 1 día tras visualización,0,ABSOLUTE_OCPM,2026-07-08T11:37:38-0300,0,,0,0
2026-08-10,2026-08-10,After Automechanika,inactive,,,,10000,Diario,0,0,0,En curso,2026-03-31,7 días tras clic o 1 día tras visualización,0,ABSOLUTE_OCPM,2026-04-01T17:37:48-0300,0,,0,0
2026-08-10,2026-08-10,Campaña Presencialidad Adquisicion,inactive,,,,7500,Diario,0,0,0,2026-03-06,2026-02-27,7 días tras clic o 1 día tras visualización,0,ABSOLUTE_OCPM,0,0,,0,0
2026-08-10,2026-08-10,Campaña Webinar Marketing,inactive,,,,3500,Diario,0,0,0,En curso,2026-02-11,7 días tras clic o 1 día tras visualización,0,ABSOLUTE_OCPM,2026-05-18T19:06:06-0300,0,,0,0
2026-08-10,2026-08-10,Tienda Nube,inactive,,,,5000,Diario,0,0,0,En curso,2026-01-26,7 días tras clic o 1 día tras visualización,0,ABSOLUTE_OCPM,2026-01-26T09:26:44-0300,0,,0,0
2026-08-10,2026-08-10,Clientes Potenciales GEM,not_delivering,,,,Con el presupuesto de la campaña,0,0,0,0,En curso,2026-01-09,7 días tras clic o 1 día tras visualización,0,ABSOLUTE_OCPM,2026-01-20T16:48:01-0300,0,,0,0
2026-08-10,2026-08-10,Lead Magnet,inactive,,,,4000,Diario,0,0,0,En curso,2025-12-18,7 días tras clic o 1 día tras visualización,0,ABSOLUTE_OCPM,2026-02-12T19:16:29-0300,0,,0,0
2026-08-10,2026-08-10,Conjunto - Similares IG y FB,not_delivering,,,,Con el presupuesto de la campaña,0,0,0,0,En curso,2025-12-04,7 días tras clic o 1 día tras visualización,0,ABSOLUTE_OCPM,2026-06-01T20:45:30-0300,0,,0,0
2026-08-10,2026-08-10,Conjunto - Similares IG y FB,not_delivering,,,,Con el presupuesto de la campaña,0,0,0,0,En curso,2025-12-04,7 días tras clic o 1 día tras visualización,0,ABSOLUTE_OCPM,2026-01-20T16:54:10-0300,0,,0,0
2026-08-10,2026-08-10,3. Publico Mix,not_delivering,,,,4000,Diario,0,0,0,En curso,2025-09-23,7 días tras clic o 1 día tras visualización,0,ABSOLUTE_OCPM,2026-01-09T16:34:51-0300,0,,0,0
2026-08-10,2026-08-10,Reprod. a video,not_delivering,,,,10000,Diario,0,0,0,En curso,2025-09-15,7 días tras clic o 1 día tras visualización,0,ABSOLUTE_OCPM,2026-07-13T10:40:18-0300,0,,0,0
2026-08-10,2026-08-10,Segmentación / interés,not_delivering,,,,6000,Diario,0,0,0,En curso,2025-06-12,1 día tras clic,0,ABSOLUTE_OCPM,2026-06-04T16:15:08-0300,0,,0,0
2026-08-10,2026-08-10,Sitio Web,not_delivering,,,,3000,Diario,0,0,0,En curso,2024-07-11,7 días tras clic o 1 día tras visualización,0,ABSOLUTE_OCPM,2026-03-30T09:15:39-0300,0,,0,0
2026-08-10,2026-08-10,Nuevo conjunto de anuncios de Interacción,not_delivering,,,,1100,Diario,0,0,0,En curso,2024-07-05,7 días tras clic o 1 día tras visualización,0,ABSOLUTE_OCPM,2025-02-11T14:03:26-0300,0,,0,0
