"Inicio del informe","Fin del informe","Nombre del anuncio","Entrega del anuncio",Resultados,"Indicador de resultado","Costo por resultados","Presupuesto del conjunto de anuncios","Tipo de presupuesto del conjunto de anuncios","Importe gastado (ARS)",Impresiones,Alcance,Finalización,"Configuración de atribución",Puja,"Tipo de puja","Último cambio significativo","Clasificación de calidad","Clasificación del porcentaje de interacción","Clasificación del porcentaje de conversiones","Nombre del conjunto de anuncios","CPM (costo por mil impresiones) (ARS)","CTR (porcentaje de clics en el enlace)","CTR único (porcentaje de clics en el enlace)","CTR (todos)"
2026-09-09,2026-09-09,"Como tener 2 novias",active,18,profile_visit_view,50.72333333,2500,Diario,913.02,1146,1145,"En curso","1 día tras clic",0,ABSOLUTE_OCPM,2026-07-08T11:14:25-0300,-,-,-,"Redirección al perfil de Instagram - Segmentación manual",796.701571,1.570681,1.572052,1.570681
2026-09-09,2026-09-09,"Oferta | Img | Remarketing | v1 | 2026-09",active,1,actions:lead,2528.83,5000,Diario,2528.83,379,293,"En curso","7 días tras clic o 1 día tras visualización",0,ABSOLUTE_OCPM,2026-09-09T16:25:13-0300,-,-,-,Remarketing,6672.37467,0.791557,1.023891,1.846966
2026-09-09,2026-09-09,"Awareness - Meme 2 novias",archived,7,profile_visit_view,41.09857143,2500,Diario,287.69,398,398,"En curso","1 día tras clic",0,ABSOLUTE_OCPM,2026-07-08T11:14:25-0300,-,-,-,"Redirección al perfil de Instagram - Segmentación manual",722.839196,1.758794,1.758794,1.758794
2026-09-09,2026-09-09,"Placa fija",active,,,,2000,Diario,1293.5,296,246,2026-09-16,"7 días tras clic o 1 día tras visualización",0,ABSOLUTE_OCPM,2026-09-10T09:58:39-0300,-,-,-,"Conjunto 1 - Frio nacional",4369.932432,0.675676,0.406504,1.351351
2026-09-09,2026-09-09,"Video Lu - San Juan",active,2,actions:lead,1642.27,3000,Diario,3284.54,605,508,"En curso","7 días tras clic o 1 día tras visualización",0,ABSOLUTE_OCPM,2026-09-02T11:42:37-0300,-,-,-,"San Juan- Frio - LAL CRM - Video",5428.991736,1.157025,1.377953,2.31405
2026-09-09,2026-09-09,"Video Lu - Mendoza",active,,,,3000,Diario,2803.61,519,440,"En curso","7 días tras clic o 1 día tras visualización",0,ABSOLUTE_OCPM,2026-09-02T10:06:07-0300,-,-,-,"Mendoza - Frio - LAL CRM - Video",5401.94605,0.578035,0.681818,1.541426
2026-09-09,2026-09-09,Carrousel,not_delivering,,,,2000,Diario,0,0,0,2026-08-31,"7 días tras clic o 1 día tras visualización",0,ABSOLUTE_OCPM,2026-08-28T15:10:22-0300,-,-,-,"Entrevista en vivo - Campana Repuestos",0,,0,0
2026-09-09,2026-09-09,"Placa fija",not_delivering,,,,2000,Diario,0,0,0,2026-08-31,"7 días tras clic o 1 día tras visualización",0,ABSOLUTE_OCPM,2026-08-28T15:10:22-0300,-,-,-,"Entrevista en vivo - Campana Repuestos",0,,0,0
2026-09-09,2026-09-09,"Presencialidad Neuquen - Fija",not_delivering,,,,4000,Diario,0,0,0,2026-08-30,"7 días tras clic o 1 día tras visualización",0,ABSOLUTE_OCPM,2026-08-27T15:51:09-0300,-,-,-,"Campaña Presencialidad Neuquen",0,,0,0
2026-09-09,2026-09-09,"Placa fija - Copia",not_delivering,,,,1561.28,Diario,0,0,0,"En curso","7 días tras clic o 1 día tras visualización",0,ABSOLUTE_OCPM,2026-08-20T17:56:48-0300,-,-,-,"Demo en VIVO Presencial",0,,0,0
2026-09-09,2026-09-09,"Post de Instagram",not_delivering,,,,1600,Diario,0,0,0,"En curso","7 días tras clic o 1 día tras visualización",0,ABSOLUTE_OCPM,2026-08-13T14:06:05-0300,-,-,-,"Guia | Boxer Taller",0,,0,0
2026-09-09,2026-09-09,"Placa fija",inactive,,,,1561.28,Diario,0,0,0,"En curso","7 días tras clic o 1 día tras visualización",0,ABSOLUTE_OCPM,2026-08-20T17:56:48-0300,-,-,-,"Demo en VIVO Presencial",0,,0,0
2026-09-09,2026-09-09,"Video Pri",not_delivering,,,,5000,Diario,0,0,0,2026-08-13,"7 días tras clic o 1 día tras visualización",0,ABSOLUTE_OCPM,2026-07-30T16:12:18-0300,-,-,-,"Clases de IA en vivo - Joa y Pri",0,,0,0
2026-09-09,2026-09-09,"Placa fija",not_delivering,,,,5000,Diario,0,0,0,2026-08-13,"7 días tras clic o 1 día tras visualización",0,ABSOLUTE_OCPM,2026-07-30T16:12:18-0300,-,-,-,"Clases de IA en vivo - Joa y Pri",0,,0,0
2026-09-09,2026-09-09,"Video Lu - Actualización de precios y stock - Copia",inactive,,,,5000,Diario,0,0,0,"En curso","7 días tras clic o 1 día tras visualización",0,ABSOLUTE_OCPM,2026-07-27T15:50:54-0300,-,-,-,"Conversión segmentación similar - Copia",0,,0,0
2026-09-09,2026-09-09,"Video Lu",inactive,,,,2000,Diario,0,0,0,"En curso","1 día tras clic",0,ABSOLUTE_OCPM,2026-08-27T17:05:50-0300,-,-,-,"Nuevo conjunto de anuncios de Tráfico",0,,0,0
2026-09-09,2026-09-09,"Placa fija 1",not_delivering,,,,2500,Diario,0,0,0,"En curso","7 días tras clic o 1 día tras visualización",0,ABSOLUTE_OCPM,2026-07-23T10:55:48-0300,-,-,-,"Serie Datos e IA",0,,0,0
2026-09-09,2026-09-09,"Carrousel de Tips",active,72,profile_visit_view,29.25791667,2000,Diario,2106.57,2940,2635,"En curso","1 día tras clic",0,ABSOLUTE_OCPM,2026-08-27T17:05:50-0300,-,-,-,"Nuevo conjunto de anuncios de Tráfico",716.520408,2.44898,2.694497,2.44898
2026-09-09,2026-09-09,"Conocimiento - Funcionalidad - Precios y proveedores",active,,,,2500,Diario,0.37,1,1,"En curso","1 día tras clic",0,ABSOLUTE_OCPM,2026-07-08T11:14:25-0300,-,-,-,"Redirección al perfil de Instagram - Segmentación manual",370,,0,0
2026-09-09,2026-09-09,"Remarketing - Casos de éxito - JUL26",active,1,actions:lead,4527.87,5000,Diario,4527.87,879,741,"En curso","7 días tras clic o 1 día tras visualización",0,ABSOLUTE_OCPM,2026-09-09T16:25:13-0300,-,-,-,Remarketing,5151.16041,0.568828,0.674764,0.79636
2026-09-09,2026-09-09,"Video Lu - Actualización de precios y stock",active,1,actions:lead,7536.29,7000,Diario,7536.29,1337,1216,"En curso","7 días tras clic o 1 día tras visualización",0,ABSOLUTE_OCPM,2026-08-21T17:21:00-0300,-,-,-,"Conversión segmentación similar",5636.71653,1.720269,1.726974,2.393418
2026-09-09,2026-09-09,"Conocimiento - Estado del rubro",active,23,profile_visit_view,35.19347826,2500,Diario,809.45,910,893,"En curso","1 día tras clic",0,ABSOLUTE_OCPM,2026-07-08T11:14:25-0300,-,-,-,"Redirección al perfil de Instagram - Segmentación manual",889.505495,2.857143,2.575588,2.967033
2026-09-08,2026-09-08,"Como tener 2 novias",active,,,,2500,Diario,0,0,0,"En curso","1 día tras clic",0,ABSOLUTE_OCPM,2026-07-08T11:14:25-0300,-,-,-,"Redirección al perfil de Instagram - Segmentación manual",0,,0,0
2026-09-08,2026-09-08,"Oferta | Img | Remarketing | v1 | 2026-09",active,,,,5000,Diario,0,0,0,"En curso","7 días tras clic o 1 día tras visualización",0,ABSOLUTE_OCPM,2026-09-09T16:25:13-0300,-,-,-,Remarketing,0,,0,0
2026-09-08,2026-09-08,"Awareness - Meme 2 novias",archived,,,,2500,Diario,0,0,0,"En curso","1 día tras clic",0,ABSOLUTE_OCPM,2026-07-08T11:14:25-0300,-,-,-,"Redirección al perfil de Instagram - Segmentación manual",0,,0,0
2026-09-08,2026-09-08,"Placa fija",active,,,,2000,Diario,1985.31,440,374,2026-09-16,"7 días tras clic o 1 día tras visualización",0,ABSOLUTE_OCPM,2026-09-10T09:58:39-0300,-,-,-,"Conjunto 1 - Frio nacional",4512.068182,,0,0.454545
2026-09-08,2026-09-08,"Video Lu - San Juan",active,1,actions:lead,2760.3,3000,Diario,2760.3,588,493,"En curso","7 días tras clic o 1 día tras visualización",0,ABSOLUTE_OCPM,2026-09-02T11:42:37-0300,-,-,-,"San Juan- Frio - LAL CRM - Video",4694.387755,1.020408,1.217039,1.530612
2026-09-08,2026-09-08,"Video Lu - Mendoza",active,,,,3000,Diario,3381.03,764,654,"En curso","7 días tras clic o 1 día tras visualización",0,ABSOLUTE_OCPM,2026-09-02T10:06:07-0300,-,-,-,"Mendoza - Frio - LAL CRM - Video",4425.431937,0.52356,0.611621,1.701571
2026-09-08,2026-09-08,Carrousel,not_delivering,,,,2000,Diario,0,0,0,2026-08-31,"7 días tras clic o 1 día tras visualización",0,ABSOLUTE_OCPM,2026-08-28T15:10:22-0300,-,-,-,"Entrevista en vivo - Campana Repuestos",0,,0,0
2026-09-08,2026-09-08,"Placa fija",not_delivering,,,,2000,Diario,0,0,0,2026-08-31,"7 días tras clic o 1 día tras visualización",0,ABSOLUTE_OCPM,2026-08-28T15:10:22-0300,-,-,-,"Entrevista en vivo - Campana Repuestos",0,,0,0
2026-09-08,2026-09-08,"Presencialidad Neuquen - Fija",not_delivering,,,,4000,Diario,0,0,0,2026-08-30,"7 días tras clic o 1 día tras visualización",0,ABSOLUTE_OCPM,2026-08-27T15:51:09-0300,-,-,-,"Campaña Presencialidad Neuquen",0,,0,0
2026-09-08,2026-09-08,"Placa fija - Copia",not_delivering,,,,1561.28,Diario,0,0,0,"En curso","7 días tras clic o 1 día tras visualización",0,ABSOLUTE_OCPM,2026-08-20T17:56:48-0300,-,-,-,"Demo en VIVO Presencial",0,,0,0
2026-09-08,2026-09-08,"Post de Instagram",not_delivering,,,,1600,Diario,0,0,0,"En curso","7 días tras clic o 1 día tras visualización",0,ABSOLUTE_OCPM,2026-08-13T14:06:05-0300,-,-,-,"Guia | Boxer Taller",0,,0,0
2026-09-08,2026-09-08,"Placa fija",inactive,,,,1561.28,Diario,0,0,0,"En curso","7 días tras clic o 1 día tras visualización",0,ABSOLUTE_OCPM,2026-08-20T17:56:48-0300,-,-,-,"Demo en VIVO Presencial",0,,0,0
2026-09-08,2026-09-08,"Video Pri",not_delivering,,,,5000,Diario,0,0,0,2026-08-13,"7 días tras clic o 1 día tras visualización",0,ABSOLUTE_OCPM,2026-07-30T16:12:18-0300,-,-,-,"Clases de IA en vivo - Joa y Pri",0,,0,0
2026-09-08,2026-09-08,"Placa fija",not_delivering,,,,5000,Diario,0,0,0,2026-08-13,"7 días tras clic o 1 día tras visualización",0,ABSOLUTE_OCPM,2026-07-30T16:12:18-0300,-,-,-,"Clases de IA en vivo - Joa y Pri",0,,0,0
2026-09-08,2026-09-08,"Video Lu - Actualización de precios y stock - Copia",inactive,,,,5000,Diario,0,0,0,"En curso","7 días tras clic o 1 día tras visualización",0,ABSOLUTE_OCPM,2026-07-27T15:50:54-0300,-,-,-,"Conversión segmentación similar - Copia",0,,0,0
2026-09-08,2026-09-08,"Video Lu",inactive,,,,2000,Diario,0,0,0,"En curso","1 día tras clic",0,ABSOLUTE_OCPM,2026-08-27T17:05:50-0300,-,-,-,"Nuevo conjunto de anuncios de Tráfico",0,,0,0
2026-09-08,2026-09-08,"Placa fija 1",not_delivering,,,,2500,Diario,0,0,0,"En curso","7 días tras clic o 1 día tras visualización",0,ABSOLUTE_OCPM,2026-07-23T10:55:48-0300,-,-,-,"Serie Datos e IA",0,,0,0
2026-09-08,2026-09-08,"Carrousel de Tips",active,54,profile_visit_view,41.00037037,2000,Diario,2214.02,2642,2410,"En curso","1 día tras clic",0,ABSOLUTE_OCPM,2026-08-27T17:05:50-0300,-,-,-,"Nuevo conjunto de anuncios de Tráfico",838.009084,2.043906,2.240664,2.081756
2026-09-08,2026-09-08,"Conocimiento - Funcionalidad - Precios y proveedores",active,,,,2500,Diario,0,0,0,"En curso","1 día tras clic",0,ABSOLUTE_OCPM,2026-07-08T11:14:25-0300,-,-,-,"Redirección al perfil de Instagram - Segmentación manual",0,,0,0
2026-09-08,2026-09-08,"Remarketing - Casos de éxito - JUL26",active,2,actions:lead,2703.77,5000,Diario,5407.54,1530,1223,"En curso","7 días tras clic o 1 día tras visualización",0,ABSOLUTE_OCPM,2026-09-09T16:25:13-0300,-,-,-,Remarketing,3534.339869,0.588235,0.735895,0.980392
2026-09-08,2026-09-08,"Video Lu - Actualización de precios y stock",active,1,actions:lead,6622.7,7000,Diario,6622.7,1174,1066,"En curso","7 días tras clic o 1 día tras visualización",0,ABSOLUTE_OCPM,2026-08-21T17:21:00-0300,-,-,-,"Conversión segmentación similar",5641.141397,1.618399,1.782364,2.555366
2026-09-08,2026-09-08,"Conocimiento - Estado del rubro",active,64,profile_visit_view,37.78203125,2500,Diario,2418.05,2807,2730,"En curso","1 día tras clic",0,ABSOLUTE_OCPM,2026-07-08T11:14:25-0300,-,-,-,"Redirección al perfil de Instagram - Segmentación manual",861.435696,2.422515,2.307692,2.315639
2026-09-07,2026-09-07,"Como tener 2 novias",active,,,,2500,Diario,0,0,0,"En curso","1 día tras clic",0,ABSOLUTE_OCPM,2026-07-08T11:14:25-0300,-,-,-,"Redirección al perfil de Instagram - Segmentación manual",0,,0,0
2026-09-07,2026-09-07,"Oferta | Img | Remarketing | v1 | 2026-09",active,,,,5000,Diario,0,0,0,"En curso","7 días tras clic o 1 día tras visualización",0,ABSOLUTE_OCPM,2026-09-09T16:25:13-0300,-,-,-,Remarketing,0,,0,0
2026-09-07,2026-09-07,"Awareness - Meme 2 novias",archived,,,,2500,Diario,0,0,0,"En curso","1 día tras clic",0,ABSOLUTE_OCPM,2026-07-08T11:14:25-0300,-,-,-,"Redirección al perfil de Instagram - Segmentación manual",0,,0,0
2026-09-07,2026-09-07,"Placa fija",active,1,actions:lead,1862.18,2000,Diario,1862.18,392,324,2026-09-16,"7 días tras clic o 1 día tras visualización",0,ABSOLUTE_OCPM,2026-09-10T09:58:39-0300,-,-,-,"Conjunto 1 - Frio nacional",4750.459184,0.510204,0.617284,0.510204
2026-09-07,2026-09-07,"Video Lu - San Juan",active,1,actions:lead,3600.64,3000,Diario,3600.64,589,503,"En curso","7 días tras clic o 1 día tras visualización",0,ABSOLUTE_OCPM,2026-09-02T11:42:37-0300,-,-,-,"San Juan- Frio - LAL CRM - Video",6113.140917,1.358234,1.590457,3.056027
2026-09-07,2026-09-07,"Video Lu - Mendoza",active,3,actions:lead,1182.55666667,3000,Diario,3547.67,702,552,"En curso","7 días tras clic o 1 día tras visualización",0,ABSOLUTE_OCPM,2026-09-02T10:06:07-0300,-,-,-,"Mendoza - Frio - LAL CRM - Video",5053.660969,1.139601,1.449275,2.706553
2026-09-07,2026-09-07,Carrousel,not_delivering,,,,2000,Diario,0,0,0,2026-08-31,"7 días tras clic o 1 día tras visualización",0,ABSOLUTE_OCPM,2026-08-28T15:10:22-0300,-,-,-,"Entrevista en vivo - Campana Repuestos",0,,0,0
2026-09-07,2026-09-07,"Placa fija",not_delivering,,,,2000,Diario,0,0,0,2026-08-31,"7 días tras clic o 1 día tras visualización",0,ABSOLUTE_OCPM,2026-08-28T15:10:22-0300,-,-,-,"Entrevista en vivo - Campana Repuestos",0,,0,0
2026-09-07,2026-09-07,"Presencialidad Neuquen - Fija",not_delivering,,,,4000,Diario,0,0,0,2026-08-30,"7 días tras clic o 1 día tras visualización",0,ABSOLUTE_OCPM,2026-08-27T15:51:09-0300,-,-,-,"Campaña Presencialidad Neuquen",0,,0,0
2026-09-07,2026-09-07,"Placa fija - Copia",not_delivering,,,,1561.28,Diario,0,0,0,"En curso","7 días tras clic o 1 día tras visualización",0,ABSOLUTE_OCPM,2026-08-20T17:56:48-0300,-,-,-,"Demo en VIVO Presencial",0,,0,0
2026-09-07,2026-09-07,"Post de Instagram",not_delivering,,,,1600,Diario,0,0,0,"En curso","7 días tras clic o 1 día tras visualización",0,ABSOLUTE_OCPM,2026-08-13T14:06:05-0300,-,-,-,"Guia | Boxer Taller",0,,0,0
2026-09-07,2026-09-07,"Placa fija",inactive,,,,1561.28,Diario,0,0,0,"En curso","7 días tras clic o 1 día tras visualización",0,ABSOLUTE_OCPM,2026-08-20T17:56:48-0300,-,-,-,"Demo en VIVO Presencial",0,,0,0
2026-09-07,2026-09-07,"Video Pri",not_delivering,,,,5000,Diario,0,0,0,2026-08-13,"7 días tras clic o 1 día tras visualización",0,ABSOLUTE_OCPM,2026-07-30T16:12:18-0300,-,-,-,"Clases de IA en vivo - Joa y Pri",0,,0,0
2026-09-07,2026-09-07,"Placa fija",not_delivering,,,,5000,Diario,0,0,0,2026-08-13,"7 días tras clic o 1 día tras visualización",0,ABSOLUTE_OCPM,2026-07-30T16:12:18-0300,-,-,-,"Clases de IA en vivo - Joa y Pri",0,,0,0
2026-09-07,2026-09-07,"Video Lu - Actualización de precios y stock - Copia",inactive,,,,5000,Diario,0,0,0,"En curso","7 días tras clic o 1 día tras visualización",0,ABSOLUTE_OCPM,2026-07-27T15:50:54-0300,-,-,-,"Conversión segmentación similar - Copia",0,,0,0
2026-09-07,2026-09-07,"Video Lu",inactive,,,,2000,Diario,0,0,0,"En curso","1 día tras clic",0,ABSOLUTE_OCPM,2026-08-27T17:05:50-0300,-,-,-,"Nuevo conjunto de anuncios de Tráfico",0,,0,0
2026-09-07,2026-09-07,"Placa fija 1",not_delivering,,,,2500,Diario,0,0,0,"En curso","7 días tras clic o 1 día tras visualización",0,ABSOLUTE_OCPM,2026-07-23T10:55:48-0300,-,-,-,"Serie Datos e IA",0,,0,0
2026-09-07,2026-09-07,"Carrousel de Tips",active,40,profile_visit_view,40.76475,2000,Diario,1630.59,2123,1860,"En curso","1 día tras clic",0,ABSOLUTE_OCPM,2026-08-27T17:05:50-0300,-,-,-,"Nuevo conjunto de anuncios de Tráfico",768.05935,1.884126,2.043011,1.884126
2026-09-07,2026-09-07,"Conocimiento - Funcionalidad - Precios y proveedores",active,,,,2500,Diario,0,0,0,"En curso","1 día tras clic",0,ABSOLUTE_OCPM,2026-07-08T11:14:25-0300,-,-,-,"Redirección al perfil de Instagram - Segmentación manual",0,,0,0
2026-09-07,2026-09-07,"Remarketing - Casos de éxito - JUL26",active,,,,5000,Diario,5535.07,1496,1218,"En curso","7 días tras clic o 1 día tras visualización",0,ABSOLUTE_OCPM,2026-09-09T16:25:13-0300,-,-,-,Remarketing,3699.913102,1.002674,1.231527,1.671123
2026-09-07,2026-09-07,"Video Lu - Actualización de precios y stock",active,1,actions:lead,6256.37,7000,Diario,6256.37,1400,1292,"En curso","7 días tras clic o 1 día tras visualización",0,ABSOLUTE_OCPM,2026-08-21T17:21:00-0300,Promedio,-,-,"Conversión segmentación similar",4468.835714,1.071429,1.160991,1.857143
2026-09-07,2026-09-07,"Conocimiento - Estado del rubro",active,69,profile_visit_view,33.38797101,2500,Diario,2303.77,3008,3008,"En curso","1 día tras clic",0,ABSOLUTE_OCPM,2026-07-08T11:14:25-0300,Promedio,-,-,"Redirección al perfil de Instagram - Segmentación manual",765.880984,2.360372,2.327128,2.360372
2026-09-06,2026-09-06,"Como tener 2 novias",active,,,,2500,Diario,0,0,0,"En curso","1 día tras clic",0,ABSOLUTE_OCPM,2026-07-08T11:14:25-0300,-,-,-,"Redirección al perfil de Instagram - Segmentación manual",0,,0,0
2026-09-06,2026-09-06,"Oferta | Img | Remarketing | v1 | 2026-09",active,,,,5000,Diario,0,0,0,"En curso","7 días tras clic o 1 día tras visualización",0,ABSOLUTE_OCPM,2026-09-09T16:25:13-0300,-,-,-,Remarketing,0,,0,0
2026-09-06,2026-09-06,"Awareness - Meme 2 novias",archived,,,,2500,Diario,0,0,0,"En curso","1 día tras clic",0,ABSOLUTE_OCPM,2026-07-08T11:14:25-0300,-,-,-,"Redirección al perfil de Instagram - Segmentación manual",0,,0,0
2026-09-06,2026-09-06,"Placa fija",active,,,,2000,Diario,2562.32,574,463,2026-09-16,"7 días tras clic o 1 día tras visualización",0,ABSOLUTE_OCPM,2026-09-10T09:58:39-0300,-,-,-,"Conjunto 1 - Frio nacional",4463.972125,0.522648,0.647948,1.045296
2026-09-06,2026-09-06,"Video Lu - San Juan",active,,,,3000,Diario,2764.27,621,502,"En curso","7 días tras clic o 1 día tras visualización",0,ABSOLUTE_OCPM,2026-09-02T11:42:37-0300,-,-,-,"San Juan- Frio - LAL CRM - Video",4451.320451,0.322061,0.398406,0.644122
2026-09-06,2026-09-06,"Video Lu - Mendoza",active,,,,3000,Diario,2656.59,483,414,"En curso","7 días tras clic o 1 día tras visualización",0,ABSOLUTE_OCPM,2026-09-02T10:06:07-0300,-,-,-,"Mendoza - Frio - LAL CRM - Video",5500.186335,1.035197,1.207729,2.277433
2026-09-06,2026-09-06,Carrousel,not_delivering,,,,2000,Diario,0,0,0,2026-08-31,"7 días tras clic o 1 día tras visualización",0,ABSOLUTE_OCPM,2026-08-28T15:10:22-0300,-,-,-,"Entrevista en vivo - Campana Repuestos",0,,0,0
2026-09-06,2026-09-06,"Placa fija",not_delivering,,,,2000,Diario,0,0,0,2026-08-31,"7 días tras clic o 1 día tras visualización",0,ABSOLUTE_OCPM,2026-08-28T15:10:22-0300,-,-,-,"Entrevista en vivo - Campana Repuestos",0,,0,0
2026-09-06,2026-09-06,"Presencialidad Neuquen - Fija",not_delivering,,,,4000,Diario,0,0,0,2026-08-30,"7 días tras clic o 1 día tras visualización",0,ABSOLUTE_OCPM,2026-08-27T15:51:09-0300,-,-,-,"Campaña Presencialidad Neuquen",0,,0,0
2026-09-06,2026-09-06,"Placa fija - Copia",not_delivering,,,,1561.28,Diario,0,0,0,"En curso","7 días tras clic o 1 día tras visualización",0,ABSOLUTE_OCPM,2026-08-20T17:56:48-0300,-,-,-,"Demo en VIVO Presencial",0,,0,0
2026-09-06,2026-09-06,"Post de Instagram",not_delivering,,,,1600,Diario,0,0,0,"En curso","7 días tras clic o 1 día tras visualización",0,ABSOLUTE_OCPM,2026-08-13T14:06:05-0300,-,-,-,"Guia | Boxer Taller",0,,0,0
2026-09-06,2026-09-06,"Placa fija",inactive,,,,1561.28,Diario,0,0,0,"En curso","7 días tras clic o 1 día tras visualización",0,ABSOLUTE_OCPM,2026-08-20T17:56:48-0300,-,-,-,"Demo en VIVO Presencial",0,,0,0
2026-09-06,2026-09-06,"Video Pri",not_delivering,,,,5000,Diario,0,0,0,2026-08-13,"7 días tras clic o 1 día tras visualización",0,ABSOLUTE_OCPM,2026-07-30T16:12:18-0300,-,-,-,"Clases de IA en vivo - Joa y Pri",0,,0,0
2026-09-06,2026-09-06,"Placa fija",not_delivering,,,,5000,Diario,0,0,0,2026-08-13,"7 días tras clic o 1 día tras visualización",0,ABSOLUTE_OCPM,2026-07-30T16:12:18-0300,-,-,-,"Clases de IA en vivo - Joa y Pri",0,,0,0
2026-09-06,2026-09-06,"Video Lu - Actualización de precios y stock - Copia",inactive,,,,5000,Diario,0,0,0,"En curso","7 días tras clic o 1 día tras visualización",0,ABSOLUTE_OCPM,2026-07-27T15:50:54-0300,-,-,-,"Conversión segmentación similar - Copia",0,,0,0
2026-09-06,2026-09-06,"Video Lu",inactive,,,,2000,Diario,0,0,0,"En curso","1 día tras clic",0,ABSOLUTE_OCPM,2026-08-27T17:05:50-0300,-,-,-,"Nuevo conjunto de anuncios de Tráfico",0,,0,0
2026-09-06,2026-09-06,"Placa fija 1",not_delivering,,,,2500,Diario,0,0,0,"En curso","7 días tras clic o 1 día tras visualización",0,ABSOLUTE_OCPM,2026-07-23T10:55:48-0300,-,-,-,"Serie Datos e IA",0,,0,0
2026-09-06,2026-09-06,"Carrousel de Tips",active,65,profile_visit_view,36.56384615,2000,Diario,2376.65,3041,2700,"En curso","1 día tras clic",0,ABSOLUTE_OCPM,2026-08-27T17:05:50-0300,"Por encima del promedio",-,-,"Nuevo conjunto de anuncios de Tráfico",781.535679,2.170339,2.444444,2.236107
2026-09-06,2026-09-06,"Conocimiento - Funcionalidad - Precios y proveedores",active,,,,2500,Diario,0,0,0,"En curso","1 día tras clic",0,ABSOLUTE_OCPM,2026-07-08T11:14:25-0300,-,-,-,"Redirección al perfil de Instagram - Segmentación manual",0,,0,0
2026-09-06,2026-09-06,"Remarketing - Casos de éxito - JUL26",active,,,,5000,Diario,6710.04,1687,1392,"En curso","7 días tras clic o 1 día tras visualización",0,ABSOLUTE_OCPM,2026-09-09T16:25:13-0300,-,-,-,Remarketing,3977.498518,0.829876,0.933908,1.244813
2026-09-06,2026-09-06,"Video Lu - Actualización de precios y stock",active,2,actions:lead,3773.39,7000,Diario,7546.78,1392,1301,"En curso","7 días tras clic o 1 día tras visualización",0,ABSOLUTE_OCPM,2026-08-21T17:21:00-0300,Promedio,-,-,"Conversión segmentación similar",5421.537356,1.293103,1.383551,2.37069
2026-09-06,2026-09-06,"Conocimiento - Estado del rubro",active,76,profile_visit_view,37.1825,2500,Diario,2825.87,3588,3404,"En curso","1 día tras clic",0,ABSOLUTE_OCPM,2026-07-08T11:14:25-0300,Promedio,-,-,"Redirección al perfil de Instagram - Segmentación manual",787.589186,2.285396,2.20329,2.201784
2026-09-05,2026-09-05,"Como tener 2 novias",active,,,,2500,Diario,0,0,0,"En curso","1 día tras clic",0,ABSOLUTE_OCPM,2026-07-08T11:14:25-0300,-,-,-,"Redirección al perfil de Instagram - Segmentación manual",0,,0,0
2026-09-05,2026-09-05,"Oferta | Img | Remarketing | v1 | 2026-09",active,,,,5000,Diario,0,0,0,"En curso","7 días tras clic o 1 día tras visualización",0,ABSOLUTE_OCPM,2026-09-09T16:25:13-0300,-,-,-,Remarketing,0,,0,0
2026-09-05,2026-09-05,"Awareness - Meme 2 novias",archived,,,,2500,Diario,0,0,0,"En curso","1 día tras clic",0,ABSOLUTE_OCPM,2026-07-08T11:14:25-0300,-,-,-,"Redirección al perfil de Instagram - Segmentación manual",0,,0,0
2026-09-05,2026-09-05,"Placa fija",active,,,,2000,Diario,2117.64,470,375,2026-09-16,"7 días tras clic o 1 día tras visualización",0,ABSOLUTE_OCPM,2026-09-10T09:58:39-0300,-,-,-,"Conjunto 1 - Frio nacional",4505.617021,0.851064,1.066667,2.553191
2026-09-05,2026-09-05,"Video Lu - San Juan",active,,,,3000,Diario,562.05,167,146,"En curso","7 días tras clic o 1 día tras visualización",0,ABSOLUTE_OCPM,2026-09-02T11:42:37-0300,-,-,-,"San Juan- Frio - LAL CRM - Video",3365.568862,,0,1.197605
2026-09-05,2026-09-05,"Video Lu - Mendoza",active,,,,3000,Diario,1149.96,274,229,"En curso","7 días tras clic o 1 día tras visualización",0,ABSOLUTE_OCPM,2026-09-02T10:06:07-0300,-,-,-,"Mendoza - Frio - LAL CRM - Video",4196.934307,0.729927,0.873362,1.094891
2026-09-05,2026-09-05,Carrousel,not_delivering,,,,2000,Diario,0,0,0,2026-08-31,"7 días tras clic o 1 día tras visualización",0,ABSOLUTE_OCPM,2026-08-28T15:10:22-0300,-,-,-,"Entrevista en vivo - Campana Repuestos",0,,0,0
2026-09-05,2026-09-05,"Placa fija",not_delivering,,,,2000,Diario,0,0,0,2026-08-31,"7 días tras clic o 1 día tras visualización",0,ABSOLUTE_OCPM,2026-08-28T15:10:22-0300,-,-,-,"Entrevista en vivo - Campana Repuestos",0,,0,0
2026-09-05,2026-09-05,"Presencialidad Neuquen - Fija",not_delivering,,,,4000,Diario,0,0,0,2026-08-30,"7 días tras clic o 1 día tras visualización",0,ABSOLUTE_OCPM,2026-08-27T15:51:09-0300,-,-,-,"Campaña Presencialidad Neuquen",0,,0,0
2026-09-05,2026-09-05,"Placa fija - Copia",not_delivering,,,,1561.28,Diario,0,0,0,"En curso","7 días tras clic o 1 día tras visualización",0,ABSOLUTE_OCPM,2026-08-20T17:56:48-0300,-,-,-,"Demo en VIVO Presencial",0,,0,0
2026-09-05,2026-09-05,"Post de Instagram",not_delivering,,,,1600,Diario,0,0,0,"En curso","7 días tras clic o 1 día tras visualización",0,ABSOLUTE_OCPM,2026-08-13T14:06:05-0300,-,-,-,"Guia | Boxer Taller",0,,0,0
2026-09-05,2026-09-05,"Placa fija",inactive,,,,1561.28,Diario,0,0,0,"En curso","7 días tras clic o 1 día tras visualización",0,ABSOLUTE_OCPM,2026-08-20T17:56:48-0300,-,-,-,"Demo en VIVO Presencial",0,,0,0
2026-09-05,2026-09-05,"Video Pri",not_delivering,,,,5000,Diario,0,0,0,2026-08-13,"7 días tras clic o 1 día tras visualización",0,ABSOLUTE_OCPM,2026-07-30T16:12:18-0300,-,-,-,"Clases de IA en vivo - Joa y Pri",0,,0,0
2026-09-05,2026-09-05,"Placa fija",not_delivering,,,,5000,Diario,0,0,0,2026-08-13,"7 días tras clic o 1 día tras visualización",0,ABSOLUTE_OCPM,2026-07-30T16:12:18-0300,-,-,-,"Clases de IA en vivo - Joa y Pri",0,,0,0
2026-09-05,2026-09-05,"Video Lu - Actualización de precios y stock - Copia",inactive,,,,5000,Diario,0,0,0,"En curso","7 días tras clic o 1 día tras visualización",0,ABSOLUTE_OCPM,2026-07-27T15:50:54-0300,-,-,-,"Conversión segmentación similar - Copia",0,,0,0
2026-09-05,2026-09-05,"Video Lu",inactive,,,,2000,Diario,0,0,0,"En curso","1 día tras clic",0,ABSOLUTE_OCPM,2026-08-27T17:05:50-0300,-,-,-,"Nuevo conjunto de anuncios de Tráfico",0,,0,0
2026-09-05,2026-09-05,"Placa fija 1",not_delivering,,,,2500,Diario,0,0,0,"En curso","7 días tras clic o 1 día tras visualización",0,ABSOLUTE_OCPM,2026-07-23T10:55:48-0300,-,-,-,"Serie Datos e IA",0,,0,0
2026-09-05,2026-09-05,"Carrousel de Tips",active,86,profile_visit_view,33.44674419,2000,Diario,2876.42,3077,2632,"En curso","1 día tras clic",0,ABSOLUTE_OCPM,2026-08-27T17:05:50-0300,"Por encima del promedio",-,-,"Nuevo conjunto de anuncios de Tráfico",934.81313,2.79493,3.229483,2.79493
2026-09-05,2026-09-05,"Conocimiento - Funcionalidad - Precios y proveedores",active,,,,2500,Diario,0,0,0,"En curso","1 día tras clic",0,ABSOLUTE_OCPM,2026-07-08T11:14:25-0300,-,-,-,"Redirección al perfil de Instagram - Segmentación manual",0,,0,0
2026-09-05,2026-09-05,"Remarketing - Casos de éxito - JUL26",active,3,actions:lead,1822.29333333,5000,Diario,5466.88,1381,1166,"En curso","7 días tras clic o 1 día tras visualización",0,ABSOLUTE_OCPM,2026-09-09T16:25:13-0300,-,-,-,Remarketing,3958.638668,1.086169,1.200686,1.520637
2026-09-05,2026-09-05,"Video Lu - Actualización de precios y stock",active,,,,7000,Diario,5562.96,1328,1182,"En curso","7 días tras clic o 1 día tras visualización",0,ABSOLUTE_OCPM,2026-08-21T17:21:00-0300,Promedio,-,-,"Conversión segmentación similar",4188.975904,0.677711,0.676819,1.129518
2026-09-05,2026-09-05,"Conocimiento - Estado del rubro",active,74,profile_visit_view,34.76554054,2500,Diario,2572.65,3049,2943,"En curso","1 día tras clic",0,ABSOLUTE_OCPM,2026-07-08T11:14:25-0300,Promedio,-,-,"Redirección al perfil de Instagram - Segmentación manual",843.768449,2.591013,2.480462,2.591013
2026-09-04,2026-09-04,"Como tener 2 novias",active,,,,2500,Diario,0,0,0,"En curso","1 día tras clic",0,ABSOLUTE_OCPM,2026-07-08T11:14:25-0300,-,-,-,"Redirección al perfil de Instagram - Segmentación manual",0,,0,0
2026-09-04,2026-09-04,"Oferta | Img | Remarketing | v1 | 2026-09",active,,,,5000,Diario,0,0,0,"En curso","7 días tras clic o 1 día tras visualización",0,ABSOLUTE_OCPM,2026-09-09T16:25:13-0300,-,-,-,Remarketing,0,,0,0
2026-09-04,2026-09-04,"Awareness - Meme 2 novias",archived,,,,2500,Diario,0,0,0,"En curso","1 día tras clic",0,ABSOLUTE_OCPM,2026-07-08T11:14:25-0300,-,-,-,"Redirección al perfil de Instagram - Segmentación manual",0,,0,0
2026-09-04,2026-09-04,"Placa fija",active,,,,2000,Diario,1891.86,365,285,2026-09-16,"7 días tras clic o 1 día tras visualización",0,ABSOLUTE_OCPM,2026-09-10T09:58:39-0300,-,-,-,"Conjunto 1 - Frio nacional",5183.178082,0.273973,0.350877,0.821918
2026-09-04,2026-09-04,"Video Lu - San Juan",active,4,actions:lead,565.73,3000,Diario,2262.92,401,334,"En curso","7 días tras clic o 1 día tras visualización",0,ABSOLUTE_OCPM,2026-09-02T11:42:37-0300,-,-,-,"San Juan- Frio - LAL CRM - Video",5643.19202,2.493766,2.694611,5.486284
2026-09-04,2026-09-04,"Video Lu - Mendoza",active,2,actions:lead,1039.315,3000,Diario,2078.63,468,379,"En curso","7 días tras clic o 1 día tras visualización",0,ABSOLUTE_OCPM,2026-09-02T10:06:07-0300,-,-,-,"Mendoza - Frio - LAL CRM - Video",4441.517094,1.282051,1.319261,2.564103
2026-09-04,2026-09-04,Carrousel,not_delivering,,,,2000,Diario,0,0,0,2026-08-31,"7 días tras clic o 1 día tras visualización",0,ABSOLUTE_OCPM,2026-08-28T15:10:22-0300,-,-,-,"Entrevista en vivo - Campana Repuestos",0,,0,0
2026-09-04,2026-09-04,"Placa fija",not_delivering,,,,2000,Diario,0,0,0,2026-08-31,"7 días tras clic o 1 día tras visualización",0,ABSOLUTE_OCPM,2026-08-28T15:10:22-0300,-,-,-,"Entrevista en vivo - Campana Repuestos",0,,0,0
2026-09-04,2026-09-04,"Presencialidad Neuquen - Fija",not_delivering,,,,4000,Diario,0,0,0,2026-08-30,"7 días tras clic o 1 día tras visualización",0,ABSOLUTE_OCPM,2026-08-27T15:51:09-0300,-,-,-,"Campaña Presencialidad Neuquen",0,,0,0
2026-09-04,2026-09-04,"Placa fija - Copia",not_delivering,,,,1561.28,Diario,0,0,0,"En curso","7 días tras clic o 1 día tras visualización",0,ABSOLUTE_OCPM,2026-08-20T17:56:48-0300,-,-,-,"Demo en VIVO Presencial",0,,0,0
2026-09-04,2026-09-04,"Post de Instagram",not_delivering,,,,1600,Diario,0,0,0,"En curso","7 días tras clic o 1 día tras visualización",0,ABSOLUTE_OCPM,2026-08-13T14:06:05-0300,-,-,-,"Guia | Boxer Taller",0,,0,0
2026-09-04,2026-09-04,"Placa fija",inactive,,,,1561.28,Diario,0,0,0,"En curso","7 días tras clic o 1 día tras visualización",0,ABSOLUTE_OCPM,2026-08-20T17:56:48-0300,-,-,-,"Demo en VIVO Presencial",0,,0,0
2026-09-04,2026-09-04,"Video Pri",not_delivering,,,,5000,Diario,0,0,0,2026-08-13,"7 días tras clic o 1 día tras visualización",0,ABSOLUTE_OCPM,2026-07-30T16:12:18-0300,-,-,-,"Clases de IA en vivo - Joa y Pri",0,,0,0
2026-09-04,2026-09-04,"Placa fija",not_delivering,,,,5000,Diario,0,0,0,2026-08-13,"7 días tras clic o 1 día tras visualización",0,ABSOLUTE_OCPM,2026-07-30T16:12:18-0300,-,-,-,"Clases de IA en vivo - Joa y Pri",0,,0,0
2026-09-04,2026-09-04,"Video Lu - Actualización de precios y stock - Copia",inactive,,,,5000,Diario,0,0,0,"En curso","7 días tras clic o 1 día tras visualización",0,ABSOLUTE_OCPM,2026-07-27T15:50:54-0300,-,-,-,"Conversión segmentación similar - Copia",0,,0,0
2026-09-04,2026-09-04,"Video Lu",inactive,,,,2000,Diario,0,0,0,"En curso","1 día tras clic",0,ABSOLUTE_OCPM,2026-08-27T17:05:50-0300,-,-,-,"Nuevo conjunto de anuncios de Tráfico",0,,0,0
2026-09-04,2026-09-04,"Placa fija 1",not_delivering,,,,2500,Diario,0,0,0,"En curso","7 días tras clic o 1 día tras visualización",0,ABSOLUTE_OCPM,2026-07-23T10:55:48-0300,-,-,-,"Serie Datos e IA",0,,0,0
2026-09-04,2026-09-04,"Carrousel de Tips",active,38,profile_visit_view,42.91263158,2000,Diario,1630.68,1551,1364,"En curso","1 día tras clic",0,ABSOLUTE_OCPM,2026-08-27T17:05:50-0300,"Por encima del promedio",-,-,"Nuevo conjunto de anuncios de Tráfico",1051.373308,2.578981,2.859238,2.514507
2026-09-04,2026-09-04,"Conocimiento - Funcionalidad - Precios y proveedores",active,,,,2500,Diario,0,0,0,"En curso","1 día tras clic",0,ABSOLUTE_OCPM,2026-07-08T11:14:25-0300,-,-,-,"Redirección al perfil de Instagram - Segmentación manual",0,,0,0
2026-09-04,2026-09-04,"Remarketing - Casos de éxito - JUL26",active,,,,5000,Diario,4829.34,1279,1076,"En curso","7 días tras clic o 1 día tras visualización",0,ABSOLUTE_OCPM,2026-09-09T16:25:13-0300,-,-,-,Remarketing,3775.871775,0.547303,0.650558,0.781861
2026-09-04,2026-09-04,"Video Lu - Actualización de precios y stock",active,2,actions:lead,3568.19,7000,Diario,7136.38,1335,1177,"En curso","7 días tras clic o 1 día tras visualización",0,ABSOLUTE_OCPM,2026-08-21T17:21:00-0300,Promedio,-,-,"Conversión segmentación similar",5345.602996,1.348315,1.44435,1.797753
2026-09-04,2026-09-04,"Conocimiento - Estado del rubro",active,46,profile_visit_view,44.88217391,2500,Diario,2064.58,2409,2367,"En curso","1 día tras clic",0,ABSOLUTE_OCPM,2026-07-08T11:14:25-0300,Promedio,-,-,"Redirección al perfil de Instagram - Segmentación manual",857.027812,1.951017,1.816646,1.992528
2026-09-03,2026-09-03,"Como tener 2 novias",active,,,,2500,Diario,0,0,0,"En curso","1 día tras clic",0,ABSOLUTE_OCPM,2026-07-08T11:14:25-0300,-,-,-,"Redirección al perfil de Instagram - Segmentación manual",0,,0,0
2026-09-03,2026-09-03,"Oferta | Img | Remarketing | v1 | 2026-09",active,,,,5000,Diario,0,0,0,"En curso","7 días tras clic o 1 día tras visualización",0,ABSOLUTE_OCPM,2026-09-09T16:25:13-0300,-,-,-,Remarketing,0,,0,0
2026-09-03,2026-09-03,"Awareness - Meme 2 novias",archived,,,,2500,Diario,0,0,0,"En curso","1 día tras clic",0,ABSOLUTE_OCPM,2026-07-08T11:14:25-0300,-,-,-,"Redirección al perfil de Instagram - Segmentación manual",0,,0,0
2026-09-03,2026-09-03,"Placa fija",active,,,,2000,Diario,1447.23,403,309,2026-09-16,"7 días tras clic o 1 día tras visualización",0,ABSOLUTE_OCPM,2026-09-10T09:58:39-0300,-,-,-,"Conjunto 1 - Frio nacional",3591.141439,0.248139,0.323625,0.496278
2026-09-03,2026-09-03,"Video Lu - San Juan",active,1,actions:lead,4277.41,3000,Diario,4277.41,540,438,"En curso","7 días tras clic o 1 día tras visualización",0,ABSOLUTE_OCPM,2026-09-02T11:42:37-0300,-,-,-,"San Juan- Frio - LAL CRM - Video",7921.12963,1.296296,1.598174,2.407407
2026-09-03,2026-09-03,"Video Lu - Mendoza",active,2,actions:lead,1918.72,3000,Diario,3837.44,589,489,"En curso","7 días tras clic o 1 día tras visualización",0,ABSOLUTE_OCPM,2026-09-02T10:06:07-0300,-,-,-,"Mendoza - Frio - LAL CRM - Video",6515.178268,0.679117,0.817996,1.358234
2026-09-03,2026-09-03,Carrousel,not_delivering,,,,2000,Diario,0,0,0,2026-08-31,"7 días tras clic o 1 día tras visualización",0,ABSOLUTE_OCPM,2026-08-28T15:10:22-0300,-,-,-,"Entrevista en vivo - Campana Repuestos",0,,0,0
2026-09-03,2026-09-03,"Placa fija",not_delivering,,,,2000,Diario,0,0,0,2026-08-31,"7 días tras clic o 1 día tras visualización",0,ABSOLUTE_OCPM,2026-08-28T15:10:22-0300,-,-,-,"Entrevista en vivo - Campana Repuestos",0,,0,0
2026-09-03,2026-09-03,"Presencialidad Neuquen - Fija",not_delivering,,,,4000,Diario,0,0,0,2026-08-30,"7 días tras clic o 1 día tras visualización",0,ABSOLUTE_OCPM,2026-08-27T15:51:09-0300,-,-,-,"Campaña Presencialidad Neuquen",0,,0,0
2026-09-03,2026-09-03,"Placa fija - Copia",not_delivering,,,,1561.28,Diario,0,0,0,"En curso","7 días tras clic o 1 día tras visualización",0,ABSOLUTE_OCPM,2026-08-20T17:56:48-0300,-,-,-,"Demo en VIVO Presencial",0,,0,0
2026-09-03,2026-09-03,"Post de Instagram",not_delivering,,,,1600,Diario,0,0,0,"En curso","7 días tras clic o 1 día tras visualización",0,ABSOLUTE_OCPM,2026-08-13T14:06:05-0300,-,-,-,"Guia | Boxer Taller",0,,0,0
2026-09-03,2026-09-03,"Placa fija",inactive,,,,1561.28,Diario,0,0,0,"En curso","7 días tras clic o 1 día tras visualización",0,ABSOLUTE_OCPM,2026-08-20T17:56:48-0300,-,-,-,"Demo en VIVO Presencial",0,,0,0
2026-09-03,2026-09-03,"Video Pri",not_delivering,,,,5000,Diario,0,0,0,2026-08-13,"7 días tras clic o 1 día tras visualización",0,ABSOLUTE_OCPM,2026-07-30T16:12:18-0300,-,-,-,"Clases de IA en vivo - Joa y Pri",0,,0,0
2026-09-03,2026-09-03,"Placa fija",not_delivering,,,,5000,Diario,0,0,0,2026-08-13,"7 días tras clic o 1 día tras visualización",0,ABSOLUTE_OCPM,2026-07-30T16:12:18-0300,-,-,-,"Clases de IA en vivo - Joa y Pri",0,,0,0
2026-09-03,2026-09-03,"Video Lu - Actualización de precios y stock - Copia",inactive,,,,5000,Diario,0,0,0,"En curso","7 días tras clic o 1 día tras visualización",0,ABSOLUTE_OCPM,2026-07-27T15:50:54-0300,-,-,-,"Conversión segmentación similar - Copia",0,,0,0
2026-09-03,2026-09-03,"Video Lu",inactive,,,,2000,Diario,0,0,0,"En curso","1 día tras clic",0,ABSOLUTE_OCPM,2026-08-27T17:05:50-0300,-,-,-,"Nuevo conjunto de anuncios de Tráfico",0,,0,0
2026-09-03,2026-09-03,"Placa fija 1",not_delivering,,,,2500,Diario,0,0,0,"En curso","7 días tras clic o 1 día tras visualización",0,ABSOLUTE_OCPM,2026-07-23T10:55:48-0300,-,-,-,"Serie Datos e IA",0,,0,0
2026-09-03,2026-09-03,"Carrousel de Tips",active,31,profile_visit_view,40.42935484,2000,Diario,1253.31,1219,1114,"En curso","1 día tras clic",0,ABSOLUTE_OCPM,2026-08-27T17:05:50-0300,"Por encima del promedio",-,-,"Nuevo conjunto de anuncios de Tráfico",1028.146021,2.461034,2.692998,2.461034
2026-09-03,2026-09-03,"Conocimiento - Funcionalidad - Precios y proveedores",active,,,,2500,Diario,0,0,0,"En curso","1 día tras clic",0,ABSOLUTE_OCPM,2026-07-08T11:14:25-0300,-,-,-,"Redirección al perfil de Instagram - Segmentación manual",0,,0,0
2026-09-03,2026-09-03,"Remarketing - Casos de éxito - JUL26",active,1,actions:lead,5122.46,5000,Diario,5122.46,1626,1376,"En curso","7 días tras clic o 1 día tras visualización",0,ABSOLUTE_OCPM,2026-09-09T16:25:13-0300,-,-,-,Remarketing,3150.344403,0.922509,1.090116,1.537515
2026-09-03,2026-09-03,"Video Lu - Actualización de precios y stock",active,4,actions:lead,1640.3225,7000,Diario,6561.29,1130,1019,"En curso","7 días tras clic o 1 día tras visualización",0,ABSOLUTE_OCPM,2026-08-21T17:21:00-0300,Promedio,-,-,"Conversión segmentación similar",5806.451327,1.681416,1.864573,2.566372
2026-09-03,2026-09-03,"Conocimiento - Estado del rubro",active,72,profile_visit_view,32.42486111,2500,Diario,2334.59,2836,2751,"En curso","1 día tras clic",0,ABSOLUTE_OCPM,2026-07-08T11:14:25-0300,Promedio,-,-,"Redirección al perfil de Instagram - Segmentación manual",823.198166,2.750353,2.653581,2.715092
2026-09-02,2026-09-02,"Como tener 2 novias",active,,,,2500,Diario,0,0,0,"En curso","1 día tras clic",0,ABSOLUTE_OCPM,2026-07-08T11:14:25-0300,-,-,-,"Redirección al perfil de Instagram - Segmentación manual",0,,0,0
2026-09-02,2026-09-02,"Oferta | Img | Remarketing | v1 | 2026-09",active,,,,5000,Diario,0,0,0,"En curso","7 días tras clic o 1 día tras visualización",0,ABSOLUTE_OCPM,2026-09-09T16:25:13-0300,-,-,-,Remarketing,0,,0,0
2026-09-02,2026-09-02,"Awareness - Meme 2 novias",archived,,,,2500,Diario,0,0,0,"En curso","1 día tras clic",0,ABSOLUTE_OCPM,2026-07-08T11:14:25-0300,-,-,-,"Redirección al perfil de Instagram - Segmentación manual",0,,0,0
2026-09-02,2026-09-02,"Placa fija",active,,,,2000,Diario,1097.64,234,208,2026-09-16,"7 días tras clic o 1 día tras visualización",0,ABSOLUTE_OCPM,2026-09-10T09:58:39-0300,-,-,-,"Conjunto 1 - Frio nacional",4690.769231,1.709402,1.923077,1.709402
2026-09-02,2026-09-02,"Video Lu - San Juan",active,1,actions:lead,3429.2,3000,Diario,3429.2,441,373,"En curso","7 días tras clic o 1 día tras visualización",0,ABSOLUTE_OCPM,2026-09-02T11:42:37-0300,-,-,-,"San Juan- Frio - LAL CRM - Video",7775.963719,1.133787,1.340483,2.267574
2026-09-02,2026-09-02,"Video Lu - Mendoza",active,2,actions:lead,1813.77,3000,Diario,3627.54,523,465,"En curso","7 días tras clic o 1 día tras visualización",0,ABSOLUTE_OCPM,2026-09-02T10:06:07-0300,-,-,-,"Mendoza - Frio - LAL CRM - Video",6936.022945,1.147228,1.290323,2.294455
2026-09-02,2026-09-02,Carrousel,not_delivering,,,,2000,Diario,0,0,0,2026-08-31,"7 días tras clic o 1 día tras visualización",0,ABSOLUTE_OCPM,2026-08-28T15:10:22-0300,-,-,-,"Entrevista en vivo - Campana Repuestos",0,,0,0
2026-09-02,2026-09-02,"Placa fija",not_delivering,,,,2000,Diario,0,0,0,2026-08-31,"7 días tras clic o 1 día tras visualización",0,ABSOLUTE_OCPM,2026-08-28T15:10:22-0300,-,-,-,"Entrevista en vivo - Campana Repuestos",0,,0,0
2026-09-02,2026-09-02,"Presencialidad Neuquen - Fija",not_delivering,,,,4000,Diario,0,0,0,2026-08-30,"7 días tras clic o 1 día tras visualización",0,ABSOLUTE_OCPM,2026-08-27T15:51:09-0300,-,-,-,"Campaña Presencialidad Neuquen",0,,0,0
2026-09-02,2026-09-02,"Placa fija - Copia",not_delivering,,,,1561.28,Diario,0,0,0,"En curso","7 días tras clic o 1 día tras visualización",0,ABSOLUTE_OCPM,2026-08-20T17:56:48-0300,-,-,-,"Demo en VIVO Presencial",0,,0,0
2026-09-02,2026-09-02,"Post de Instagram",not_delivering,,,,1600,Diario,0,0,0,"En curso","7 días tras clic o 1 día tras visualización",0,ABSOLUTE_OCPM,2026-08-13T14:06:05-0300,-,-,-,"Guia | Boxer Taller",0,,0,0
2026-09-02,2026-09-02,"Placa fija",inactive,,,,1561.28,Diario,0,0,0,"En curso","7 días tras clic o 1 día tras visualización",0,ABSOLUTE_OCPM,2026-08-20T17:56:48-0300,-,-,-,"Demo en VIVO Presencial",0,,0,0
2026-09-02,2026-09-02,"Video Pri",not_delivering,,,,5000,Diario,0,0,0,2026-08-13,"7 días tras clic o 1 día tras visualización",0,ABSOLUTE_OCPM,2026-07-30T16:12:18-0300,-,-,-,"Clases de IA en vivo - Joa y Pri",0,,0,0
2026-09-02,2026-09-02,"Placa fija",not_delivering,,,,5000,Diario,0,0,0,2026-08-13,"7 días tras clic o 1 día tras visualización",0,ABSOLUTE_OCPM,2026-07-30T16:12:18-0300,-,-,-,"Clases de IA en vivo - Joa y Pri",0,,0,0
2026-09-02,2026-09-02,"Video Lu - Actualización de precios y stock - Copia",inactive,6,actions:onsite_conversion.messaging_conversation_started_7d,587.26,5000,Diario,3523.56,5554,5482,"En curso","7 días tras clic o 1 día tras visualización",0,ABSOLUTE_OCPM,2026-07-27T15:50:54-0300,"Por encima del promedio","Por encima del promedio",Promedio,"Conversión segmentación similar - Copia",634.418437,0.702197,0.109449,0.882247
2026-09-02,2026-09-02,"Video Lu",inactive,,,,2000,Diario,0,0,0,"En curso","1 día tras clic",0,ABSOLUTE_OCPM,2026-08-27T17:05:50-0300,-,-,-,"Nuevo conjunto de anuncios de Tráfico",0,,0,0
2026-09-02,2026-09-02,"Placa fija 1",not_delivering,,,,2500,Diario,0,0,0,"En curso","7 días tras clic o 1 día tras visualización",0,ABSOLUTE_OCPM,2026-07-23T10:55:48-0300,-,-,-,"Serie Datos e IA",0,,0,0
2026-09-02,2026-09-02,"Carrousel de Tips",active,35,profile_visit_view,56.12657143,2000,Diario,1964.43,1860,1659,"En curso","1 día tras clic",0,ABSOLUTE_OCPM,2026-08-27T17:05:50-0300,"Por encima del promedio",-,-,"Nuevo conjunto de anuncios de Tráfico",1056.145161,2.096774,2.290536,2.043011
2026-09-02,2026-09-02,"Conocimiento - Funcionalidad - Precios y proveedores",active,,,,2500,Diario,0,0,0,"En curso","1 día tras clic",0,ABSOLUTE_OCPM,2026-07-08T11:14:25-0300,-,-,-,"Redirección al perfil de Instagram - Segmentación manual",0,,0,0
2026-09-02,2026-09-02,"Remarketing - Casos de éxito - JUL26",active,1,actions:lead,5898.69,5000,Diario,5898.69,1881,1595,"En curso","7 días tras clic o 1 día tras visualización",0,ABSOLUTE_OCPM,2026-09-09T16:25:13-0300,-,-,-,Remarketing,3135.933014,0.744285,0.877743,1.169591
2026-09-02,2026-09-02,"Video Lu - Actualización de precios y stock",active,4,actions:lead,2031.435,7000,Diario,8125.74,1625,1478,"En curso","7 días tras clic o 1 día tras visualización",0,ABSOLUTE_OCPM,2026-08-21T17:21:00-0300,Promedio,-,-,"Conversión segmentación similar",5000.455385,1.538462,1.623816,2.523077
2026-09-02,2026-09-02,"Conocimiento - Estado del rubro",active,54,profile_visit_view,39.46092593,2500,Diario,2130.89,2591,2459,"En curso","1 día tras clic",0,ABSOLUTE_OCPM,2026-07-08T11:14:25-0300,Promedio,-,-,"Redirección al perfil de Instagram - Segmentación manual",822.419915,2.161328,2.155348,2.122733
2026-09-01,2026-09-01,"Como tener 2 novias",active,,,,2500,Diario,0,0,0,"En curso","1 día tras clic",0,ABSOLUTE_OCPM,2026-07-08T11:14:25-0300,-,-,-,"Redirección al perfil de Instagram - Segmentación manual",0,,0,0
2026-09-01,2026-09-01,"Oferta | Img | Remarketing | v1 | 2026-09",active,,,,5000,Diario,0,0,0,"En curso","7 días tras clic o 1 día tras visualización",0,ABSOLUTE_OCPM,2026-09-09T16:25:13-0300,-,-,-,Remarketing,0,,0,0
2026-09-01,2026-09-01,"Awareness - Meme 2 novias",archived,,,,2500,Diario,0,0,0,"En curso","1 día tras clic",0,ABSOLUTE_OCPM,2026-07-08T11:14:25-0300,-,-,-,"Redirección al perfil de Instagram - Segmentación manual",0,,0,0
2026-09-01,2026-09-01,"Placa fija",active,,,,2000,Diario,0,0,0,2026-09-16,"7 días tras clic o 1 día tras visualización",0,ABSOLUTE_OCPM,2026-09-10T09:58:39-0300,-,-,-,"Conjunto 1 - Frio nacional",0,,0,0
2026-09-01,2026-09-01,"Video Lu - San Juan",active,,,,3000,Diario,0,0,0,"En curso","7 días tras clic o 1 día tras visualización",0,ABSOLUTE_OCPM,2026-09-02T11:42:37-0300,-,-,-,"San Juan- Frio - LAL CRM - Video",0,,0,0
2026-09-01,2026-09-01,"Video Lu - Mendoza",active,,,,3000,Diario,0,0,0,"En curso","7 días tras clic o 1 día tras visualización",0,ABSOLUTE_OCPM,2026-09-02T10:06:07-0300,-,-,-,"Mendoza - Frio - LAL CRM - Video",0,,0,0
2026-09-01,2026-09-01,Carrousel,not_delivering,,,,2000,Diario,0,0,0,2026-08-31,"7 días tras clic o 1 día tras visualización",0,ABSOLUTE_OCPM,2026-08-28T15:10:22-0300,-,-,-,"Entrevista en vivo - Campana Repuestos",0,,0,0
2026-09-01,2026-09-01,"Placa fija",not_delivering,,,,2000,Diario,0,0,0,2026-08-31,"7 días tras clic o 1 día tras visualización",0,ABSOLUTE_OCPM,2026-08-28T15:10:22-0300,-,-,-,"Entrevista en vivo - Campana Repuestos",0,,0,0
2026-09-01,2026-09-01,"Presencialidad Neuquen - Fija",not_delivering,,,,4000,Diario,0,0,0,2026-08-30,"7 días tras clic o 1 día tras visualización",0,ABSOLUTE_OCPM,2026-08-27T15:51:09-0300,-,-,-,"Campaña Presencialidad Neuquen",0,,0,0
2026-09-01,2026-09-01,"Placa fija - Copia",not_delivering,,,,1561.28,Diario,0,0,0,"En curso","7 días tras clic o 1 día tras visualización",0,ABSOLUTE_OCPM,2026-08-20T17:56:48-0300,-,-,-,"Demo en VIVO Presencial",0,,0,0
2026-09-01,2026-09-01,"Post de Instagram",not_delivering,,,,1600,Diario,0,0,0,"En curso","7 días tras clic o 1 día tras visualización",0,ABSOLUTE_OCPM,2026-08-13T14:06:05-0300,-,-,-,"Guia | Boxer Taller",0,,0,0
2026-09-01,2026-09-01,"Placa fija",inactive,,,,1561.28,Diario,0,0,0,"En curso","7 días tras clic o 1 día tras visualización",0,ABSOLUTE_OCPM,2026-08-20T17:56:48-0300,-,-,-,"Demo en VIVO Presencial",0,,0,0
2026-09-01,2026-09-01,"Video Pri",not_delivering,,,,5000,Diario,0,0,0,2026-08-13,"7 días tras clic o 1 día tras visualización",0,ABSOLUTE_OCPM,2026-07-30T16:12:18-0300,-,-,-,"Clases de IA en vivo - Joa y Pri",0,,0,0
2026-09-01,2026-09-01,"Placa fija",not_delivering,,,,5000,Diario,0,0,0,2026-08-13,"7 días tras clic o 1 día tras visualización",0,ABSOLUTE_OCPM,2026-07-30T16:12:18-0300,-,-,-,"Clases de IA en vivo - Joa y Pri",0,,0,0
2026-09-01,2026-09-01,"Video Lu - Actualización de precios y stock - Copia",inactive,3,actions:onsite_conversion.messaging_conversation_started_7d,1839.48666667,5000,Diario,5518.46,4967,4720,"En curso","7 días tras clic o 1 día tras visualización",0,ABSOLUTE_OCPM,2026-07-27T15:50:54-0300,"Por encima del promedio","Por encima del promedio","Por debajo del promedio - 35% de los anuncios menos relevantes","Conversión segmentación similar - Copia",1111.024763,0.664385,0.127119,0.946245
2026-09-01,2026-09-01,"Video Lu",inactive,,,,2000,Diario,0,0,0,"En curso","1 día tras clic",0,ABSOLUTE_OCPM,2026-08-27T17:05:50-0300,-,-,-,"Nuevo conjunto de anuncios de Tráfico",0,,0,0
2026-09-01,2026-09-01,"Placa fija 1",not_delivering,,,,2500,Diario,0,0,0,"En curso","7 días tras clic o 1 día tras visualización",0,ABSOLUTE_OCPM,2026-07-23T10:55:48-0300,-,-,-,"Serie Datos e IA",0,,0,0
2026-09-01,2026-09-01,"Carrousel de Tips",active,51,profile_visit_view,47.48,2000,Diario,2421.48,2236,2022,"En curso","1 día tras clic",0,ABSOLUTE_OCPM,2026-08-27T17:05:50-0300,"Por encima del promedio",-,-,"Nuevo conjunto de anuncios de Tráfico",1082.951699,2.280859,2.373887,2.191413
2026-09-01,2026-09-01,"Conocimiento - Funcionalidad - Precios y proveedores",active,,,,2500,Diario,0,0,0,"En curso","1 día tras clic",0,ABSOLUTE_OCPM,2026-07-08T11:14:25-0300,-,-,-,"Redirección al perfil de Instagram - Segmentación manual",0,,0,0
2026-09-01,2026-09-01,"Remarketing - Casos de éxito - JUL26",active,3,actions:lead,2007.16333333,5000,Diario,6021.49,2206,1716,"En curso","7 días tras clic o 1 día tras visualización",0,ABSOLUTE_OCPM,2026-09-09T16:25:13-0300,-,-,-,Remarketing,2729.596555,0.906618,1.107226,1.269266
2026-09-01,2026-09-01,"Video Lu - Actualización de precios y stock",active,1,actions:lead,5875.3,7000,Diario,5875.3,1287,1140,"En curso","7 días tras clic o 1 día tras visualización",0,ABSOLUTE_OCPM,2026-08-21T17:21:00-0300,Promedio,-,-,"Conversión segmentación similar",4565.112665,1.165501,1.315789,2.020202
2026-09-01,2026-09-01,"Conocimiento - Estado del rubro",active,80,profile_visit_view,33.692375,2500,Diario,2695.39,3146,3016,"En curso","1 día tras clic",0,ABSOLUTE_OCPM,2026-07-08T11:14:25-0300,Promedio,-,-,"Redirección al perfil de Instagram - Segmentación manual",856.767324,2.765416,2.685676,2.765416
2026-08-31,2026-08-31,"Como tener 2 novias",active,,,,2500,Diario,0,0,0,"En curso","1 día tras clic",0,ABSOLUTE_OCPM,2026-07-08T11:14:25-0300,-,-,-,"Redirección al perfil de Instagram - Segmentación manual",0,,0,0
2026-08-31,2026-08-31,"Oferta | Img | Remarketing | v1 | 2026-09",active,,,,5000,Diario,0,0,0,"En curso","7 días tras clic o 1 día tras visualización",0,ABSOLUTE_OCPM,2026-09-09T16:25:13-0300,-,-,-,Remarketing,0,,0,0
2026-08-31,2026-08-31,"Awareness - Meme 2 novias",archived,,,,2500,Diario,0,0,0,"En curso","1 día tras clic",0,ABSOLUTE_OCPM,2026-07-08T11:14:25-0300,-,-,-,"Redirección al perfil de Instagram - Segmentación manual",0,,0,0
2026-08-31,2026-08-31,"Placa fija",active,,,,2000,Diario,0,0,0,2026-09-16,"7 días tras clic o 1 día tras visualización",0,ABSOLUTE_OCPM,2026-09-10T09:58:39-0300,-,-,-,"Conjunto 1 - Frio nacional",0,,0,0
2026-08-31,2026-08-31,"Video Lu - San Juan",active,,,,3000,Diario,0,0,0,"En curso","7 días tras clic o 1 día tras visualización",0,ABSOLUTE_OCPM,2026-09-02T11:42:37-0300,-,-,-,"San Juan- Frio - LAL CRM - Video",0,,0,0
2026-08-31,2026-08-31,"Video Lu - Mendoza",active,,,,3000,Diario,0,0,0,"En curso","7 días tras clic o 1 día tras visualización",0,ABSOLUTE_OCPM,2026-09-02T10:06:07-0300,-,-,-,"Mendoza - Frio - LAL CRM - Video",0,,0,0
2026-08-31,2026-08-31,Carrousel,not_delivering,,,,2000,Diario,1100.15,245,204,2026-08-31,"7 días tras clic o 1 día tras visualización",0,ABSOLUTE_OCPM,2026-08-28T15:10:22-0300,-,-,-,"Entrevista en vivo - Campana Repuestos",4490.408163,0.408163,0.490196,2.44898
2026-08-31,2026-08-31,"Placa fija",not_delivering,,,,2000,Diario,0,0,0,2026-08-31,"7 días tras clic o 1 día tras visualización",0,ABSOLUTE_OCPM,2026-08-28T15:10:22-0300,-,-,-,"Entrevista en vivo - Campana Repuestos",0,,0,0
2026-08-31,2026-08-31,"Presencialidad Neuquen - Fija",not_delivering,,,,4000,Diario,0,0,0,2026-08-30,"7 días tras clic o 1 día tras visualización",0,ABSOLUTE_OCPM,2026-08-27T15:51:09-0300,-,-,-,"Campaña Presencialidad Neuquen",0,,0,0
2026-08-31,2026-08-31,"Placa fija - Copia",not_delivering,,,,1561.28,Diario,0,0,0,"En curso","7 días tras clic o 1 día tras visualización",0,ABSOLUTE_OCPM,2026-08-20T17:56:48-0300,-,-,-,"Demo en VIVO Presencial",0,,0,0
2026-08-31,2026-08-31,"Post de Instagram",not_delivering,,,,1600,Diario,0,0,0,"En curso","7 días tras clic o 1 día tras visualización",0,ABSOLUTE_OCPM,2026-08-13T14:06:05-0300,-,-,-,"Guia | Boxer Taller",0,,0,0
2026-08-31,2026-08-31,"Placa fija",inactive,,,,1561.28,Diario,0,0,0,"En curso","7 días tras clic o 1 día tras visualización",0,ABSOLUTE_OCPM,2026-08-20T17:56:48-0300,-,-,-,"Demo en VIVO Presencial",0,,0,0
2026-08-31,2026-08-31,"Video Pri",not_delivering,,,,5000,Diario,0,0,0,2026-08-13,"7 días tras clic o 1 día tras visualización",0,ABSOLUTE_OCPM,2026-07-30T16:12:18-0300,-,-,-,"Clases de IA en vivo - Joa y Pri",0,,0,0
2026-08-31,2026-08-31,"Placa fija",not_delivering,,,,5000,Diario,0,0,0,2026-08-13,"7 días tras clic o 1 día tras visualización",0,ABSOLUTE_OCPM,2026-07-30T16:12:18-0300,-,-,-,"Clases de IA en vivo - Joa y Pri",0,,0,0
2026-08-31,2026-08-31,"Video Lu - Actualización de precios y stock - Copia",inactive,3,actions:onsite_conversion.messaging_conversation_started_7d,2140.2,5000,Diario,6420.6,7782,7383,"En curso","7 días tras clic o 1 día tras visualización",0,ABSOLUTE_OCPM,2026-07-27T15:50:54-0300,"Por encima del promedio","Por encima del promedio","Por debajo del promedio - 35% de los anuncios menos relevantes","Conversión segmentación similar - Copia",825.057826,0.706759,0.054179,0.848111
2026-08-31,2026-08-31,"Video Lu",inactive,,,,2000,Diario,0,0,0,"En curso","1 día tras clic",0,ABSOLUTE_OCPM,2026-08-27T17:05:50-0300,-,-,-,"Nuevo conjunto de anuncios de Tráfico",0,,0,0
2026-08-31,2026-08-31,"Placa fija 1",not_delivering,,,,2500,Diario,0,0,0,"En curso","7 días tras clic o 1 día tras visualización",0,ABSOLUTE_OCPM,2026-07-23T10:55:48-0300,-,-,-,"Serie Datos e IA",0,,0,0
2026-08-31,2026-08-31,"Carrousel de Tips",active,30,profile_visit_view,63.07266667,2000,Diario,1892.18,1694,1591,"En curso","1 día tras clic",0,ABSOLUTE_OCPM,2026-08-27T17:05:50-0300,"Por encima del promedio",-,-,"Nuevo conjunto de anuncios de Tráfico",1116.989374,1.711924,1.822753,1.652893
2026-08-31,2026-08-31,"Conocimiento - Funcionalidad - Precios y proveedores",active,,,,2500,Diario,0,0,0,"En curso","1 día tras clic",0,ABSOLUTE_OCPM,2026-07-08T11:14:25-0300,-,-,-,"Redirección al perfil de Instagram - Segmentación manual",0,,0,0
2026-08-31,2026-08-31,"Remarketing - Casos de éxito - JUL26",active,1,actions:lead,7132.27,5000,Diario,7132.27,2022,1599,"En curso","7 días tras clic o 1 día tras visualización",0,ABSOLUTE_OCPM,2026-09-09T16:25:13-0300,-,-,-,Remarketing,3527.334322,0.593472,0.750469,0.98912
2026-08-31,2026-08-31,"Video Lu - Actualización de precios y stock",active,2,actions:lead,3593.105,7000,Diario,7186.21,1228,1117,"En curso","7 días tras clic o 1 día tras visualización",0,ABSOLUTE_OCPM,2026-08-21T17:21:00-0300,Promedio,-,-,"Conversión segmentación similar",5851.962541,1.302932,1.342883,2.605863
2026-08-31,2026-08-31,"Conocimiento - Estado del rubro",active,64,profile_visit_view,39.63359375,2500,Diario,2536.55,3228,3185,"En curso","1 día tras clic",0,ABSOLUTE_OCPM,2026-07-08T11:14:25-0300,"Por encima del promedio",-,-,"Redirección al perfil de Instagram - Segmentación manual",785.796159,2.04461,2.009419,2.075589
2026-08-30,2026-08-30,"Como tener 2 novias",active,,,,2500,Diario,0,0,0,"En curso","1 día tras clic",0,ABSOLUTE_OCPM,2026-07-08T11:14:25-0300,-,-,-,"Redirección al perfil de Instagram - Segmentación manual",0,,0,0
2026-08-30,2026-08-30,"Oferta | Img | Remarketing | v1 | 2026-09",active,,,,5000,Diario,0,0,0,"En curso","7 días tras clic o 1 día tras visualización",0,ABSOLUTE_OCPM,2026-09-09T16:25:13-0300,-,-,-,Remarketing,0,,0,0
2026-08-30,2026-08-30,"Awareness - Meme 2 novias",archived,,,,2500,Diario,0,0,0,"En curso","1 día tras clic",0,ABSOLUTE_OCPM,2026-07-08T11:14:25-0300,-,-,-,"Redirección al perfil de Instagram - Segmentación manual",0,,0,0
2026-08-30,2026-08-30,"Placa fija",active,,,,2000,Diario,0,0,0,2026-09-16,"7 días tras clic o 1 día tras visualización",0,ABSOLUTE_OCPM,2026-09-10T09:58:39-0300,-,-,-,"Conjunto 1 - Frio nacional",0,,0,0
2026-08-30,2026-08-30,"Video Lu - San Juan",active,,,,3000,Diario,0,0,0,"En curso","7 días tras clic o 1 día tras visualización",0,ABSOLUTE_OCPM,2026-09-02T11:42:37-0300,-,-,-,"San Juan- Frio - LAL CRM - Video",0,,0,0
2026-08-30,2026-08-30,"Video Lu - Mendoza",active,,,,3000,Diario,0,0,0,"En curso","7 días tras clic o 1 día tras visualización",0,ABSOLUTE_OCPM,2026-09-02T10:06:07-0300,-,-,-,"Mendoza - Frio - LAL CRM - Video",0,,0,0
2026-08-30,2026-08-30,Carrousel,not_delivering,,,,2000,Diario,2262.66,497,374,2026-08-31,"7 días tras clic o 1 día tras visualización",0,ABSOLUTE_OCPM,2026-08-28T15:10:22-0300,-,-,-,"Entrevista en vivo - Campana Repuestos",4552.635815,0.603622,0.802139,1.207243
2026-08-30,2026-08-30,"Placa fija",not_delivering,,,,2000,Diario,0,0,0,2026-08-31,"7 días tras clic o 1 día tras visualización",0,ABSOLUTE_OCPM,2026-08-28T15:10:22-0300,-,-,-,"Entrevista en vivo - Campana Repuestos",0,,0,0
2026-08-30,2026-08-30,"Presencialidad Neuquen - Fija",not_delivering,,,,4000,Diario,1232.76,307,280,2026-08-30,"7 días tras clic o 1 día tras visualización",0,ABSOLUTE_OCPM,2026-08-27T15:51:09-0300,-,-,-,"Campaña Presencialidad Neuquen",4015.504886,,0,0.325733
2026-08-30,2026-08-30,"Placa fija - Copia",not_delivering,,,,1561.28,Diario,0,0,0,"En curso","7 días tras clic o 1 día tras visualización",0,ABSOLUTE_OCPM,2026-08-20T17:56:48-0300,-,-,-,"Demo en VIVO Presencial",0,,0,0
2026-08-30,2026-08-30,"Post de Instagram",not_delivering,,,,1600,Diario,0,0,0,"En curso","7 días tras clic o 1 día tras visualización",0,ABSOLUTE_OCPM,2026-08-13T14:06:05-0300,-,-,-,"Guia | Boxer Taller",0,,0,0
2026-08-30,2026-08-30,"Placa fija",inactive,,,,1561.28,Diario,0,0,0,"En curso","7 días tras clic o 1 día tras visualización",0,ABSOLUTE_OCPM,2026-08-20T17:56:48-0300,-,-,-,"Demo en VIVO Presencial",0,,0,0
2026-08-30,2026-08-30,"Video Pri",not_delivering,,,,5000,Diario,0,0,0,2026-08-13,"7 días tras clic o 1 día tras visualización",0,ABSOLUTE_OCPM,2026-07-30T16:12:18-0300,-,-,-,"Clases de IA en vivo - Joa y Pri",0,,0,0
2026-08-30,2026-08-30,"Placa fija",not_delivering,,,,5000,Diario,0,0,0,2026-08-13,"7 días tras clic o 1 día tras visualización",0,ABSOLUTE_OCPM,2026-07-30T16:12:18-0300,-,-,-,"Clases de IA en vivo - Joa y Pri",0,,0,0
2026-08-30,2026-08-30,"Video Lu - Actualización de precios y stock - Copia",inactive,4,actions:onsite_conversion.messaging_conversation_started_7d,1119.765,5000,Diario,4479.06,3430,3430,"En curso","7 días tras clic o 1 día tras visualización",0,ABSOLUTE_OCPM,2026-07-27T15:50:54-0300,"Por encima del promedio","Por encima del promedio","Por debajo del promedio - 35% de los anuncios menos relevantes","Conversión segmentación similar - Copia",1305.848397,0.845481,0.116618,1.137026
2026-08-30,2026-08-30,"Video Lu",inactive,,,,2000,Diario,0,0,0,"En curso","1 día tras clic",0,ABSOLUTE_OCPM,2026-08-27T17:05:50-0300,-,-,-,"Nuevo conjunto de anuncios de Tráfico",0,,0,0
2026-08-30,2026-08-30,"Placa fija 1",not_delivering,,,,2500,Diario,0,0,0,"En curso","7 días tras clic o 1 día tras visualización",0,ABSOLUTE_OCPM,2026-07-23T10:55:48-0300,-,-,-,"Serie Datos e IA",0,,0,0
2026-08-30,2026-08-30,"Carrousel de Tips",active,32,profile_visit_view,70.679375,2000,Diario,2261.74,1988,1872,"En curso","1 día tras clic",0,ABSOLUTE_OCPM,2026-08-27T17:05:50-0300,"Por encima del promedio",-,-,"Nuevo conjunto de anuncios de Tráfico",1137.696177,1.65996,1.762821,1.559356
2026-08-30,2026-08-30,"Conocimiento - Funcionalidad - Precios y proveedores",active,,,,2500,Diario,1.97,2,2,"En curso","1 día tras clic",0,ABSOLUTE_OCPM,2026-07-08T11:14:25-0300,-,-,-,"Redirección al perfil de Instagram - Segmentación manual",985,,0,0
2026-08-30,2026-08-30,"Remarketing - Casos de éxito - JUL26",active,3,actions:lead,2445.37333333,5000,Diario,7336.12,2092,1628,"En curso","7 días tras clic o 1 día tras visualización",0,ABSOLUTE_OCPM,2026-09-09T16:25:13-0300,-,-,-,Remarketing,3506.749522,0.956023,1.228501,1.481836
2026-08-30,2026-08-30,"Video Lu - Actualización de precios y stock",active,4,actions:lead,2127.235,7000,Diario,8508.94,1618,1456,"En curso","7 días tras clic o 1 día tras visualización",0,ABSOLUTE_OCPM,2026-08-21T17:21:00-0300,Promedio,-,-,"Conversión segmentación similar",5258.924598,1.297899,1.373626,2.286774
2026-08-30,2026-08-30,"Conocimiento - Estado del rubro",active,78,profile_visit_view,40.44371795,2500,Diario,3154.61,4052,4052,"En curso","1 día tras clic",0,ABSOLUTE_OCPM,2026-07-08T11:14:25-0300,"Por encima del promedio",-,-,"Redirección al perfil de Instagram - Segmentación manual",778.531589,1.999013,1.875617,1.974334
2026-08-29,2026-08-29,"Como tener 2 novias",active,,,,2500,Diario,0,0,0,"En curso","1 día tras clic",0,ABSOLUTE_OCPM,2026-07-08T11:14:25-0300,-,-,-,"Redirección al perfil de Instagram - Segmentación manual",0,,0,0
2026-08-29,2026-08-29,"Oferta | Img | Remarketing | v1 | 2026-09",active,,,,5000,Diario,0,0,0,"En curso","7 días tras clic o 1 día tras visualización",0,ABSOLUTE_OCPM,2026-09-09T16:25:13-0300,-,-,-,Remarketing,0,,0,0
2026-08-29,2026-08-29,"Awareness - Meme 2 novias",archived,,,,2500,Diario,0,0,0,"En curso","1 día tras clic",0,ABSOLUTE_OCPM,2026-07-08T11:14:25-0300,-,-,-,"Redirección al perfil de Instagram - Segmentación manual",0,,0,0
2026-08-29,2026-08-29,"Placa fija",active,,,,2000,Diario,0,0,0,2026-09-16,"7 días tras clic o 1 día tras visualización",0,ABSOLUTE_OCPM,2026-09-10T09:58:39-0300,-,-,-,"Conjunto 1 - Frio nacional",0,,0,0
2026-08-29,2026-08-29,"Video Lu - San Juan",active,,,,3000,Diario,0,0,0,"En curso","7 días tras clic o 1 día tras visualización",0,ABSOLUTE_OCPM,2026-09-02T11:42:37-0300,-,-,-,"San Juan- Frio - LAL CRM - Video",0,,0,0
2026-08-29,2026-08-29,"Video Lu - Mendoza",active,,,,3000,Diario,0,0,0,"En curso","7 días tras clic o 1 día tras visualización",0,ABSOLUTE_OCPM,2026-09-02T10:06:07-0300,-,-,-,"Mendoza - Frio - LAL CRM - Video",0,,0,0
2026-08-29,2026-08-29,Carrousel,not_delivering,,,,2000,Diario,3335.17,752,495,2026-08-31,"7 días tras clic o 1 día tras visualización",0,ABSOLUTE_OCPM,2026-08-28T15:10:22-0300,-,-,-,"Entrevista en vivo - Campana Repuestos",4435.066489,0.265957,0.40404,1.06383
2026-08-29,2026-08-29,"Placa fija",not_delivering,,,,2000,Diario,0,0,0,2026-08-31,"7 días tras clic o 1 día tras visualización",0,ABSOLUTE_OCPM,2026-08-28T15:10:22-0300,-,-,-,"Entrevista en vivo - Campana Repuestos",0,,0,0
2026-08-29,2026-08-29,"Presencialidad Neuquen - Fija",not_delivering,,,,4000,Diario,6819.12,1770,1326,2026-08-30,"7 días tras clic o 1 día tras visualización",0,ABSOLUTE_OCPM,2026-08-27T15:51:09-0300,Promedio,"Por debajo del promedio - 35% de los anuncios menos relevantes",Promedio,"Campaña Presencialidad Neuquen",3852.610169,0.79096,0.980392,0.960452
2026-08-29,2026-08-29,"Placa fija - Copia",not_delivering,,,,1561.28,Diario,0,0,0,"En curso","7 días tras clic o 1 día tras visualización",0,ABSOLUTE_OCPM,2026-08-20T17:56:48-0300,-,-,-,"Demo en VIVO Presencial",0,,0,0
2026-08-29,2026-08-29,"Post de Instagram",not_delivering,,,,1600,Diario,0,0,0,"En curso","7 días tras clic o 1 día tras visualización",0,ABSOLUTE_OCPM,2026-08-13T14:06:05-0300,-,-,-,"Guia | Boxer Taller",0,,0,0
2026-08-29,2026-08-29,"Placa fija",inactive,,,,1561.28,Diario,0,0,0,"En curso","7 días tras clic o 1 día tras visualización",0,ABSOLUTE_OCPM,2026-08-20T17:56:48-0300,-,-,-,"Demo en VIVO Presencial",0,,0,0
2026-08-29,2026-08-29,"Video Pri",not_delivering,,,,5000,Diario,0,0,0,2026-08-13,"7 días tras clic o 1 día tras visualización",0,ABSOLUTE_OCPM,2026-07-30T16:12:18-0300,-,-,-,"Clases de IA en vivo - Joa y Pri",0,,0,0
2026-08-29,2026-08-29,"Placa fija",not_delivering,,,,5000,Diario,0,0,0,2026-08-13,"7 días tras clic o 1 día tras visualización",0,ABSOLUTE_OCPM,2026-07-30T16:12:18-0300,-,-,-,"Clases de IA en vivo - Joa y Pri",0,,0,0
2026-08-29,2026-08-29,"Video Lu - Actualización de precios y stock - Copia",inactive,3,actions:onsite_conversion.messaging_conversation_started_7d,1549.2,5000,Diario,4647.6,5006,4862,"En curso","7 días tras clic o 1 día tras visualización",0,ABSOLUTE_OCPM,2026-07-27T15:50:54-0300,"Por encima del promedio",Promedio,Promedio,"Conversión segmentación similar - Copia",928.405913,0.739113,0.143974,0.958849
2026-08-29,2026-08-29,"Video Lu",inactive,,,,2000,Diario,0,0,0,"En curso","1 día tras clic",0,ABSOLUTE_OCPM,2026-08-27T17:05:50-0300,-,-,-,"Nuevo conjunto de anuncios de Tráfico",0,,0,0
2026-08-29,2026-08-29,"Placa fija 1",not_delivering,,,,2500,Diario,0,0,0,"En curso","7 días tras clic o 1 día tras visualización",0,ABSOLUTE_OCPM,2026-07-23T10:55:48-0300,-,-,-,"Serie Datos e IA",0,,0,0
2026-08-29,2026-08-29,"Carrousel de Tips",active,56,profile_visit_view,61.17446429,2000,Diario,3425.77,2822,2679,"En curso","1 día tras clic",0,ABSOLUTE_OCPM,2026-08-27T17:05:50-0300,"Por encima del promedio",-,-,"Nuevo conjunto de anuncios de Tráfico",1213.951099,2.126152,2.164987,2.090716
2026-08-29,2026-08-29,"Conocimiento - Funcionalidad - Precios y proveedores",active,,,,2500,Diario,0,0,0,"En curso","1 día tras clic",0,ABSOLUTE_OCPM,2026-07-08T11:14:25-0300,-,-,-,"Redirección al perfil de Instagram - Segmentación manual",0,,0,0
2026-08-29,2026-08-29,"Remarketing - Casos de éxito - JUL26",active,3,actions:lead,1847.80333333,5000,Diario,5543.41,1685,1462,"En curso","7 días tras clic o 1 día tras visualización",0,ABSOLUTE_OCPM,2026-09-09T16:25:13-0300,-,-,-,Remarketing,3289.857567,0.771513,0.889193,1.48368
2026-08-29,2026-08-29,"Video Lu - Actualización de precios y stock",active,1,actions:lead,6314.77,7000,Diario,6314.77,1263,1154,"En curso","7 días tras clic o 1 día tras visualización",0,ABSOLUTE_OCPM,2026-08-21T17:21:00-0300,Promedio,-,-,"Conversión segmentación similar",4999.817894,0.712589,0.779896,1.821061
2026-08-29,2026-08-29,"Conocimiento - Estado del rubro",active,70,profile_visit_view,33.92928571,2500,Diario,2375.05,2794,2793,"En curso","1 día tras clic",0,ABSOLUTE_OCPM,2026-07-08T11:14:25-0300,Promedio,-,-,"Redirección al perfil de Instagram - Segmentación manual",850.053686,2.684324,2.434658,2.576951
2026-08-28,2026-08-28,"Como tener 2 novias",active,,,,2500,Diario,0,0,0,"En curso","1 día tras clic",0,ABSOLUTE_OCPM,2026-07-08T11:14:25-0300,-,-,-,"Redirección al perfil de Instagram - Segmentación manual",0,,0,0
2026-08-28,2026-08-28,"Oferta | Img | Remarketing | v1 | 2026-09",active,,,,5000,Diario,0,0,0,"En curso","7 días tras clic o 1 día tras visualización",0,ABSOLUTE_OCPM,2026-09-09T16:25:13-0300,-,-,-,Remarketing,0,,0,0
2026-08-28,2026-08-28,"Awareness - Meme 2 novias",archived,,,,2500,Diario,0,0,0,"En curso","1 día tras clic",0,ABSOLUTE_OCPM,2026-07-08T11:14:25-0300,-,-,-,"Redirección al perfil de Instagram - Segmentación manual",0,,0,0
2026-08-28,2026-08-28,"Placa fija",active,,,,2000,Diario,0,0,0,2026-09-16,"7 días tras clic o 1 día tras visualización",0,ABSOLUTE_OCPM,2026-09-10T09:58:39-0300,-,-,-,"Conjunto 1 - Frio nacional",0,,0,0
2026-08-28,2026-08-28,"Video Lu - San Juan",active,,,,3000,Diario,0,0,0,"En curso","7 días tras clic o 1 día tras visualización",0,ABSOLUTE_OCPM,2026-09-02T11:42:37-0300,-,-,-,"San Juan- Frio - LAL CRM - Video",0,,0,0
2026-08-28,2026-08-28,"Video Lu - Mendoza",active,,,,3000,Diario,0,0,0,"En curso","7 días tras clic o 1 día tras visualización",0,ABSOLUTE_OCPM,2026-09-02T10:06:07-0300,-,-,-,"Mendoza - Frio - LAL CRM - Video",0,,0,0
2026-08-28,2026-08-28,Carrousel,not_delivering,,,,2000,Diario,2896.25,551,456,2026-08-31,"7 días tras clic o 1 día tras visualización",0,ABSOLUTE_OCPM,2026-08-28T15:10:22-0300,-,-,-,"Entrevista en vivo - Campana Repuestos",5256.352087,0.544465,0.438596,0.725953
2026-08-28,2026-08-28,"Placa fija",not_delivering,,,,2000,Diario,0,0,0,2026-08-31,"7 días tras clic o 1 día tras visualización",0,ABSOLUTE_OCPM,2026-08-28T15:10:22-0300,-,-,-,"Entrevista en vivo - Campana Repuestos",0,,0,0
2026-08-28,2026-08-28,"Presencialidad Neuquen - Fija",not_delivering,2,actions:leadgen.other,3477.15,4000,Diario,6954.3,1432,956,2026-08-30,"7 días tras clic o 1 día tras visualización",0,ABSOLUTE_OCPM,2026-08-27T15:51:09-0300,Promedio,"Por debajo del promedio - 35% de los anuncios menos relevantes",Promedio,"Campaña Presencialidad Neuquen",4856.354749,0.558659,0.732218,0.977654
2026-08-28,2026-08-28,"Placa fija - Copia",not_delivering,,,,1561.28,Diario,0,0,0,"En curso","7 días tras clic o 1 día tras visualización",0,ABSOLUTE_OCPM,2026-08-20T17:56:48-0300,-,-,-,"Demo en VIVO Presencial",0,,0,0
2026-08-28,2026-08-28,"Post de Instagram",not_delivering,,,,1600,Diario,0,0,0,"En curso","7 días tras clic o 1 día tras visualización",0,ABSOLUTE_OCPM,2026-08-13T14:06:05-0300,-,-,-,"Guia | Boxer Taller",0,,0,0
2026-08-28,2026-08-28,"Placa fija",inactive,,,,1561.28,Diario,0,0,0,"En curso","7 días tras clic o 1 día tras visualización",0,ABSOLUTE_OCPM,2026-08-20T17:56:48-0300,-,-,-,"Demo en VIVO Presencial",0,,0,0
2026-08-28,2026-08-28,"Video Pri",not_delivering,,,,5000,Diario,0,0,0,2026-08-13,"7 días tras clic o 1 día tras visualización",0,ABSOLUTE_OCPM,2026-07-30T16:12:18-0300,-,-,-,"Clases de IA en vivo - Joa y Pri",0,,0,0
2026-08-28,2026-08-28,"Placa fija",not_delivering,,,,5000,Diario,0,0,0,2026-08-13,"7 días tras clic o 1 día tras visualización",0,ABSOLUTE_OCPM,2026-07-30T16:12:18-0300,-,-,-,"Clases de IA en vivo - Joa y Pri",0,,0,0
2026-08-28,2026-08-28,"Video Lu - Actualización de precios y stock - Copia",inactive,3,actions:onsite_conversion.messaging_conversation_started_7d,1685.21333333,5000,Diario,5055.64,3830,3643,"En curso","7 días tras clic o 1 día tras visualización",0,ABSOLUTE_OCPM,2026-07-27T15:50:54-0300,"Por encima del promedio","Por encima del promedio","Por debajo del promedio - 35% de los anuncios menos relevantes","Conversión segmentación similar - Copia",1320.010444,0.731071,0.247049,0.913838
2026-08-28,2026-08-28,"Video Lu",inactive,,,,2000,Diario,0,0,0,"En curso","1 día tras clic",0,ABSOLUTE_OCPM,2026-08-27T17:05:50-0300,-,-,-,"Nuevo conjunto de anuncios de Tráfico",0,,0,0
2026-08-28,2026-08-28,"Placa fija 1",not_delivering,,,,2500,Diario,0,0,0,"En curso","7 días tras clic o 1 día tras visualización",0,ABSOLUTE_OCPM,2026-07-23T10:55:48-0300,-,-,-,"Serie Datos e IA",0,,0,0
2026-08-28,2026-08-28,"Carrousel de Tips",active,22,profile_visit_view,156.33181818,2000,Diario,3439.3,1207,1193,"En curso","1 día tras clic",0,ABSOLUTE_OCPM,2026-08-27T17:05:50-0300,-,-,-,"Nuevo conjunto de anuncios de Tráfico",2849.461475,1.822701,1.844091,1.822701
2026-08-28,2026-08-28,"Conocimiento - Funcionalidad - Precios y proveedores",active,,,,2500,Diario,0,0,0,"En curso","1 día tras clic",0,ABSOLUTE_OCPM,2026-07-08T11:14:25-0300,-,-,-,"Redirección al perfil de Instagram - Segmentación manual",0,,0,0
2026-08-28,2026-08-28,"Remarketing - Casos de éxito - JUL26",active,2,actions:lead,2943.71,5000,Diario,5887.42,1678,1370,"En curso","7 días tras clic o 1 día tras visualización",0,ABSOLUTE_OCPM,2026-09-09T16:25:13-0300,-,-,-,Remarketing,3508.593564,0.953516,1.094891,1.430274
2026-08-28,2026-08-28,"Video Lu - Actualización de precios y stock",active,2,actions:lead,3268.425,7000,Diario,6536.85,1382,1205,"En curso","7 días tras clic o 1 día tras visualización",0,ABSOLUTE_OCPM,2026-08-21T17:21:00-0300,Promedio,-,-,"Conversión segmentación similar",4729.992764,0.940666,1.078838,1.95369
2026-08-28,2026-08-28,"Conocimiento - Estado del rubro",active,52,profile_visit_view,49.00980769,2500,Diario,2548.51,3004,2997,"En curso","1 día tras clic",0,ABSOLUTE_OCPM,2026-07-08T11:14:25-0300,Promedio,-,-,"Redirección al perfil de Instagram - Segmentación manual",848.37217,1.664447,1.668335,1.664447
2026-08-27,2026-08-27,"Como tener 2 novias",active,,,,2500,Diario,0,0,0,"En curso","1 día tras clic",0,ABSOLUTE_OCPM,2026-07-08T11:14:25-0300,-,-,-,"Redirección al perfil de Instagram - Segmentación manual",0,,0,0
2026-08-27,2026-08-27,"Oferta | Img | Remarketing | v1 | 2026-09",active,,,,5000,Diario,0,0,0,"En curso","7 días tras clic o 1 día tras visualización",0,ABSOLUTE_OCPM,2026-09-09T16:25:13-0300,-,-,-,Remarketing,0,,0,0
2026-08-27,2026-08-27,"Awareness - Meme 2 novias",archived,,,,2500,Diario,0,0,0,"En curso","1 día tras clic",0,ABSOLUTE_OCPM,2026-07-08T11:14:25-0300,-,-,-,"Redirección al perfil de Instagram - Segmentación manual",0,,0,0
2026-08-27,2026-08-27,"Placa fija",active,,,,2000,Diario,0,0,0,2026-09-16,"7 días tras clic o 1 día tras visualización",0,ABSOLUTE_OCPM,2026-09-10T09:58:39-0300,-,-,-,"Conjunto 1 - Frio nacional",0,,0,0
2026-08-27,2026-08-27,"Video Lu - San Juan",active,,,,3000,Diario,0,0,0,"En curso","7 días tras clic o 1 día tras visualización",0,ABSOLUTE_OCPM,2026-09-02T11:42:37-0300,-,-,-,"San Juan- Frio - LAL CRM - Video",0,,0,0
2026-08-27,2026-08-27,"Video Lu - Mendoza",active,,,,3000,Diario,0,0,0,"En curso","7 días tras clic o 1 día tras visualización",0,ABSOLUTE_OCPM,2026-09-02T10:06:07-0300,-,-,-,"Mendoza - Frio - LAL CRM - Video",0,,0,0
2026-08-27,2026-08-27,Carrousel,not_delivering,,,,2000,Diario,0,0,0,2026-08-31,"7 días tras clic o 1 día tras visualización",0,ABSOLUTE_OCPM,2026-08-28T15:10:22-0300,-,-,-,"Entrevista en vivo - Campana Repuestos",0,,0,0
2026-08-27,2026-08-27,"Placa fija",not_delivering,,,,2000,Diario,0,0,0,2026-08-31,"7 días tras clic o 1 día tras visualización",0,ABSOLUTE_OCPM,2026-08-28T15:10:22-0300,-,-,-,"Entrevista en vivo - Campana Repuestos",0,,0,0
2026-08-27,2026-08-27,"Presencialidad Neuquen - Fija",not_delivering,1,actions:leadgen.other,4459.33,4000,Diario,4459.33,1009,720,2026-08-30,"7 días tras clic o 1 día tras visualización",0,ABSOLUTE_OCPM,2026-08-27T15:51:09-0300,Promedio,Promedio,"Por debajo del promedio - 35% de los anuncios menos relevantes","Campaña Presencialidad Neuquen",4419.554014,0.594648,0.833333,0.99108
2026-08-27,2026-08-27,"Placa fija - Copia",not_delivering,,,,1561.28,Diario,0,0,0,"En curso","7 días tras clic o 1 día tras visualización",0,ABSOLUTE_OCPM,2026-08-20T17:56:48-0300,-,-,-,"Demo en VIVO Presencial",0,,0,0
2026-08-27,2026-08-27,"Post de Instagram",not_delivering,,,,1600,Diario,0,0,0,"En curso","7 días tras clic o 1 día tras visualización",0,ABSOLUTE_OCPM,2026-08-13T14:06:05-0300,-,-,-,"Guia | Boxer Taller",0,,0,0
2026-08-27,2026-08-27,"Placa fija",inactive,,,,1561.28,Diario,0,0,0,"En curso","7 días tras clic o 1 día tras visualización",0,ABSOLUTE_OCPM,2026-08-20T17:56:48-0300,-,-,-,"Demo en VIVO Presencial",0,,0,0
2026-08-27,2026-08-27,"Video Pri",not_delivering,,,,5000,Diario,0,0,0,2026-08-13,"7 días tras clic o 1 día tras visualización",0,ABSOLUTE_OCPM,2026-07-30T16:12:18-0300,-,-,-,"Clases de IA en vivo - Joa y Pri",0,,0,0
2026-08-27,2026-08-27,"Placa fija",not_delivering,,,,5000,Diario,0,0,0,2026-08-13,"7 días tras clic o 1 día tras visualización",0,ABSOLUTE_OCPM,2026-07-30T16:12:18-0300,-,-,-,"Clases de IA en vivo - Joa y Pri",0,,0,0
2026-08-27,2026-08-27,"Video Lu - Actualización de precios y stock - Copia",inactive,3,actions:onsite_conversion.messaging_conversation_started_7d,1583.24,5000,Diario,4749.72,3154,2863,"En curso","7 días tras clic o 1 día tras visualización",0,ABSOLUTE_OCPM,2026-07-27T15:50:54-0300,"Por encima del promedio","Por encima del promedio","Por debajo del promedio - 35% de los anuncios menos relevantes","Conversión segmentación similar - Copia",1505.93532,0.538998,0.104785,0.729233
2026-08-27,2026-08-27,"Video Lu",inactive,12,profile_visit_view,291.50583333,2000,Diario,3498.07,1091,1091,"En curso","1 día tras clic",0,ABSOLUTE_OCPM,2026-08-27T17:05:50-0300,-,-,-,"Nuevo conjunto de anuncios de Tráfico",3206.296975,1.283226,1.283226,3.116407
2026-08-27,2026-08-27,"Placa fija 1",not_delivering,,,,2500,Diario,0,0,0,"En curso","7 días tras clic o 1 día tras visualización",0,ABSOLUTE_OCPM,2026-07-23T10:55:48-0300,-,-,-,"Serie Datos e IA",0,,0,0
2026-08-27,2026-08-27,"Carrousel de Tips",active,,,,2000,Diario,0,0,0,"En curso","1 día tras clic",0,ABSOLUTE_OCPM,2026-08-27T17:05:50-0300,-,-,-,"Nuevo conjunto de anuncios de Tráfico",0,,0,0
2026-08-27,2026-08-27,"Conocimiento - Funcionalidad - Precios y proveedores",active,,,,2500,Diario,0,0,0,"En curso","1 día tras clic",0,ABSOLUTE_OCPM,2026-07-08T11:14:25-0300,-,-,-,"Redirección al perfil de Instagram - Segmentación manual",0,,0,0
2026-08-27,2026-08-27,"Remarketing - Casos de éxito - JUL26",active,3,actions:lead,2074.49333333,5000,Diario,6223.48,1771,1480,"En curso","7 días tras clic o 1 día tras visualización",0,ABSOLUTE_OCPM,2026-09-09T16:25:13-0300,-,-,-,Remarketing,3514.105025,1.07284,1.283784,1.750423
2026-08-27,2026-08-27,"Video Lu - Actualización de precios y stock",active,3,actions:lead,2072.27,7000,Diario,6216.81,1044,921,"En curso","7 días tras clic o 1 día tras visualización",0,ABSOLUTE_OCPM,2026-08-21T17:21:00-0300,Promedio,-,-,"Conversión segmentación similar",5954.798851,1.340996,1.302932,2.586207
2026-08-27,2026-08-27,"Conocimiento - Estado del rubro",active,58,profile_visit_view,37.88775862,2500,Diario,2197.49,2611,2608,"En curso","1 día tras clic",0,ABSOLUTE_OCPM,2026-07-08T11:14:25-0300,Promedio,-,-,"Redirección al perfil de Instagram - Segmentación manual",841.627729,2.412869,2.147239,2.374569
2026-08-26,2026-08-26,"Como tener 2 novias",active,,,,2500,Diario,0,0,0,"En curso","1 día tras clic",0,ABSOLUTE_OCPM,2026-07-08T11:14:25-0300,-,-,-,"Redirección al perfil de Instagram - Segmentación manual",0,,0,0
2026-08-26,2026-08-26,"Oferta | Img | Remarketing | v1 | 2026-09",active,,,,5000,Diario,0,0,0,"En curso","7 días tras clic o 1 día tras visualización",0,ABSOLUTE_OCPM,2026-09-09T16:25:13-0300,-,-,-,Remarketing,0,,0,0
2026-08-26,2026-08-26,"Awareness - Meme 2 novias",archived,,,,2500,Diario,0,0,0,"En curso","1 día tras clic",0,ABSOLUTE_OCPM,2026-07-08T11:14:25-0300,-,-,-,"Redirección al perfil de Instagram - Segmentación manual",0,,0,0
2026-08-26,2026-08-26,"Placa fija",active,,,,2000,Diario,0,0,0,2026-09-16,"7 días tras clic o 1 día tras visualización",0,ABSOLUTE_OCPM,2026-09-10T09:58:39-0300,-,-,-,"Conjunto 1 - Frio nacional",0,,0,0
2026-08-26,2026-08-26,"Video Lu - San Juan",active,,,,3000,Diario,0,0,0,"En curso","7 días tras clic o 1 día tras visualización",0,ABSOLUTE_OCPM,2026-09-02T11:42:37-0300,-,-,-,"San Juan- Frio - LAL CRM - Video",0,,0,0
2026-08-26,2026-08-26,"Video Lu - Mendoza",active,,,,3000,Diario,0,0,0,"En curso","7 días tras clic o 1 día tras visualización",0,ABSOLUTE_OCPM,2026-09-02T10:06:07-0300,-,-,-,"Mendoza - Frio - LAL CRM - Video",0,,0,0
2026-08-26,2026-08-26,Carrousel,not_delivering,,,,2000,Diario,0,0,0,2026-08-31,"7 días tras clic o 1 día tras visualización",0,ABSOLUTE_OCPM,2026-08-28T15:10:22-0300,-,-,-,"Entrevista en vivo - Campana Repuestos",0,,0,0
2026-08-26,2026-08-26,"Placa fija",not_delivering,,,,2000,Diario,0,0,0,2026-08-31,"7 días tras clic o 1 día tras visualización",0,ABSOLUTE_OCPM,2026-08-28T15:10:22-0300,-,-,-,"Entrevista en vivo - Campana Repuestos",0,,0,0
2026-08-26,2026-08-26,"Presencialidad Neuquen - Fija",not_delivering,,,,4000,Diario,0,0,0,2026-08-30,"7 días tras clic o 1 día tras visualización",0,ABSOLUTE_OCPM,2026-08-27T15:51:09-0300,-,-,-,"Campaña Presencialidad Neuquen",0,,0,0
2026-08-26,2026-08-26,"Placa fija - Copia",not_delivering,,,,1561.28,Diario,0,0,0,"En curso","7 días tras clic o 1 día tras visualización",0,ABSOLUTE_OCPM,2026-08-20T17:56:48-0300,-,-,-,"Demo en VIVO Presencial",0,,0,0
2026-08-26,2026-08-26,"Post de Instagram",not_delivering,,,,1600,Diario,0,0,0,"En curso","7 días tras clic o 1 día tras visualización",0,ABSOLUTE_OCPM,2026-08-13T14:06:05-0300,-,-,-,"Guia | Boxer Taller",0,,0,0
2026-08-26,2026-08-26,"Placa fija",inactive,,,,1561.28,Diario,0,0,0,"En curso","7 días tras clic o 1 día tras visualización",0,ABSOLUTE_OCPM,2026-08-20T17:56:48-0300,-,-,-,"Demo en VIVO Presencial",0,,0,0
2026-08-26,2026-08-26,"Video Pri",not_delivering,,,,5000,Diario,0,0,0,2026-08-13,"7 días tras clic o 1 día tras visualización",0,ABSOLUTE_OCPM,2026-07-30T16:12:18-0300,-,-,-,"Clases de IA en vivo - Joa y Pri",0,,0,0
2026-08-26,2026-08-26,"Placa fija",not_delivering,,,,5000,Diario,0,0,0,2026-08-13,"7 días tras clic o 1 día tras visualización",0,ABSOLUTE_OCPM,2026-07-30T16:12:18-0300,-,-,-,"Clases de IA en vivo - Joa y Pri",0,,0,0
2026-08-26,2026-08-26,"Video Lu - Actualización de precios y stock - Copia",inactive,5,actions:onsite_conversion.messaging_conversation_started_7d,1146.464,5000,Diario,5732.32,5968,5791,"En curso","7 días tras clic o 1 día tras visualización",0,ABSOLUTE_OCPM,2026-07-27T15:50:54-0300,"Por encima del promedio","Por encima del promedio","Por debajo del promedio - 35% de los anuncios menos relevantes","Conversión segmentación similar - Copia",960.509383,0.703753,0.120877,0.854558
2026-08-26,2026-08-26,"Video Lu",inactive,1,profile_visit_view,757.59,2000,Diario,757.59,219,219,"En curso","1 día tras clic",0,ABSOLUTE_OCPM,2026-08-27T17:05:50-0300,-,-,-,"Nuevo conjunto de anuncios de Tráfico",3459.315068,0.456621,0.456621,1.826484
2026-08-26,2026-08-26,"Placa fija 1",not_delivering,,,,2500,Diario,0,0,0,"En curso","7 días tras clic o 1 día tras visualización",0,ABSOLUTE_OCPM,2026-07-23T10:55:48-0300,-,-,-,"Serie Datos e IA",0,,0,0
2026-08-26,2026-08-26,"Carrousel de Tips",active,,,,2000,Diario,0,0,0,"En curso","1 día tras clic",0,ABSOLUTE_OCPM,2026-08-27T17:05:50-0300,-,-,-,"Nuevo conjunto de anuncios de Tráfico",0,,0,0
2026-08-26,2026-08-26,"Conocimiento - Funcionalidad - Precios y proveedores",active,,,,2500,Diario,0,0,0,"En curso","1 día tras clic",0,ABSOLUTE_OCPM,2026-07-08T11:14:25-0300,-,-,-,"Redirección al perfil de Instagram - Segmentación manual",0,,0,0
2026-08-26,2026-08-26,"Remarketing - Casos de éxito - JUL26",active,2,actions:lead,3225.87,5000,Diario,6451.74,1776,1505,"En curso","7 días tras clic o 1 día tras visualización",0,ABSOLUTE_OCPM,2026-09-09T16:25:13-0300,-,-,-,Remarketing,3632.736486,0.900901,1.063123,1.463964
2026-08-26,2026-08-26,"Video Lu - Actualización de precios y stock",active,1,actions:lead,6420.27,7000,Diario,6420.27,1099,969,"En curso","7 días tras clic o 1 día tras visualización",0,ABSOLUTE_OCPM,2026-08-21T17:21:00-0300,Promedio,-,-,"Conversión segmentación similar",5841.919927,1.273885,1.444788,2.638763
2026-08-26,2026-08-26,"Conocimiento - Estado del rubro",active,75,profile_visit_view,34.32546667,2500,Diario,2574.41,3039,3014,"En curso","1 día tras clic",0,ABSOLUTE_OCPM,2026-07-08T11:14:25-0300,"Por encima del promedio",-,-,"Redirección al perfil de Instagram - Segmentación manual",847.124054,2.402106,2.322495,2.402106
2026-08-25,2026-08-25,"Como tener 2 novias",active,,,,2500,Diario,0,0,0,"En curso","1 día tras clic",0,ABSOLUTE_OCPM,2026-07-08T11:14:25-0300,-,-,-,"Redirección al perfil de Instagram - Segmentación manual",0,,0,0
2026-08-25,2026-08-25,"Oferta | Img | Remarketing | v1 | 2026-09",active,,,,5000,Diario,0,0,0,"En curso","7 días tras clic o 1 día tras visualización",0,ABSOLUTE_OCPM,2026-09-09T16:25:13-0300,-,-,-,Remarketing,0,,0,0
2026-08-25,2026-08-25,"Awareness - Meme 2 novias",archived,,,,2500,Diario,0,0,0,"En curso","1 día tras clic",0,ABSOLUTE_OCPM,2026-07-08T11:14:25-0300,-,-,-,"Redirección al perfil de Instagram - Segmentación manual",0,,0,0
2026-08-25,2026-08-25,"Placa fija",active,,,,2000,Diario,0,0,0,2026-09-16,"7 días tras clic o 1 día tras visualización",0,ABSOLUTE_OCPM,2026-09-10T09:58:39-0300,-,-,-,"Conjunto 1 - Frio nacional",0,,0,0
2026-08-25,2026-08-25,"Video Lu - San Juan",active,,,,3000,Diario,0,0,0,"En curso","7 días tras clic o 1 día tras visualización",0,ABSOLUTE_OCPM,2026-09-02T11:42:37-0300,-,-,-,"San Juan- Frio - LAL CRM - Video",0,,0,0
2026-08-25,2026-08-25,"Video Lu - Mendoza",active,,,,3000,Diario,0,0,0,"En curso","7 días tras clic o 1 día tras visualización",0,ABSOLUTE_OCPM,2026-09-02T10:06:07-0300,-,-,-,"Mendoza - Frio - LAL CRM - Video",0,,0,0
2026-08-25,2026-08-25,Carrousel,not_delivering,,,,2000,Diario,0,0,0,2026-08-31,"7 días tras clic o 1 día tras visualización",0,ABSOLUTE_OCPM,2026-08-28T15:10:22-0300,-,-,-,"Entrevista en vivo - Campana Repuestos",0,,0,0
2026-08-25,2026-08-25,"Placa fija",not_delivering,,,,2000,Diario,1176.85,290,239,2026-08-31,"7 días tras clic o 1 día tras visualización",0,ABSOLUTE_OCPM,2026-08-28T15:10:22-0300,-,-,-,"Entrevista en vivo - Campana Repuestos",4058.103448,0.344828,0.41841,0.689655
2026-08-25,2026-08-25,"Presencialidad Neuquen - Fija",not_delivering,,,,4000,Diario,0,0,0,2026-08-30,"7 días tras clic o 1 día tras visualización",0,ABSOLUTE_OCPM,2026-08-27T15:51:09-0300,-,-,-,"Campaña Presencialidad Neuquen",0,,0,0
2026-08-25,2026-08-25,"Placa fija - Copia",not_delivering,,,,1561.28,Diario,0,0,0,"En curso","7 días tras clic o 1 día tras visualización",0,ABSOLUTE_OCPM,2026-08-20T17:56:48-0300,-,-,-,"Demo en VIVO Presencial",0,,0,0
2026-08-25,2026-08-25,"Post de Instagram",not_delivering,,,,1600,Diario,0,0,0,"En curso","7 días tras clic o 1 día tras visualización",0,ABSOLUTE_OCPM,2026-08-13T14:06:05-0300,-,-,-,"Guia | Boxer Taller",0,,0,0
2026-08-25,2026-08-25,"Placa fija",inactive,,,,1561.28,Diario,0,0,0,"En curso","7 días tras clic o 1 día tras visualización",0,ABSOLUTE_OCPM,2026-08-20T17:56:48-0300,-,-,-,"Demo en VIVO Presencial",0,,0,0
2026-08-25,2026-08-25,"Video Pri",not_delivering,,,,5000,Diario,0,0,0,2026-08-13,"7 días tras clic o 1 día tras visualización",0,ABSOLUTE_OCPM,2026-07-30T16:12:18-0300,-,-,-,"Clases de IA en vivo - Joa y Pri",0,,0,0
2026-08-25,2026-08-25,"Placa fija",not_delivering,,,,5000,Diario,0,0,0,2026-08-13,"7 días tras clic o 1 día tras visualización",0,ABSOLUTE_OCPM,2026-07-30T16:12:18-0300,-,-,-,"Clases de IA en vivo - Joa y Pri",0,,0,0
2026-08-25,2026-08-25,"Video Lu - Actualización de precios y stock - Copia",inactive,2,actions:onsite_conversion.messaging_conversation_started_7d,2534.565,5000,Diario,5069.13,3785,3429,"En curso","7 días tras clic o 1 día tras visualización",0,ABSOLUTE_OCPM,2026-07-27T15:50:54-0300,Promedio,"Por encima del promedio","Por debajo del promedio - 20% de los anuncios menos relevantes","Conversión segmentación similar - Copia",1339.268164,0.660502,0.145815,0.977543
2026-08-25,2026-08-25,"Video Lu",inactive,1,profile_visit_view,300.29,2000,Diario,300.29,143,143,"En curso","1 día tras clic",0,ABSOLUTE_OCPM,2026-08-27T17:05:50-0300,-,-,-,"Nuevo conjunto de anuncios de Tráfico",2099.93007,0.699301,0.699301,2.097902
2026-08-25,2026-08-25,"Placa fija 1",not_delivering,,,,2500,Diario,0,0,0,"En curso","7 días tras clic o 1 día tras visualización",0,ABSOLUTE_OCPM,2026-07-23T10:55:48-0300,-,-,-,"Serie Datos e IA",0,,0,0
2026-08-25,2026-08-25,"Carrousel de Tips",active,,,,2000,Diario,0,0,0,"En curso","1 día tras clic",0,ABSOLUTE_OCPM,2026-08-27T17:05:50-0300,-,-,-,"Nuevo conjunto de anuncios de Tráfico",0,,0,0
2026-08-25,2026-08-25,"Conocimiento - Funcionalidad - Precios y proveedores",active,,,,2500,Diario,0.17,1,1,"En curso","1 día tras clic",0,ABSOLUTE_OCPM,2026-07-08T11:14:25-0300,-,-,-,"Redirección al perfil de Instagram - Segmentación manual",170,,0,0
2026-08-25,2026-08-25,"Remarketing - Casos de éxito - JUL26",active,2,actions:lead,2900,5000,Diario,5800,1709,1370,"En curso","7 días tras clic o 1 día tras visualización",0,ABSOLUTE_OCPM,2026-09-09T16:25:13-0300,-,-,-,Remarketing,3393.797542,0.93622,1.094891,1.579871
2026-08-25,2026-08-25,"Video Lu - Actualización de precios y stock",active,3,actions:lead,2429.15666667,7000,Diario,7287.47,1109,972,"En curso","7 días tras clic o 1 día tras visualización",0,ABSOLUTE_OCPM,2026-08-21T17:21:00-0300,Promedio,-,-,"Conversión segmentación similar",6571.208296,1.082056,1.234568,2.07394
2026-08-25,2026-08-25,"Conocimiento - Estado del rubro",active,57,profile_visit_view,38.55280702,2500,Diario,2197.51,2897,2846,"En curso","1 día tras clic",0,ABSOLUTE_OCPM,2026-07-08T11:14:25-0300,Promedio,-,-,"Redirección al perfil de Instagram - Segmentación manual",758.546773,1.760442,1.791989,1.79496
2026-08-24,2026-08-24,"Como tener 2 novias",active,,,,2500,Diario,0,0,0,"En curso","1 día tras clic",0,ABSOLUTE_OCPM,2026-07-08T11:14:25-0300,-,-,-,"Redirección al perfil de Instagram - Segmentación manual",0,,0,0
2026-08-24,2026-08-24,"Oferta | Img | Remarketing | v1 | 2026-09",active,,,,5000,Diario,0,0,0,"En curso","7 días tras clic o 1 día tras visualización",0,ABSOLUTE_OCPM,2026-09-09T16:25:13-0300,-,-,-,Remarketing,0,,0,0
2026-08-24,2026-08-24,"Awareness - Meme 2 novias",archived,,,,2500,Diario,0,0,0,"En curso","1 día tras clic",0,ABSOLUTE_OCPM,2026-07-08T11:14:25-0300,-,-,-,"Redirección al perfil de Instagram - Segmentación manual",0,,0,0
2026-08-24,2026-08-24,"Placa fija",active,,,,2000,Diario,0,0,0,2026-09-16,"7 días tras clic o 1 día tras visualización",0,ABSOLUTE_OCPM,2026-09-10T09:58:39-0300,-,-,-,"Conjunto 1 - Frio nacional",0,,0,0
2026-08-24,2026-08-24,"Video Lu - San Juan",active,,,,3000,Diario,0,0,0,"En curso","7 días tras clic o 1 día tras visualización",0,ABSOLUTE_OCPM,2026-09-02T11:42:37-0300,-,-,-,"San Juan- Frio - LAL CRM - Video",0,,0,0
2026-08-24,2026-08-24,"Video Lu - Mendoza",active,,,,3000,Diario,0,0,0,"En curso","7 días tras clic o 1 día tras visualización",0,ABSOLUTE_OCPM,2026-09-02T10:06:07-0300,-,-,-,"Mendoza - Frio - LAL CRM - Video",0,,0,0
2026-08-24,2026-08-24,Carrousel,not_delivering,,,,2000,Diario,0,0,0,2026-08-31,"7 días tras clic o 1 día tras visualización",0,ABSOLUTE_OCPM,2026-08-28T15:10:22-0300,-,-,-,"Entrevista en vivo - Campana Repuestos",0,,0,0
2026-08-24,2026-08-24,"Placa fija",not_delivering,,,,2000,Diario,2363.15,583,414,2026-08-31,"7 días tras clic o 1 día tras visualización",0,ABSOLUTE_OCPM,2026-08-28T15:10:22-0300,-,-,-,"Entrevista en vivo - Campana Repuestos",4053.430532,1.372213,1.690821,1.886792
2026-08-24,2026-08-24,"Presencialidad Neuquen - Fija",not_delivering,,,,4000,Diario,0,0,0,2026-08-30,"7 días tras clic o 1 día tras visualización",0,ABSOLUTE_OCPM,2026-08-27T15:51:09-0300,-,-,-,"Campaña Presencialidad Neuquen",0,,0,0
2026-08-24,2026-08-24,"Placa fija - Copia",not_delivering,,,,1561.28,Diario,0,0,0,"En curso","7 días tras clic o 1 día tras visualización",0,ABSOLUTE_OCPM,2026-08-20T17:56:48-0300,-,-,-,"Demo en VIVO Presencial",0,,0,0
2026-08-24,2026-08-24,"Post de Instagram",not_delivering,,,,1600,Diario,0,0,0,"En curso","7 días tras clic o 1 día tras visualización",0,ABSOLUTE_OCPM,2026-08-13T14:06:05-0300,-,-,-,"Guia | Boxer Taller",0,,0,0
2026-08-24,2026-08-24,"Placa fija",inactive,,,,1561.28,Diario,0,0,0,"En curso","7 días tras clic o 1 día tras visualización",0,ABSOLUTE_OCPM,2026-08-20T17:56:48-0300,-,-,-,"Demo en VIVO Presencial",0,,0,0
2026-08-24,2026-08-24,"Video Pri",not_delivering,,,,5000,Diario,0,0,0,2026-08-13,"7 días tras clic o 1 día tras visualización",0,ABSOLUTE_OCPM,2026-07-30T16:12:18-0300,-,-,-,"Clases de IA en vivo - Joa y Pri",0,,0,0
2026-08-24,2026-08-24,"Placa fija",not_delivering,,,,5000,Diario,0,0,0,2026-08-13,"7 días tras clic o 1 día tras visualización",0,ABSOLUTE_OCPM,2026-07-30T16:12:18-0300,-,-,-,"Clases de IA en vivo - Joa y Pri",0,,0,0
2026-08-24,2026-08-24,"Video Lu - Actualización de precios y stock - Copia",inactive,5,actions:onsite_conversion.messaging_conversation_started_7d,1026.16,5000,Diario,5130.8,2326,1333,"En curso","7 días tras clic o 1 día tras visualización",0,ABSOLUTE_OCPM,2026-07-27T15:50:54-0300,"Por debajo del promedio - 35% de los anuncios menos relevantes","Por encima del promedio","Por debajo del promedio - 10% de los anuncios menos relevantes","Conversión segmentación similar - Copia",2205.846948,0.730868,0.750188,1.203783
2026-08-24,2026-08-24,"Video Lu",inactive,6,profile_visit_view,319.94833333,2000,Diario,1919.69,558,556,"En curso","1 día tras clic",0,ABSOLUTE_OCPM,2026-08-27T17:05:50-0300,-,-,-,"Nuevo conjunto de anuncios de Tráfico",3440.30466,1.075269,1.079137,2.329749
2026-08-24,2026-08-24,"Placa fija 1",not_delivering,,,,2500,Diario,823.52,367,362,"En curso","7 días tras clic o 1 día tras visualización",0,ABSOLUTE_OCPM,2026-07-23T10:55:48-0300,-,-,-,"Serie Datos e IA",2243.923706,1.634877,1.381215,2.997275
2026-08-24,2026-08-24,"Carrousel de Tips",active,,,,2000,Diario,0,0,0,"En curso","1 día tras clic",0,ABSOLUTE_OCPM,2026-08-27T17:05:50-0300,-,-,-,"Nuevo conjunto de anuncios de Tráfico",0,,0,0
2026-08-24,2026-08-24,"Conocimiento - Funcionalidad - Precios y proveedores",active,,,,2500,Diario,0,0,0,"En curso","1 día tras clic",0,ABSOLUTE_OCPM,2026-07-08T11:14:25-0300,-,-,-,"Redirección al perfil de Instagram - Segmentación manual",0,,0,0
2026-08-24,2026-08-24,"Remarketing - Casos de éxito - JUL26",active,,,,5000,Diario,5372.57,1546,1316,"En curso","7 días tras clic o 1 día tras visualización",0,ABSOLUTE_OCPM,2026-09-09T16:25:13-0300,-,-,-,Remarketing,3475.142303,1.164295,1.291793,1.552393
2026-08-24,2026-08-24,"Video Lu - Actualización de precios y stock",active,5,actions:lead,1492.958,7000,Diario,7464.79,1081,925,"En curso","7 días tras clic o 1 día tras visualización",0,ABSOLUTE_OCPM,2026-08-21T17:21:00-0300,Promedio,-,-,"Conversión segmentación similar",6905.448659,1.387604,1.621622,2.40518
2026-08-24,2026-08-24,"Conocimiento - Estado del rubro",active,89,profile_visit_view,29.34033708,2500,Diario,2611.29,3341,3296,"En curso","1 día tras clic",0,ABSOLUTE_OCPM,2026-07-08T11:14:25-0300,Promedio,-,-,"Redirección al perfil de Instagram - Segmentación manual",781.589345,2.544148,2.457524,2.544148
2026-08-23,2026-08-23,"Como tener 2 novias",active,,,,2500,Diario,0,0,0,"En curso","1 día tras clic",0,ABSOLUTE_OCPM,2026-07-08T11:14:25-0300,-,-,-,"Redirección al perfil de Instagram - Segmentación manual",0,,0,0
2026-08-23,2026-08-23,"Oferta | Img | Remarketing | v1 | 2026-09",active,,,,5000,Diario,0,0,0,"En curso","7 días tras clic o 1 día tras visualización",0,ABSOLUTE_OCPM,2026-09-09T16:25:13-0300,-,-,-,Remarketing,0,,0,0
2026-08-23,2026-08-23,"Awareness - Meme 2 novias",archived,,,,2500,Diario,0,0,0,"En curso","1 día tras clic",0,ABSOLUTE_OCPM,2026-07-08T11:14:25-0300,-,-,-,"Redirección al perfil de Instagram - Segmentación manual",0,,0,0
2026-08-23,2026-08-23,"Placa fija",active,,,,2000,Diario,0,0,0,2026-09-16,"7 días tras clic o 1 día tras visualización",0,ABSOLUTE_OCPM,2026-09-10T09:58:39-0300,-,-,-,"Conjunto 1 - Frio nacional",0,,0,0
2026-08-23,2026-08-23,"Video Lu - San Juan",active,,,,3000,Diario,0,0,0,"En curso","7 días tras clic o 1 día tras visualización",0,ABSOLUTE_OCPM,2026-09-02T11:42:37-0300,-,-,-,"San Juan- Frio - LAL CRM - Video",0,,0,0
2026-08-23,2026-08-23,"Video Lu - Mendoza",active,,,,3000,Diario,0,0,0,"En curso","7 días tras clic o 1 día tras visualización",0,ABSOLUTE_OCPM,2026-09-02T10:06:07-0300,-,-,-,"Mendoza - Frio - LAL CRM - Video",0,,0,0
2026-08-23,2026-08-23,Carrousel,not_delivering,,,,2000,Diario,0,0,0,2026-08-31,"7 días tras clic o 1 día tras visualización",0,ABSOLUTE_OCPM,2026-08-28T15:10:22-0300,-,-,-,"Entrevista en vivo - Campana Repuestos",0,,0,0
2026-08-23,2026-08-23,"Placa fija",not_delivering,,,,2000,Diario,2422.63,573,414,2026-08-31,"7 días tras clic o 1 día tras visualización",0,ABSOLUTE_OCPM,2026-08-28T15:10:22-0300,-,-,-,"Entrevista en vivo - Campana Repuestos",4227.975567,0.34904,0.483092,0.52356
2026-08-23,2026-08-23,"Presencialidad Neuquen - Fija",not_delivering,,,,4000,Diario,0,0,0,2026-08-30,"7 días tras clic o 1 día tras visualización",0,ABSOLUTE_OCPM,2026-08-27T15:51:09-0300,-,-,-,"Campaña Presencialidad Neuquen",0,,0,0
2026-08-23,2026-08-23,"Placa fija - Copia",not_delivering,,,,1561.28,Diario,0,0,0,"En curso","7 días tras clic o 1 día tras visualización",0,ABSOLUTE_OCPM,2026-08-20T17:56:48-0300,-,-,-,"Demo en VIVO Presencial",0,,0,0
2026-08-23,2026-08-23,"Post de Instagram",not_delivering,,,,1600,Diario,0,0,0,"En curso","7 días tras clic o 1 día tras visualización",0,ABSOLUTE_OCPM,2026-08-13T14:06:05-0300,-,-,-,"Guia | Boxer Taller",0,,0,0
2026-08-23,2026-08-23,"Placa fija",inactive,,,,1561.28,Diario,0,0,0,"En curso","7 días tras clic o 1 día tras visualización",0,ABSOLUTE_OCPM,2026-08-20T17:56:48-0300,-,-,-,"Demo en VIVO Presencial",0,,0,0
2026-08-23,2026-08-23,"Video Pri",not_delivering,,,,5000,Diario,0,0,0,2026-08-13,"7 días tras clic o 1 día tras visualización",0,ABSOLUTE_OCPM,2026-07-30T16:12:18-0300,-,-,-,"Clases de IA en vivo - Joa y Pri",0,,0,0
2026-08-23,2026-08-23,"Placa fija",not_delivering,,,,5000,Diario,0,0,0,2026-08-13,"7 días tras clic o 1 día tras visualización",0,ABSOLUTE_OCPM,2026-07-30T16:12:18-0300,-,-,-,"Clases de IA en vivo - Joa y Pri",0,,0,0
2026-08-23,2026-08-23,"Video Lu - Actualización de precios y stock - Copia",inactive,2,actions:onsite_conversion.messaging_conversation_started_7d,2230.25,5000,Diario,4460.5,5055,4544,"En curso","7 días tras clic o 1 día tras visualización",0,ABSOLUTE_OCPM,2026-07-27T15:50:54-0300,Promedio,"Por encima del promedio","Por debajo del promedio - 20% de los anuncios menos relevantes","Conversión segmentación similar - Copia",882.39367,0.731949,0.132042,0.811078
2026-08-23,2026-08-23,"Video Lu",inactive,2,profile_visit_view,114.87,2000,Diario,229.74,94,94,"En curso","1 día tras clic",0,ABSOLUTE_OCPM,2026-08-27T17:05:50-0300,-,-,-,"Nuevo conjunto de anuncios de Tráfico",2444.042553,2.12766,2.12766,2.12766
2026-08-23,2026-08-23,"Placa fija 1",not_delivering,3,actions:lead,1025.45,2500,Diario,3076.35,1478,1390,"En curso","7 días tras clic o 1 día tras visualización",0,ABSOLUTE_OCPM,2026-07-23T10:55:48-0300,-,-,-,"Serie Datos e IA",2081.427605,0.811908,0.863309,2.232747
2026-08-23,2026-08-23,"Carrousel de Tips",active,,,,2000,Diario,0,0,0,"En curso","1 día tras clic",0,ABSOLUTE_OCPM,2026-08-27T17:05:50-0300,-,-,-,"Nuevo conjunto de anuncios de Tráfico",0,,0,0
2026-08-23,2026-08-23,"Conocimiento - Funcionalidad - Precios y proveedores",active,,,,2500,Diario,0,0,0,"En curso","1 día tras clic",0,ABSOLUTE_OCPM,2026-07-08T11:14:25-0300,-,-,-,"Redirección al perfil de Instagram - Segmentación manual",0,,0,0
2026-08-23,2026-08-23,"Remarketing - Casos de éxito - JUL26",active,1,actions:lead,6539.44,5000,Diario,6539.44,1738,1430,"En curso","7 días tras clic o 1 día tras visualización",0,ABSOLUTE_OCPM,2026-09-09T16:25:13-0300,-,-,-,Remarketing,3762.623705,0.632911,0.769231,1.265823
2026-08-23,2026-08-23,"Video Lu - Actualización de precios y stock",active,3,actions:lead,2884.27,7000,Diario,8652.81,1336,1216,"En curso","7 días tras clic o 1 día tras visualización",0,ABSOLUTE_OCPM,2026-08-21T17:21:00-0300,Promedio,-,-,"Conversión segmentación similar",6476.654192,1.272455,1.151316,2.47006
2026-08-23,2026-08-23,"Conocimiento - Estado del rubro",active,80,profile_visit_view,37.350625,2500,Diario,2988.05,3701,3701,"En curso","1 día tras clic",0,ABSOLUTE_OCPM,2026-07-08T11:14:25-0300,Promedio,-,-,"Redirección al perfil de Instagram - Segmentación manual",807.362875,2.134558,2.080519,2.107539
2026-08-22,2026-08-22,"Como tener 2 novias",active,,,,2500,Diario,0,0,0,"En curso","1 día tras clic",0,ABSOLUTE_OCPM,2026-07-08T11:14:25-0300,-,-,-,"Redirección al perfil de Instagram - Segmentación manual",0,,0,0
2026-08-22,2026-08-22,"Oferta | Img | Remarketing | v1 | 2026-09",active,,,,5000,Diario,0,0,0,"En curso","7 días tras clic o 1 día tras visualización",0,ABSOLUTE_OCPM,2026-09-09T16:25:13-0300,-,-,-,Remarketing,0,,0,0
2026-08-22,2026-08-22,"Awareness - Meme 2 novias",archived,,,,2500,Diario,0,0,0,"En curso","1 día tras clic",0,ABSOLUTE_OCPM,2026-07-08T11:14:25-0300,-,-,-,"Redirección al perfil de Instagram - Segmentación manual",0,,0,0
2026-08-22,2026-08-22,"Placa fija",active,,,,2000,Diario,0,0,0,2026-09-16,"7 días tras clic o 1 día tras visualización",0,ABSOLUTE_OCPM,2026-09-10T09:58:39-0300,-,-,-,"Conjunto 1 - Frio nacional",0,,0,0
2026-08-22,2026-08-22,"Video Lu - San Juan",active,,,,3000,Diario,0,0,0,"En curso","7 días tras clic o 1 día tras visualización",0,ABSOLUTE_OCPM,2026-09-02T11:42:37-0300,-,-,-,"San Juan- Frio - LAL CRM - Video",0,,0,0
2026-08-22,2026-08-22,"Video Lu - Mendoza",active,,,,3000,Diario,0,0,0,"En curso","7 días tras clic o 1 día tras visualización",0,ABSOLUTE_OCPM,2026-09-02T10:06:07-0300,-,-,-,"Mendoza - Frio - LAL CRM - Video",0,,0,0
2026-08-22,2026-08-22,Carrousel,not_delivering,,,,2000,Diario,0,0,0,2026-08-31,"7 días tras clic o 1 día tras visualización",0,ABSOLUTE_OCPM,2026-08-28T15:10:22-0300,-,-,-,"Entrevista en vivo - Campana Repuestos",0,,0,0
2026-08-22,2026-08-22,"Placa fija",not_delivering,,,,2000,Diario,1750.95,508,366,2026-08-31,"7 días tras clic o 1 día tras visualización",0,ABSOLUTE_OCPM,2026-08-28T15:10:22-0300,-,-,-,"Entrevista en vivo - Campana Repuestos",3446.751969,1.181102,1.639344,1.377953
2026-08-22,2026-08-22,"Presencialidad Neuquen - Fija",not_delivering,,,,4000,Diario,0,0,0,2026-08-30,"7 días tras clic o 1 día tras visualización",0,ABSOLUTE_OCPM,2026-08-27T15:51:09-0300,-,-,-,"Campaña Presencialidad Neuquen",0,,0,0
2026-08-22,2026-08-22,"Placa fija - Copia",not_delivering,,,,1561.28,Diario,0,0,0,"En curso","7 días tras clic o 1 día tras visualización",0,ABSOLUTE_OCPM,2026-08-20T17:56:48-0300,-,-,-,"Demo en VIVO Presencial",0,,0,0
2026-08-22,2026-08-22,"Post de Instagram",not_delivering,,,,1600,Diario,0,0,0,"En curso","7 días tras clic o 1 día tras visualización",0,ABSOLUTE_OCPM,2026-08-13T14:06:05-0300,-,-,-,"Guia | Boxer Taller",0,,0,0
2026-08-22,2026-08-22,"Placa fija",inactive,,,,1561.28,Diario,0,0,0,"En curso","7 días tras clic o 1 día tras visualización",0,ABSOLUTE_OCPM,2026-08-20T17:56:48-0300,-,-,-,"Demo en VIVO Presencial",0,,0,0
2026-08-22,2026-08-22,"Video Pri",not_delivering,,,,5000,Diario,0,0,0,2026-08-13,"7 días tras clic o 1 día tras visualización",0,ABSOLUTE_OCPM,2026-07-30T16:12:18-0300,-,-,-,"Clases de IA en vivo - Joa y Pri",0,,0,0
2026-08-22,2026-08-22,"Placa fija",not_delivering,,,,5000,Diario,0,0,0,2026-08-13,"7 días tras clic o 1 día tras visualización",0,ABSOLUTE_OCPM,2026-07-30T16:12:18-0300,-,-,-,"Clases de IA en vivo - Joa y Pri",0,,0,0
2026-08-22,2026-08-22,"Video Lu - Actualización de precios y stock - Copia",inactive,1,actions:onsite_conversion.messaging_conversation_started_7d,2947.17,5000,Diario,2947.17,2306,2256,"En curso","7 días tras clic o 1 día tras visualización",0,ABSOLUTE_OCPM,2026-07-27T15:50:54-0300,"Por encima del promedio","Por encima del promedio","Por debajo del promedio - 35% de los anuncios menos relevantes","Conversión segmentación similar - Copia",1278.044232,0.563747,0.177305,0.607112
2026-08-22,2026-08-22,"Video Lu",inactive,11,profile_visit_view,309.24,2000,Diario,3401.64,991,991,"En curso","1 día tras clic",0,ABSOLUTE_OCPM,2026-08-27T17:05:50-0300,-,-,-,"Nuevo conjunto de anuncios de Tráfico",3432.532795,1.210898,1.210898,3.128153
2026-08-22,2026-08-22,"Placa fija 1",not_delivering,,,,2500,Diario,1699.63,848,831,"En curso","7 días tras clic o 1 día tras visualización",0,ABSOLUTE_OCPM,2026-07-23T10:55:48-0300,-,-,-,"Serie Datos e IA",2004.28066,0.589623,0.601685,2.122642
2026-08-22,2026-08-22,"Carrousel de Tips",active,,,,2000,Diario,0,0,0,"En curso","1 día tras clic",0,ABSOLUTE_OCPM,2026-08-27T17:05:50-0300,-,-,-,"Nuevo conjunto de anuncios de Tráfico",0,,0,0
2026-08-22,2026-08-22,"Conocimiento - Funcionalidad - Precios y proveedores",active,,,,2500,Diario,0,0,0,"En curso","1 día tras clic",0,ABSOLUTE_OCPM,2026-07-08T11:14:25-0300,-,-,-,"Redirección al perfil de Instagram - Segmentación manual",0,,0,0
2026-08-22,2026-08-22,"Remarketing - Casos de éxito - JUL26",active,1,actions:lead,4786.14,5000,Diario,4786.14,1568,1292,"En curso","7 días tras clic o 1 día tras visualización",0,ABSOLUTE_OCPM,2026-09-09T16:25:13-0300,-,-,-,Remarketing,3052.385204,1.27551,1.470588,1.658163
2026-08-22,2026-08-22,"Video Lu - Actualización de precios y stock",active,,,,7000,Diario,4056.36,659,607,"En curso","7 días tras clic o 1 día tras visualización",0,ABSOLUTE_OCPM,2026-08-21T17:21:00-0300,-,-,-,"Conversión segmentación similar",6155.326252,1.365706,1.317957,2.124431
2026-08-22,2026-08-22,"Conocimiento - Estado del rubro",active,64,profile_visit_view,36.4309375,2500,Diario,2331.58,2737,2711,"En curso","1 día tras clic",0,ABSOLUTE_OCPM,2026-07-08T11:14:25-0300,Promedio,-,-,"Redirección al perfil de Instagram - Segmentación manual",851.874315,2.192181,2.139432,2.192181
2026-08-21,2026-08-21,"Como tener 2 novias",active,,,,2500,Diario,0,0,0,"En curso","1 día tras clic",0,ABSOLUTE_OCPM,2026-07-08T11:14:25-0300,-,-,-,"Redirección al perfil de Instagram - Segmentación manual",0,,0,0
2026-08-21,2026-08-21,"Oferta | Img | Remarketing | v1 | 2026-09",active,,,,5000,Diario,0,0,0,"En curso","7 días tras clic o 1 día tras visualización",0,ABSOLUTE_OCPM,2026-09-09T16:25:13-0300,-,-,-,Remarketing,0,,0,0
2026-08-21,2026-08-21,"Awareness - Meme 2 novias",archived,,,,2500,Diario,0,0,0,"En curso","1 día tras clic",0,ABSOLUTE_OCPM,2026-07-08T11:14:25-0300,-,-,-,"Redirección al perfil de Instagram - Segmentación manual",0,,0,0
2026-08-21,2026-08-21,"Placa fija",active,,,,2000,Diario,0,0,0,2026-09-16,"7 días tras clic o 1 día tras visualización",0,ABSOLUTE_OCPM,2026-09-10T09:58:39-0300,-,-,-,"Conjunto 1 - Frio nacional",0,,0,0
2026-08-21,2026-08-21,"Video Lu - San Juan",active,,,,3000,Diario,0,0,0,"En curso","7 días tras clic o 1 día tras visualización",0,ABSOLUTE_OCPM,2026-09-02T11:42:37-0300,-,-,-,"San Juan- Frio - LAL CRM - Video",0,,0,0
2026-08-21,2026-08-21,"Video Lu - Mendoza",active,,,,3000,Diario,0,0,0,"En curso","7 días tras clic o 1 día tras visualización",0,ABSOLUTE_OCPM,2026-09-02T10:06:07-0300,-,-,-,"Mendoza - Frio - LAL CRM - Video",0,,0,0
2026-08-21,2026-08-21,Carrousel,not_delivering,,,,2000,Diario,0,0,0,2026-08-31,"7 días tras clic o 1 día tras visualización",0,ABSOLUTE_OCPM,2026-08-28T15:10:22-0300,-,-,-,"Entrevista en vivo - Campana Repuestos",0,,0,0
2026-08-21,2026-08-21,"Placa fija",not_delivering,,,,2000,Diario,1881.22,415,324,2026-08-31,"7 días tras clic o 1 día tras visualización",0,ABSOLUTE_OCPM,2026-08-28T15:10:22-0300,-,-,-,"Entrevista en vivo - Campana Repuestos",4533.060241,0.963855,1.234568,1.204819
2026-08-21,2026-08-21,"Presencialidad Neuquen - Fija",not_delivering,1,actions:leadgen.other,1963.49,4000,Diario,1963.49,403,365,2026-08-30,"7 días tras clic o 1 día tras visualización",0,ABSOLUTE_OCPM,2026-08-27T15:51:09-0300,-,-,-,"Campaña Presencialidad Neuquen",4872.183623,0.496278,0.547945,0.744417
2026-08-21,2026-08-21,"Placa fija - Copia",not_delivering,,,,1561.28,Diario,531.2,58,58,"En curso","7 días tras clic o 1 día tras visualización",0,ABSOLUTE_OCPM,2026-08-20T17:56:48-0300,-,-,-,"Demo en VIVO Presencial",9158.62069,,0,0
2026-08-21,2026-08-21,"Post de Instagram",not_delivering,,,,1600,Diario,0,0,0,"En curso","7 días tras clic o 1 día tras visualización",0,ABSOLUTE_OCPM,2026-08-13T14:06:05-0300,-,-,-,"Guia | Boxer Taller",0,,0,0
2026-08-21,2026-08-21,"Placa fija",inactive,,,,1561.28,Diario,0,0,0,"En curso","7 días tras clic o 1 día tras visualización",0,ABSOLUTE_OCPM,2026-08-20T17:56:48-0300,-,-,-,"Demo en VIVO Presencial",0,,0,0
2026-08-21,2026-08-21,"Video Pri",not_delivering,,,,5000,Diario,0,0,0,2026-08-13,"7 días tras clic o 1 día tras visualización",0,ABSOLUTE_OCPM,2026-07-30T16:12:18-0300,-,-,-,"Clases de IA en vivo - Joa y Pri",0,,0,0
2026-08-21,2026-08-21,"Placa fija",not_delivering,,,,5000,Diario,0,0,0,2026-08-13,"7 días tras clic o 1 día tras visualización",0,ABSOLUTE_OCPM,2026-07-30T16:12:18-0300,-,-,-,"Clases de IA en vivo - Joa y Pri",0,,0,0
2026-08-21,2026-08-21,"Video Lu - Actualización de precios y stock - Copia",inactive,6,actions:onsite_conversion.messaging_conversation_started_7d,687.47333333,5000,Diario,4124.84,4759,4747,"En curso","7 días tras clic o 1 día tras visualización",0,ABSOLUTE_OCPM,2026-07-27T15:50:54-0300,"Por encima del promedio","Por encima del promedio","Por debajo del promedio - 35% de los anuncios menos relevantes","Conversión segmentación similar - Copia",866.745115,0.903551,0.084264,1.092667
2026-08-21,2026-08-21,"Video Lu",inactive,2,profile_visit_view,252.63,2000,Diario,505.26,137,137,"En curso","1 día tras clic",0,ABSOLUTE_OCPM,2026-08-27T17:05:50-0300,-,-,-,"Nuevo conjunto de anuncios de Tráfico",3688.029197,1.459854,1.459854,2.919708
2026-08-21,2026-08-21,"Placa fija 1",not_delivering,1,actions:lead,2315.65,2500,Diario,2315.65,1014,958,"En curso","7 días tras clic o 1 día tras visualización",0,ABSOLUTE_OCPM,2026-07-23T10:55:48-0300,-,-,-,"Serie Datos e IA",2283.678501,1.084813,1.148225,2.366864
2026-08-21,2026-08-21,"Carrousel de Tips",active,,,,2000,Diario,0,0,0,"En curso","1 día tras clic",0,ABSOLUTE_OCPM,2026-08-27T17:05:50-0300,-,-,-,"Nuevo conjunto de anuncios de Tráfico",0,,0,0
2026-08-21,2026-08-21,"Conocimiento - Funcionalidad - Precios y proveedores",active,,,,2500,Diario,0,0,0,"En curso","1 día tras clic",0,ABSOLUTE_OCPM,2026-07-08T11:14:25-0300,-,-,-,"Redirección al perfil de Instagram - Segmentación manual",0,,0,0
2026-08-21,2026-08-21,"Remarketing - Casos de éxito - JUL26",active,1,actions:lead,5402.64,5000,Diario,5402.64,1512,1223,"En curso","7 días tras clic o 1 día tras visualización",0,ABSOLUTE_OCPM,2026-09-09T16:25:13-0300,-,-,-,Remarketing,3573.174603,1.124339,1.390025,1.587302
2026-08-21,2026-08-21,"Video Lu - Actualización de precios y stock",active,3,actions:lead,3181.09333333,7000,Diario,9543.28,2211,1952,"En curso","7 días tras clic o 1 día tras visualización",0,ABSOLUTE_OCPM,2026-08-21T17:21:00-0300,Promedio,-,-,"Conversión segmentación similar",4316.27318,0.633198,0.717213,0.995025
2026-08-21,2026-08-21,"Conocimiento - Estado del rubro",active,54,profile_visit_view,44.99888889,2500,Diario,2429.94,2922,2785,"En curso","1 día tras clic",0,ABSOLUTE_OCPM,2026-07-08T11:14:25-0300,"Por encima del promedio",-,-,"Redirección al perfil de Instagram - Segmentación manual",831.601643,1.676934,1.759425,1.676934
2026-08-20,2026-08-20,"Como tener 2 novias",active,,,,2500,Diario,0,0,0,"En curso","1 día tras clic",0,ABSOLUTE_OCPM,2026-07-08T11:14:25-0300,-,-,-,"Redirección al perfil de Instagram - Segmentación manual",0,,0,0
2026-08-20,2026-08-20,"Oferta | Img | Remarketing | v1 | 2026-09",active,,,,5000,Diario,0,0,0,"En curso","7 días tras clic o 1 día tras visualización",0,ABSOLUTE_OCPM,2026-09-09T16:25:13-0300,-,-,-,Remarketing,0,,0,0
2026-08-20,2026-08-20,"Awareness - Meme 2 novias",archived,,,,2500,Diario,0,0,0,"En curso","1 día tras clic",0,ABSOLUTE_OCPM,2026-07-08T11:14:25-0300,-,-,-,"Redirección al perfil de Instagram - Segmentación manual",0,,0,0
2026-08-20,2026-08-20,"Placa fija",active,,,,2000,Diario,0,0,0,2026-09-16,"7 días tras clic o 1 día tras visualización",0,ABSOLUTE_OCPM,2026-09-10T09:58:39-0300,-,-,-,"Conjunto 1 - Frio nacional",0,,0,0
2026-08-20,2026-08-20,"Video Lu - San Juan",active,,,,3000,Diario,0,0,0,"En curso","7 días tras clic o 1 día tras visualización",0,ABSOLUTE_OCPM,2026-09-02T11:42:37-0300,-,-,-,"San Juan- Frio - LAL CRM - Video",0,,0,0
2026-08-20,2026-08-20,"Video Lu - Mendoza",active,,,,3000,Diario,0,0,0,"En curso","7 días tras clic o 1 día tras visualización",0,ABSOLUTE_OCPM,2026-09-02T10:06:07-0300,-,-,-,"Mendoza - Frio - LAL CRM - Video",0,,0,0
2026-08-20,2026-08-20,Carrousel,not_delivering,,,,2000,Diario,0,0,0,2026-08-31,"7 días tras clic o 1 día tras visualización",0,ABSOLUTE_OCPM,2026-08-28T15:10:22-0300,-,-,-,"Entrevista en vivo - Campana Repuestos",0,,0,0
2026-08-20,2026-08-20,"Placa fija",not_delivering,,,,2000,Diario,2306.4,425,299,2026-08-31,"7 días tras clic o 1 día tras visualización",0,ABSOLUTE_OCPM,2026-08-28T15:10:22-0300,-,-,-,"Entrevista en vivo - Campana Repuestos",5426.823529,,0,0.705882
2026-08-20,2026-08-20,"Presencialidad Neuquen - Fija",not_delivering,,,,4000,Diario,3254.29,644,428,2026-08-30,"7 días tras clic o 1 día tras visualización",0,ABSOLUTE_OCPM,2026-08-27T15:51:09-0300,Promedio,"Por debajo del promedio - 35% de los anuncios menos relevantes","Por debajo del promedio - 35% de los anuncios menos relevantes","Campaña Presencialidad Neuquen",5053.245342,1.086957,0.934579,1.242236
2026-08-20,2026-08-20,"Placa fija - Copia",not_delivering,,,,1561.28,Diario,1809.26,191,177,"En curso","7 días tras clic o 1 día tras visualización",0,ABSOLUTE_OCPM,2026-08-20T17:56:48-0300,-,-,-,"Demo en VIVO Presencial",9472.565445,,0,1.04712
2026-08-20,2026-08-20,"Post de Instagram",not_delivering,,,,1600,Diario,0,0,0,"En curso","7 días tras clic o 1 día tras visualización",0,ABSOLUTE_OCPM,2026-08-13T14:06:05-0300,-,-,-,"Guia | Boxer Taller",0,,0,0
2026-08-20,2026-08-20,"Placa fija",inactive,,,,1561.28,Diario,0,0,0,"En curso","7 días tras clic o 1 día tras visualización",0,ABSOLUTE_OCPM,2026-08-20T17:56:48-0300,-,-,-,"Demo en VIVO Presencial",0,,0,0
2026-08-20,2026-08-20,"Video Pri",not_delivering,,,,5000,Diario,0,0,0,2026-08-13,"7 días tras clic o 1 día tras visualización",0,ABSOLUTE_OCPM,2026-07-30T16:12:18-0300,-,-,-,"Clases de IA en vivo - Joa y Pri",0,,0,0
2026-08-20,2026-08-20,"Placa fija",not_delivering,,,,5000,Diario,0,0,0,2026-08-13,"7 días tras clic o 1 día tras visualización",0,ABSOLUTE_OCPM,2026-07-30T16:12:18-0300,-,-,-,"Clases de IA en vivo - Joa y Pri",0,,0,0
2026-08-20,2026-08-20,"Video Lu - Actualización de precios y stock - Copia",inactive,3,actions:onsite_conversion.messaging_conversation_started_7d,1698.27,5000,Diario,5094.81,4048,4016,"En curso","7 días tras clic o 1 día tras visualización",0,ABSOLUTE_OCPM,2026-07-27T15:50:54-0300,"Por encima del promedio","Por encima del promedio","Por debajo del promedio - 35% de los anuncios menos relevantes","Conversión segmentación similar - Copia",1258.599308,0.815217,0.099602,1.037549
2026-08-20,2026-08-20,"Video Lu",inactive,1,profile_visit_view,110.7,2000,Diario,110.7,41,41,"En curso","1 día tras clic",0,ABSOLUTE_OCPM,2026-08-27T17:05:50-0300,-,-,-,"Nuevo conjunto de anuncios de Tráfico",2700,2.439024,2.439024,4.878049
2026-08-20,2026-08-20,"Placa fija 1",not_delivering,2,actions:lead,1235.895,2500,Diario,2471.79,1025,969,"En curso","7 días tras clic o 1 día tras visualización",0,ABSOLUTE_OCPM,2026-07-23T10:55:48-0300,-,-,-,"Serie Datos e IA",2411.502439,1.268293,1.341589,2.829268
2026-08-20,2026-08-20,"Carrousel de Tips",active,,,,2000,Diario,0,0,0,"En curso","1 día tras clic",0,ABSOLUTE_OCPM,2026-08-27T17:05:50-0300,-,-,-,"Nuevo conjunto de anuncios de Tráfico",0,,0,0
2026-08-20,2026-08-20,"Conocimiento - Funcionalidad - Precios y proveedores",active,,,,2500,Diario,0,0,0,"En curso","1 día tras clic",0,ABSOLUTE_OCPM,2026-07-08T11:14:25-0300,-,-,-,"Redirección al perfil de Instagram - Segmentación manual",0,,0,0
2026-08-20,2026-08-20,"Remarketing - Casos de éxito - JUL26",active,1,actions:lead,5736.51,5000,Diario,5736.51,1594,1318,"En curso","7 días tras clic o 1 día tras visualización",0,ABSOLUTE_OCPM,2026-09-09T16:25:13-0300,-,-,-,Remarketing,3598.814304,1.003764,1.213961,1.819322
2026-08-20,2026-08-20,"Video Lu - Actualización de precios y stock",active,2,actions:lead,3371.97,7000,Diario,6743.94,1947,1756,"En curso","7 días tras clic o 1 día tras visualización",0,ABSOLUTE_OCPM,2026-08-21T17:21:00-0300,Promedio,-,-,"Conversión segmentación similar",3463.75963,0.97586,1.082005,1.181305
2026-08-20,2026-08-20,"Conocimiento - Estado del rubro",active,84,profile_visit_view,31.77059524,2500,Diario,2668.73,3220,3116,"En curso","1 día tras clic",0,ABSOLUTE_OCPM,2026-07-08T11:14:25-0300,"Por encima del promedio",-,-,"Redirección al perfil de Instagram - Segmentación manual",828.798137,2.795031,2.663671,2.670807
2026-08-19,2026-08-19,"Como tener 2 novias",active,,,,2500,Diario,0,0,0,"En curso","1 día tras clic",0,ABSOLUTE_OCPM,2026-07-08T11:14:25-0300,-,-,-,"Redirección al perfil de Instagram - Segmentación manual",0,,0,0
2026-08-19,2026-08-19,"Oferta | Img | Remarketing | v1 | 2026-09",active,,,,5000,Diario,0,0,0,"En curso","7 días tras clic o 1 día tras visualización",0,ABSOLUTE_OCPM,2026-09-09T16:25:13-0300,-,-,-,Remarketing,0,,0,0
2026-08-19,2026-08-19,"Awareness - Meme 2 novias",archived,,,,2500,Diario,0,0,0,"En curso","1 día tras clic",0,ABSOLUTE_OCPM,2026-07-08T11:14:25-0300,-,-,-,"Redirección al perfil de Instagram - Segmentación manual",0,,0,0
2026-08-19,2026-08-19,"Placa fija",active,,,,2000,Diario,0,0,0,2026-09-16,"7 días tras clic o 1 día tras visualización",0,ABSOLUTE_OCPM,2026-09-10T09:58:39-0300,-,-,-,"Conjunto 1 - Frio nacional",0,,0,0
2026-08-19,2026-08-19,"Video Lu - San Juan",active,,,,3000,Diario,0,0,0,"En curso","7 días tras clic o 1 día tras visualización",0,ABSOLUTE_OCPM,2026-09-02T11:42:37-0300,-,-,-,"San Juan- Frio - LAL CRM - Video",0,,0,0
2026-08-19,2026-08-19,"Video Lu - Mendoza",active,,,,3000,Diario,0,0,0,"En curso","7 días tras clic o 1 día tras visualización",0,ABSOLUTE_OCPM,2026-09-02T10:06:07-0300,-,-,-,"Mendoza - Frio - LAL CRM - Video",0,,0,0
2026-08-19,2026-08-19,Carrousel,not_delivering,,,,2000,Diario,0,0,0,2026-08-31,"7 días tras clic o 1 día tras visualización",0,ABSOLUTE_OCPM,2026-08-28T15:10:22-0300,-,-,-,"Entrevista en vivo - Campana Repuestos",0,,0,0
2026-08-19,2026-08-19,"Placa fija",not_delivering,,,,2000,Diario,607.16,144,125,2026-08-31,"7 días tras clic o 1 día tras visualización",0,ABSOLUTE_OCPM,2026-08-28T15:10:22-0300,-,-,-,"Entrevista en vivo - Campana Repuestos",4216.388889,,0,0.694444
2026-08-19,2026-08-19,"Presencialidad Neuquen - Fija",not_delivering,,,,4000,Diario,3276.07,847,563,2026-08-30,"7 días tras clic o 1 día tras visualización",0,ABSOLUTE_OCPM,2026-08-27T15:51:09-0300,Promedio,"Por debajo del promedio - 35% de los anuncios menos relevantes",Promedio,"Campaña Presencialidad Neuquen",3867.85124,0.236128,0.35524,0.590319
2026-08-19,2026-08-19,"Placa fija - Copia",not_delivering,,,,1561.28,Diario,1340.86,145,139,"En curso","7 días tras clic o 1 día tras visualización",0,ABSOLUTE_OCPM,2026-08-20T17:56:48-0300,-,-,-,"Demo en VIVO Presencial",9247.310345,,0,0
2026-08-19,2026-08-19,"Post de Instagram",not_delivering,,,,1600,Diario,575.27,182,176,"En curso","7 días tras clic o 1 día tras visualización",0,ABSOLUTE_OCPM,2026-08-13T14:06:05-0300,-,-,-,"Guia | Boxer Taller",3160.824176,,0,1.098901
2026-08-19,2026-08-19,"Placa fija",inactive,,,,1561.28,Diario,0,0,0,"En curso","7 días tras clic o 1 día tras visualización",0,ABSOLUTE_OCPM,2026-08-20T17:56:48-0300,-,-,-,"Demo en VIVO Presencial",0,,0,0
2026-08-19,2026-08-19,"Video Pri",not_delivering,,,,5000,Diario,0,0,0,2026-08-13,"7 días tras clic o 1 día tras visualización",0,ABSOLUTE_OCPM,2026-07-30T16:12:18-0300,-,-,-,"Clases de IA en vivo - Joa y Pri",0,,0,0
2026-08-19,2026-08-19,"Placa fija",not_delivering,,,,5000,Diario,0,0,0,2026-08-13,"7 días tras clic o 1 día tras visualización",0,ABSOLUTE_OCPM,2026-07-30T16:12:18-0300,-,-,-,"Clases de IA en vivo - Joa y Pri",0,,0,0
2026-08-19,2026-08-19,"Video Lu - Actualización de precios y stock - Copia",inactive,4,actions:onsite_conversion.messaging_conversation_started_7d,1528.425,5000,Diario,6113.7,4322,4138,"En curso","7 días tras clic o 1 día tras visualización",0,ABSOLUTE_OCPM,2026-07-27T15:50:54-0300,"Por encima del promedio","Por encima del promedio","Por debajo del promedio - 35% de los anuncios menos relevantes","Conversión segmentación similar - Copia",1414.553447,0.763535,0.169164,0.971772
2026-08-19,2026-08-19,"Video Lu",inactive,6,profile_visit_view,450.225,2000,Diario,2701.35,811,811,"En curso","1 día tras clic",0,ABSOLUTE_OCPM,2026-08-27T17:05:50-0300,-,-,-,"Nuevo conjunto de anuncios de Tráfico",3330.887793,0.986437,0.986437,2.7127
2026-08-19,2026-08-19,"Placa fija 1",not_delivering,5,actions:lead,526.626,2500,Diario,2633.13,1122,1038,"En curso","7 días tras clic o 1 día tras visualización",0,ABSOLUTE_OCPM,2026-07-23T10:55:48-0300,-,-,-,"Serie Datos e IA",2346.818182,1.426025,1.541426,2.762923
2026-08-19,2026-08-19,"Carrousel de Tips",active,,,,2000,Diario,0,0,0,"En curso","1 día tras clic",0,ABSOLUTE_OCPM,2026-08-27T17:05:50-0300,-,-,-,"Nuevo conjunto de anuncios de Tráfico",0,,0,0
2026-08-19,2026-08-19,"Conocimiento - Funcionalidad - Precios y proveedores",active,,,,2500,Diario,0,0,0,"En curso","1 día tras clic",0,ABSOLUTE_OCPM,2026-07-08T11:14:25-0300,-,-,-,"Redirección al perfil de Instagram - Segmentación manual",0,,0,0
2026-08-19,2026-08-19,"Remarketing - Casos de éxito - JUL26",active,1,actions:lead,6589.09,5000,Diario,6589.09,1818,1462,"En curso","7 días tras clic o 1 día tras visualización",0,ABSOLUTE_OCPM,2026-09-09T16:25:13-0300,-,-,-,Remarketing,3624.361936,1.485149,1.709986,1.870187
2026-08-19,2026-08-19,"Video Lu - Actualización de precios y stock",active,,,,7000,Diario,6434.09,1930,1751,"En curso","7 días tras clic o 1 día tras visualización",0,ABSOLUTE_OCPM,2026-08-21T17:21:00-0300,Promedio,-,-,"Conversión segmentación similar",3333.725389,1.036269,1.142204,1.502591
2026-08-19,2026-08-19,"Conocimiento - Estado del rubro",active,53,profile_visit_view,41.18490566,2500,Diario,2182.8,2680,2641,"En curso","1 día tras clic",0,ABSOLUTE_OCPM,2026-07-08T11:14:25-0300,"Por encima del promedio",-,-,"Redirección al perfil de Instagram - Segmentación manual",814.477612,1.977612,1.855358,1.977612
2026-08-18,2026-08-18,"Como tener 2 novias",active,,,,2500,Diario,0,0,0,"En curso","1 día tras clic",0,ABSOLUTE_OCPM,2026-07-08T11:14:25-0300,-,-,-,"Redirección al perfil de Instagram - Segmentación manual",0,,0,0
2026-08-18,2026-08-18,"Oferta | Img | Remarketing | v1 | 2026-09",active,,,,5000,Diario,0,0,0,"En curso","7 días tras clic o 1 día tras visualización",0,ABSOLUTE_OCPM,2026-09-09T16:25:13-0300,-,-,-,Remarketing,0,,0,0
2026-08-18,2026-08-18,"Awareness - Meme 2 novias",archived,,,,2500,Diario,0,0,0,"En curso","1 día tras clic",0,ABSOLUTE_OCPM,2026-07-08T11:14:25-0300,-,-,-,"Redirección al perfil de Instagram - Segmentación manual",0,,0,0
2026-08-18,2026-08-18,"Placa fija",active,,,,2000,Diario,0,0,0,2026-09-16,"7 días tras clic o 1 día tras visualización",0,ABSOLUTE_OCPM,2026-09-10T09:58:39-0300,-,-,-,"Conjunto 1 - Frio nacional",0,,0,0
2026-08-18,2026-08-18,"Video Lu - San Juan",active,,,,3000,Diario,0,0,0,"En curso","7 días tras clic o 1 día tras visualización",0,ABSOLUTE_OCPM,2026-09-02T11:42:37-0300,-,-,-,"San Juan- Frio - LAL CRM - Video",0,,0,0
2026-08-18,2026-08-18,"Video Lu - Mendoza",active,,,,3000,Diario,0,0,0,"En curso","7 días tras clic o 1 día tras visualización",0,ABSOLUTE_OCPM,2026-09-02T10:06:07-0300,-,-,-,"Mendoza - Frio - LAL CRM - Video",0,,0,0
2026-08-18,2026-08-18,Carrousel,not_delivering,,,,2000,Diario,0,0,0,2026-08-31,"7 días tras clic o 1 día tras visualización",0,ABSOLUTE_OCPM,2026-08-28T15:10:22-0300,-,-,-,"Entrevista en vivo - Campana Repuestos",0,,0,0
2026-08-18,2026-08-18,"Placa fija",not_delivering,,,,2000,Diario,0,0,0,2026-08-31,"7 días tras clic o 1 día tras visualización",0,ABSOLUTE_OCPM,2026-08-28T15:10:22-0300,-,-,-,"Entrevista en vivo - Campana Repuestos",0,,0,0
2026-08-18,2026-08-18,"Presencialidad Neuquen - Fija",not_delivering,,,,4000,Diario,4324.71,956,661,2026-08-30,"7 días tras clic o 1 día tras visualización",0,ABSOLUTE_OCPM,2026-08-27T15:51:09-0300,-,-,-,"Campaña Presencialidad Neuquen",4523.75523,0.104603,0.151286,0.627615
2026-08-18,2026-08-18,"Placa fija - Copia",not_delivering,,,,1561.28,Diario,1919.19,206,198,"En curso","7 días tras clic o 1 día tras visualización",0,ABSOLUTE_OCPM,2026-08-20T17:56:48-0300,-,-,-,"Demo en VIVO Presencial",9316.456311,0.485437,0.505051,0.970874
2026-08-18,2026-08-18,"Post de Instagram",not_delivering,1,actions:onsite_conversion.messaging_conversation_started_7d,1111.03,1600,Diario,1111.03,637,613,"En curso","7 días tras clic o 1 día tras visualización",0,ABSOLUTE_OCPM,2026-08-13T14:06:05-0300,"Por encima del promedio","Por encima del promedio",Promedio,"Guia | Boxer Taller",1744.160126,0.156986,0.163132,0.470958
2026-08-18,2026-08-18,"Placa fija",inactive,,,,1561.28,Diario,0,0,0,"En curso","7 días tras clic o 1 día tras visualización",0,ABSOLUTE_OCPM,2026-08-20T17:56:48-0300,-,-,-,"Demo en VIVO Presencial",0,,0,0
2026-08-18,2026-08-18,"Video Pri",not_delivering,,,,5000,Diario,0,0,0,2026-08-13,"7 días tras clic o 1 día tras visualización",0,ABSOLUTE_OCPM,2026-07-30T16:12:18-0300,-,-,-,"Clases de IA en vivo - Joa y Pri",0,,0,0
2026-08-18,2026-08-18,"Placa fija",not_delivering,,,,5000,Diario,0,0,0,2026-08-13,"7 días tras clic o 1 día tras visualización",0,ABSOLUTE_OCPM,2026-07-30T16:12:18-0300,-,-,-,"Clases de IA en vivo - Joa y Pri",0,,0,0
2026-08-18,2026-08-18,"Video Lu - Actualización de precios y stock - Copia",inactive,2,actions:onsite_conversion.messaging_conversation_started_7d,2899.105,5000,Diario,5798.21,3888,3636,"En curso","7 días tras clic o 1 día tras visualización",0,ABSOLUTE_OCPM,2026-07-27T15:50:54-0300,"Por encima del promedio",Promedio,"Por debajo del promedio - 35% de los anuncios menos relevantes","Conversión segmentación similar - Copia",1491.309156,0.668724,0.220022,0.951646
2026-08-18,2026-08-18,"Video Lu",inactive,6,profile_visit_view,583.33333333,2000,Diario,3500,1082,1079,"En curso","1 día tras clic",0,ABSOLUTE_OCPM,2026-08-27T17:05:50-0300,-,-,-,"Nuevo conjunto de anuncios de Tráfico",3234.750462,0.739372,0.741427,2.772643
2026-08-18,2026-08-18,"Placa fija 1",not_delivering,1,actions:lead,2408.8,2500,Diario,2408.8,1422,1353,"En curso","7 días tras clic o 1 día tras visualización",0,ABSOLUTE_OCPM,2026-07-23T10:55:48-0300,-,-,-,"Serie Datos e IA",1693.95218,0.773558,0.739098,1.969058
2026-08-18,2026-08-18,"Carrousel de Tips",active,,,,2000,Diario,0,0,0,"En curso","1 día tras clic",0,ABSOLUTE_OCPM,2026-08-27T17:05:50-0300,-,-,-,"Nuevo conjunto de anuncios de Tráfico",0,,0,0
2026-08-18,2026-08-18,"Conocimiento - Funcionalidad - Precios y proveedores",active,,,,2500,Diario,110.65,207,205,"En curso","1 día tras clic",0,ABSOLUTE_OCPM,2026-07-08T11:14:25-0300,-,-,-,"Redirección al perfil de Instagram - Segmentación manual",534.541063,,0,0
2026-08-18,2026-08-18,"Remarketing - Casos de éxito - JUL26",active,2,actions:lead,3156.535,5000,Diario,6313.07,1935,1543,"En curso","7 días tras clic o 1 día tras visualización",0,ABSOLUTE_OCPM,2026-09-09T16:25:13-0300,-,-,-,Remarketing,3262.568475,0.981912,1.166559,1.498708
2026-08-18,2026-08-18,"Video Lu - Actualización de precios y stock",active,,,,7000,Diario,7368.94,2356,2055,"En curso","7 días tras clic o 1 día tras visualización",0,ABSOLUTE_OCPM,2026-08-21T17:21:00-0300,Promedio,-,-,"Conversión segmentación similar",3127.733447,0.636672,0.729927,1.188455
2026-08-18,2026-08-18,"Conocimiento - Estado del rubro",active,43,profile_visit_view,47.8544186,2500,Diario,2057.74,2744,2675,"En curso","1 día tras clic",0,ABSOLUTE_OCPM,2026-07-08T11:14:25-0300,"Por encima del promedio",-,-,"Redirección al perfil de Instagram - Segmentación manual",749.905248,1.603499,1.570093,1.603499
2026-08-17,2026-08-17,"Como tener 2 novias",active,,,,2500,Diario,0,0,0,"En curso","1 día tras clic",0,ABSOLUTE_OCPM,2026-07-08T11:14:25-0300,-,-,-,"Redirección al perfil de Instagram - Segmentación manual",0,,0,0
2026-08-17,2026-08-17,"Oferta | Img | Remarketing | v1 | 2026-09",active,,,,5000,Diario,0,0,0,"En curso","7 días tras clic o 1 día tras visualización",0,ABSOLUTE_OCPM,2026-09-09T16:25:13-0300,-,-,-,Remarketing,0,,0,0
2026-08-17,2026-08-17,"Awareness - Meme 2 novias",archived,,,,2500,Diario,0,0,0,"En curso","1 día tras clic",0,ABSOLUTE_OCPM,2026-07-08T11:14:25-0300,-,-,-,"Redirección al perfil de Instagram - Segmentación manual",0,,0,0
2026-08-17,2026-08-17,"Placa fija",active,,,,2000,Diario,0,0,0,2026-09-16,"7 días tras clic o 1 día tras visualización",0,ABSOLUTE_OCPM,2026-09-10T09:58:39-0300,-,-,-,"Conjunto 1 - Frio nacional",0,,0,0
2026-08-17,2026-08-17,"Video Lu - San Juan",active,,,,3000,Diario,0,0,0,"En curso","7 días tras clic o 1 día tras visualización",0,ABSOLUTE_OCPM,2026-09-02T11:42:37-0300,-,-,-,"San Juan- Frio - LAL CRM - Video",0,,0,0
2026-08-17,2026-08-17,"Video Lu - Mendoza",active,,,,3000,Diario,0,0,0,"En curso","7 días tras clic o 1 día tras visualización",0,ABSOLUTE_OCPM,2026-09-02T10:06:07-0300,-,-,-,"Mendoza - Frio - LAL CRM - Video",0,,0,0
2026-08-17,2026-08-17,Carrousel,not_delivering,,,,2000,Diario,0,0,0,2026-08-31,"7 días tras clic o 1 día tras visualización",0,ABSOLUTE_OCPM,2026-08-28T15:10:22-0300,-,-,-,"Entrevista en vivo - Campana Repuestos",0,,0,0
2026-08-17,2026-08-17,"Placa fija",not_delivering,,,,2000,Diario,0,0,0,2026-08-31,"7 días tras clic o 1 día tras visualización",0,ABSOLUTE_OCPM,2026-08-28T15:10:22-0300,-,-,-,"Entrevista en vivo - Campana Repuestos",0,,0,0
2026-08-17,2026-08-17,"Presencialidad Neuquen - Fija",not_delivering,,,,4000,Diario,0,0,0,2026-08-30,"7 días tras clic o 1 día tras visualización",0,ABSOLUTE_OCPM,2026-08-27T15:51:09-0300,-,-,-,"Campaña Presencialidad Neuquen",0,,0,0
2026-08-17,2026-08-17,"Placa fija - Copia",not_delivering,2,actions:lead,1248.325,1561.28,Diario,2496.65,205,196,"En curso","7 días tras clic o 1 día tras visualización",0,ABSOLUTE_OCPM,2026-08-20T17:56:48-0300,-,-,-,"Demo en VIVO Presencial",12178.780488,1.95122,2.040816,4.390244
2026-08-17,2026-08-17,"Post de Instagram",not_delivering,1,actions:onsite_conversion.messaging_conversation_started_7d,2007.9,1600,Diario,2007.9,1611,1560,"En curso","7 días tras clic o 1 día tras visualización",0,ABSOLUTE_OCPM,2026-08-13T14:06:05-0300,"Por encima del promedio","Por encima del promedio",Promedio,"Guia | Boxer Taller",1246.368715,0.806952,0.128205,1.738051
2026-08-17,2026-08-17,"Placa fija",inactive,,,,1561.28,Diario,0,0,0,"En curso","7 días tras clic o 1 día tras visualización",0,ABSOLUTE_OCPM,2026-08-20T17:56:48-0300,-,-,-,"Demo en VIVO Presencial",0,,0,0
2026-08-17,2026-08-17,"Video Pri",not_delivering,,,,5000,Diario,0,0,0,2026-08-13,"7 días tras clic o 1 día tras visualización",0,ABSOLUTE_OCPM,2026-07-30T16:12:18-0300,-,-,-,"Clases de IA en vivo - Joa y Pri",0,,0,0
2026-08-17,2026-08-17,"Placa fija",not_delivering,,,,5000,Diario,0,0,0,2026-08-13,"7 días tras clic o 1 día tras visualización",0,ABSOLUTE_OCPM,2026-07-30T16:12:18-0300,-,-,-,"Clases de IA en vivo - Joa y Pri",0,,0,0
2026-08-17,2026-08-17,"Video Lu - Actualización de precios y stock - Copia",inactive,2,actions:onsite_conversion.messaging_conversation_started_7d,3182.405,5000,Diario,6364.81,4225,3739,"En curso","7 días tras clic o 1 día tras visualización",0,ABSOLUTE_OCPM,2026-07-27T15:50:54-0300,Promedio,"Por encima del promedio","Por debajo del promedio - 20% de los anuncios menos relevantes","Conversión segmentación similar - Copia",1506.463905,0.757396,0.080235,0.994083
2026-08-17,2026-08-17,"Video Lu",inactive,2,profile_visit_view,157.695,2000,Diario,315.39,77,77,"En curso","1 día tras clic",0,ABSOLUTE_OCPM,2026-08-27T17:05:50-0300,-,-,-,"Nuevo conjunto de anuncios de Tráfico",4095.974026,2.597403,2.597403,3.896104
2026-08-17,2026-08-17,"Placa fija 1",not_delivering,1,actions:lead,2736.98,2500,Diario,2736.98,1401,1280,"En curso","7 días tras clic o 1 día tras visualización",0,ABSOLUTE_OCPM,2026-07-23T10:55:48-0300,-,-,-,"Serie Datos e IA",1953.590293,1.213419,1.328125,2.498216
2026-08-17,2026-08-17,"Carrousel de Tips",active,,,,2000,Diario,0,0,0,"En curso","1 día tras clic",0,ABSOLUTE_OCPM,2026-08-27T17:05:50-0300,-,-,-,"Nuevo conjunto de anuncios de Tráfico",0,,0,0
2026-08-17,2026-08-17,"Conocimiento - Funcionalidad - Precios y proveedores",active,,,,2500,Diario,0,0,0,"En curso","1 día tras clic",0,ABSOLUTE_OCPM,2026-07-08T11:14:25-0300,-,-,-,"Redirección al perfil de Instagram - Segmentación manual",0,,0,0
2026-08-17,2026-08-17,"Remarketing - Casos de éxito - JUL26",active,1,actions:lead,6623.3,5000,Diario,6623.3,1631,1320,"En curso","7 días tras clic o 1 día tras visualización",0,ABSOLUTE_OCPM,2026-09-09T16:25:13-0300,-,-,-,Remarketing,4060.882894,0.613121,0.681818,0.980993
2026-08-17,2026-08-17,"Video Lu - Actualización de precios y stock",active,1,actions:lead,7668.88,7000,Diario,7668.88,2336,2023,"En curso","7 días tras clic o 1 día tras visualización",0,ABSOLUTE_OCPM,2026-08-21T17:21:00-0300,Promedio,-,-,"Conversión segmentación similar",3282.910959,1.027397,1.087494,1.412671
2026-08-17,2026-08-17,"Conocimiento - Estado del rubro",active,88,profile_visit_view,31.74306818,2500,Diario,2793.39,4072,4072,"En curso","1 día tras clic",0,ABSOLUTE_OCPM,2026-07-08T11:14:25-0300,"Por encima del promedio",-,-,"Redirección al perfil de Instagram - Segmentación manual",685.999509,2.03831,1.964637,2.013752
2026-08-16,2026-08-16,"Como tener 2 novias",active,,,,2500,Diario,0,0,0,"En curso","1 día tras clic",0,ABSOLUTE_OCPM,2026-07-08T11:14:25-0300,-,-,-,"Redirección al perfil de Instagram - Segmentación manual",0,,0,0
2026-08-16,2026-08-16,"Oferta | Img | Remarketing | v1 | 2026-09",active,,,,5000,Diario,0,0,0,"En curso","7 días tras clic o 1 día tras visualización",0,ABSOLUTE_OCPM,2026-09-09T16:25:13-0300,-,-,-,Remarketing,0,,0,0
2026-08-16,2026-08-16,"Awareness - Meme 2 novias",archived,,,,2500,Diario,0,0,0,"En curso","1 día tras clic",0,ABSOLUTE_OCPM,2026-07-08T11:14:25-0300,-,-,-,"Redirección al perfil de Instagram - Segmentación manual",0,,0,0
2026-08-16,2026-08-16,"Placa fija",active,,,,2000,Diario,0,0,0,2026-09-16,"7 días tras clic o 1 día tras visualización",0,ABSOLUTE_OCPM,2026-09-10T09:58:39-0300,-,-,-,"Conjunto 1 - Frio nacional",0,,0,0
2026-08-16,2026-08-16,"Video Lu - San Juan",active,,,,3000,Diario,0,0,0,"En curso","7 días tras clic o 1 día tras visualización",0,ABSOLUTE_OCPM,2026-09-02T11:42:37-0300,-,-,-,"San Juan- Frio - LAL CRM - Video",0,,0,0
2026-08-16,2026-08-16,"Video Lu - Mendoza",active,,,,3000,Diario,0,0,0,"En curso","7 días tras clic o 1 día tras visualización",0,ABSOLUTE_OCPM,2026-09-02T10:06:07-0300,-,-,-,"Mendoza - Frio - LAL CRM - Video",0,,0,0
2026-08-16,2026-08-16,Carrousel,not_delivering,,,,2000,Diario,0,0,0,2026-08-31,"7 días tras clic o 1 día tras visualización",0,ABSOLUTE_OCPM,2026-08-28T15:10:22-0300,-,-,-,"Entrevista en vivo - Campana Repuestos",0,,0,0
2026-08-16,2026-08-16,"Placa fija",not_delivering,,,,2000,Diario,0,0,0,2026-08-31,"7 días tras clic o 1 día tras visualización",0,ABSOLUTE_OCPM,2026-08-28T15:10:22-0300,-,-,-,"Entrevista en vivo - Campana Repuestos",0,,0,0
2026-08-16,2026-08-16,"Presencialidad Neuquen - Fija",not_delivering,,,,4000,Diario,0,0,0,2026-08-30,"7 días tras clic o 1 día tras visualización",0,ABSOLUTE_OCPM,2026-08-27T15:51:09-0300,-,-,-,"Campaña Presencialidad Neuquen",0,,0,0
2026-08-16,2026-08-16,"Placa fija - Copia",not_delivering,,,,1561.28,Diario,1767.18,165,154,"En curso","7 días tras clic o 1 día tras visualización",0,ABSOLUTE_OCPM,2026-08-20T17:56:48-0300,-,-,-,"Demo en VIVO Presencial",10710.181818,,0,1.818182
2026-08-16,2026-08-16,"Post de Instagram",not_delivering,1,actions:onsite_conversion.messaging_conversation_started_7d,1656.52,1600,Diario,1656.52,2842,2842,"En curso","7 días tras clic o 1 día tras visualización",0,ABSOLUTE_OCPM,2026-08-13T14:06:05-0300,"Por encima del promedio","Por encima del promedio","Por debajo del promedio - 35% de los anuncios menos relevantes","Guia | Boxer Taller",582.871217,0.59817,0.070373,1.020408
2026-08-16,2026-08-16,"Placa fija",inactive,,,,1561.28,Diario,0,0,0,"En curso","7 días tras clic o 1 día tras visualización",0,ABSOLUTE_OCPM,2026-08-20T17:56:48-0300,-,-,-,"Demo en VIVO Presencial",0,,0,0
2026-08-16,2026-08-16,"Video Pri",not_delivering,,,,5000,Diario,0,0,0,2026-08-13,"7 días tras clic o 1 día tras visualización",0,ABSOLUTE_OCPM,2026-07-30T16:12:18-0300,-,-,-,"Clases de IA en vivo - Joa y Pri",0,,0,0
2026-08-16,2026-08-16,"Placa fija",not_delivering,,,,5000,Diario,0,0,0,2026-08-13,"7 días tras clic o 1 día tras visualización",0,ABSOLUTE_OCPM,2026-07-30T16:12:18-0300,-,-,-,"Clases de IA en vivo - Joa y Pri",0,,0,0
2026-08-16,2026-08-16,"Video Lu - Actualización de precios y stock - Copia",inactive,2,actions:onsite_conversion.messaging_conversation_started_7d,2276.995,5000,Diario,4553.99,3963,3790,"En curso","7 días tras clic o 1 día tras visualización",0,ABSOLUTE_OCPM,2026-07-27T15:50:54-0300,Promedio,Promedio,Promedio,"Conversión segmentación similar - Copia",1149.126924,0.656069,0.05277,0.832703
2026-08-16,2026-08-16,"Video Lu",inactive,4,profile_visit_view,167.835,2000,Diario,671.34,144,144,"En curso","1 día tras clic",0,ABSOLUTE_OCPM,2026-08-27T17:05:50-0300,-,-,-,"Nuevo conjunto de anuncios de Tráfico",4662.083333,2.777778,2.777778,4.166667
2026-08-16,2026-08-16,"Placa fija 1",not_delivering,2,actions:lead,1551.115,2500,Diario,3102.23,1507,1396,"En curso","7 días tras clic o 1 día tras visualización",0,ABSOLUTE_OCPM,2026-07-23T10:55:48-0300,-,-,-,"Serie Datos e IA",2058.546782,1.128069,1.217765,2.455209
2026-08-16,2026-08-16,"Carrousel de Tips",active,,,,2000,Diario,0,0,0,"En curso","1 día tras clic",0,ABSOLUTE_OCPM,2026-08-27T17:05:50-0300,-,-,-,"Nuevo conjunto de anuncios de Tráfico",0,,0,0
2026-08-16,2026-08-16,"Conocimiento - Funcionalidad - Precios y proveedores",active,,,,2500,Diario,0,0,0,"En curso","1 día tras clic",0,ABSOLUTE_OCPM,2026-07-08T11:14:25-0300,-,-,-,"Redirección al perfil de Instagram - Segmentación manual",0,,0,0
2026-08-16,2026-08-16,"Remarketing - Casos de éxito - JUL26",active,2,actions:lead,3257.515,5000,Diario,6515.03,1491,1191,"En curso","7 días tras clic o 1 día tras visualización",0,ABSOLUTE_OCPM,2026-09-09T16:25:13-0300,-,-,-,Remarketing,4369.570758,1.073105,1.343409,1.341382
2026-08-16,2026-08-16,"Video Lu - Actualización de precios y stock",active,3,actions:lead,2394.79666667,7000,Diario,7184.39,2054,1818,"En curso","7 días tras clic o 1 día tras visualización",0,ABSOLUTE_OCPM,2026-08-21T17:21:00-0300,Promedio,-,-,"Conversión segmentación similar",3497.755599,1.265823,1.430143,1.801363
2026-08-16,2026-08-16,"Conocimiento - Estado del rubro",active,92,profile_visit_view,31.78804348,2500,Diario,2924.5,3944,3894,"En curso","1 día tras clic",0,ABSOLUTE_OCPM,2026-07-08T11:14:25-0300,"Por encima del promedio",-,-,"Redirección al perfil de Instagram - Segmentación manual",741.506085,2.383367,2.259887,2.332657
2026-08-15,2026-08-15,"Como tener 2 novias",active,,,,2500,Diario,0,0,0,"En curso","1 día tras clic",0,ABSOLUTE_OCPM,2026-07-08T11:14:25-0300,-,-,-,"Redirección al perfil de Instagram - Segmentación manual",0,,0,0
2026-08-15,2026-08-15,"Oferta | Img | Remarketing | v1 | 2026-09",active,,,,5000,Diario,0,0,0,"En curso","7 días tras clic o 1 día tras visualización",0,ABSOLUTE_OCPM,2026-09-09T16:25:13-0300,-,-,-,Remarketing,0,,0,0
2026-08-15,2026-08-15,"Awareness - Meme 2 novias",archived,,,,2500,Diario,0,0,0,"En curso","1 día tras clic",0,ABSOLUTE_OCPM,2026-07-08T11:14:25-0300,-,-,-,"Redirección al perfil de Instagram - Segmentación manual",0,,0,0
2026-08-15,2026-08-15,"Placa fija",active,,,,2000,Diario,0,0,0,2026-09-16,"7 días tras clic o 1 día tras visualización",0,ABSOLUTE_OCPM,2026-09-10T09:58:39-0300,-,-,-,"Conjunto 1 - Frio nacional",0,,0,0
2026-08-15,2026-08-15,"Video Lu - San Juan",active,,,,3000,Diario,0,0,0,"En curso","7 días tras clic o 1 día tras visualización",0,ABSOLUTE_OCPM,2026-09-02T11:42:37-0300,-,-,-,"San Juan- Frio - LAL CRM - Video",0,,0,0
2026-08-15,2026-08-15,"Video Lu - Mendoza",active,,,,3000,Diario,0,0,0,"En curso","7 días tras clic o 1 día tras visualización",0,ABSOLUTE_OCPM,2026-09-02T10:06:07-0300,-,-,-,"Mendoza - Frio - LAL CRM - Video",0,,0,0
2026-08-15,2026-08-15,Carrousel,not_delivering,,,,2000,Diario,0,0,0,2026-08-31,"7 días tras clic o 1 día tras visualización",0,ABSOLUTE_OCPM,2026-08-28T15:10:22-0300,-,-,-,"Entrevista en vivo - Campana Repuestos",0,,0,0
2026-08-15,2026-08-15,"Placa fija",not_delivering,,,,2000,Diario,0,0,0,2026-08-31,"7 días tras clic o 1 día tras visualización",0,ABSOLUTE_OCPM,2026-08-28T15:10:22-0300,-,-,-,"Entrevista en vivo - Campana Repuestos",0,,0,0
2026-08-15,2026-08-15,"Presencialidad Neuquen - Fija",not_delivering,,,,4000,Diario,0,0,0,2026-08-30,"7 días tras clic o 1 día tras visualización",0,ABSOLUTE_OCPM,2026-08-27T15:51:09-0300,-,-,-,"Campaña Presencialidad Neuquen",0,,0,0
2026-08-15,2026-08-15,"Placa fija - Copia",not_delivering,,,,1561.28,Diario,528.87,46,43,"En curso","7 días tras clic o 1 día tras visualización",0,ABSOLUTE_OCPM,2026-08-20T17:56:48-0300,-,-,-,"Demo en VIVO Presencial",11497.173913,2.173913,2.325581,2.173913
2026-08-15,2026-08-15,"Post de Instagram",not_delivering,,,,1600,Diario,2535.15,1540,1426,"En curso","7 días tras clic o 1 día tras visualización",0,ABSOLUTE_OCPM,2026-08-13T14:06:05-0300,"Por encima del promedio","Por debajo del promedio - 35% de los anuncios menos relevantes","Por debajo del promedio - 10% de los anuncios menos relevantes","Guia | Boxer Taller",1646.201299,0.25974,0.210379,0.714286
2026-08-15,2026-08-15,"Placa fija",inactive,,,,1561.28,Diario,0,0,0,"En curso","7 días tras clic o 1 día tras visualización",0,ABSOLUTE_OCPM,2026-08-20T17:56:48-0300,-,-,-,"Demo en VIVO Presencial",0,,0,0
2026-08-15,2026-08-15,"Video Pri",not_delivering,,,,5000,Diario,0,0,0,2026-08-13,"7 días tras clic o 1 día tras visualización",0,ABSOLUTE_OCPM,2026-07-30T16:12:18-0300,-,-,-,"Clases de IA en vivo - Joa y Pri",0,,0,0
2026-08-15,2026-08-15,"Placa fija",not_delivering,,,,5000,Diario,0,0,0,2026-08-13,"7 días tras clic o 1 día tras visualización",0,ABSOLUTE_OCPM,2026-07-30T16:12:18-0300,-,-,-,"Clases de IA en vivo - Joa y Pri",0,,0,0
2026-08-15,2026-08-15,"Video Lu - Actualización de precios y stock - Copia",inactive,1,actions:onsite_conversion.messaging_conversation_started_7d,4873.42,5000,Diario,4873.42,3272,3128,"En curso","7 días tras clic o 1 día tras visualización",0,ABSOLUTE_OCPM,2026-07-27T15:50:54-0300,"Por encima del promedio",Promedio,"Por debajo del promedio - 35% de los anuncios menos relevantes","Conversión segmentación similar - Copia",1489.43154,0.611247,0.063939,0.825183
2026-08-15,2026-08-15,"Video Lu",inactive,10,profile_visit_view,286.734,2000,Diario,2867.34,825,811,"En curso","1 día tras clic",0,ABSOLUTE_OCPM,2026-08-27T17:05:50-0300,-,-,-,"Nuevo conjunto de anuncios de Tráfico",3475.563636,1.212121,1.233046,2.666667
2026-08-15,2026-08-15,"Placa fija 1",not_delivering,,,,2500,Diario,2074.16,1092,1053,"En curso","7 días tras clic o 1 día tras visualización",0,ABSOLUTE_OCPM,2026-07-23T10:55:48-0300,-,-,-,"Serie Datos e IA",1899.413919,0.641026,0.664767,1.739927
2026-08-15,2026-08-15,"Carrousel de Tips",active,,,,2000,Diario,0,0,0,"En curso","1 día tras clic",0,ABSOLUTE_OCPM,2026-08-27T17:05:50-0300,-,-,-,"Nuevo conjunto de anuncios de Tráfico",0,,0,0
2026-08-15,2026-08-15,"Conocimiento - Funcionalidad - Precios y proveedores",active,,,,2500,Diario,34.22,69,69,"En curso","1 día tras clic",0,ABSOLUTE_OCPM,2026-07-08T11:14:25-0300,-,-,-,"Redirección al perfil de Instagram - Segmentación manual",495.942029,,0,0
2026-08-15,2026-08-15,"Remarketing - Casos de éxito - JUL26",active,,,,5000,Diario,5521.02,1261,1061,"En curso","7 días tras clic o 1 día tras visualización",0,ABSOLUTE_OCPM,2026-09-09T16:25:13-0300,-,-,-,Remarketing,4378.287074,0.951626,1.131008,1.506741
2026-08-15,2026-08-15,"Video Lu - Actualización de precios y stock",active,,,,7000,Diario,6057.07,2024,1912,"En curso","7 días tras clic o 1 día tras visualización",0,ABSOLUTE_OCPM,2026-08-21T17:21:00-0300,Promedio,-,-,"Conversión segmentación similar",2992.623518,1.333992,1.359833,1.679842
2026-08-15,2026-08-15,"Conocimiento - Estado del rubro",active,57,profile_visit_view,40.44824561,2500,Diario,2305.55,2945,2945,"En curso","1 día tras clic",0,ABSOLUTE_OCPM,2026-07-08T11:14:25-0300,"Por encima del promedio",-,-,"Redirección al perfil de Instagram - Segmentación manual",782.86927,1.867572,1.867572,1.901528
2026-08-14,2026-08-14,"Como tener 2 novias",active,,,,2500,Diario,0,0,0,"En curso","1 día tras clic",0,ABSOLUTE_OCPM,2026-07-08T11:14:25-0300,-,-,-,"Redirección al perfil de Instagram - Segmentación manual",0,,0,0
2026-08-14,2026-08-14,"Oferta | Img | Remarketing | v1 | 2026-09",active,,,,5000,Diario,0,0,0,"En curso","7 días tras clic o 1 día tras visualización",0,ABSOLUTE_OCPM,2026-09-09T16:25:13-0300,-,-,-,Remarketing,0,,0,0
2026-08-14,2026-08-14,"Awareness - Meme 2 novias",archived,,,,2500,Diario,0,0,0,"En curso","1 día tras clic",0,ABSOLUTE_OCPM,2026-07-08T11:14:25-0300,-,-,-,"Redirección al perfil de Instagram - Segmentación manual",0,,0,0
2026-08-14,2026-08-14,"Placa fija",active,,,,2000,Diario,0,0,0,2026-09-16,"7 días tras clic o 1 día tras visualización",0,ABSOLUTE_OCPM,2026-09-10T09:58:39-0300,-,-,-,"Conjunto 1 - Frio nacional",0,,0,0
2026-08-14,2026-08-14,"Video Lu - San Juan",active,,,,3000,Diario,0,0,0,"En curso","7 días tras clic o 1 día tras visualización",0,ABSOLUTE_OCPM,2026-09-02T11:42:37-0300,-,-,-,"San Juan- Frio - LAL CRM - Video",0,,0,0
2026-08-14,2026-08-14,"Video Lu - Mendoza",active,,,,3000,Diario,0,0,0,"En curso","7 días tras clic o 1 día tras visualización",0,ABSOLUTE_OCPM,2026-09-02T10:06:07-0300,-,-,-,"Mendoza - Frio - LAL CRM - Video",0,,0,0
2026-08-14,2026-08-14,Carrousel,not_delivering,,,,2000,Diario,0,0,0,2026-08-31,"7 días tras clic o 1 día tras visualización",0,ABSOLUTE_OCPM,2026-08-28T15:10:22-0300,-,-,-,"Entrevista en vivo - Campana Repuestos",0,,0,0
2026-08-14,2026-08-14,"Placa fija",not_delivering,,,,2000,Diario,0,0,0,2026-08-31,"7 días tras clic o 1 día tras visualización",0,ABSOLUTE_OCPM,2026-08-28T15:10:22-0300,-,-,-,"Entrevista en vivo - Campana Repuestos",0,,0,0
2026-08-14,2026-08-14,"Presencialidad Neuquen - Fija",not_delivering,,,,4000,Diario,0,0,0,2026-08-30,"7 días tras clic o 1 día tras visualización",0,ABSOLUTE_OCPM,2026-08-27T15:51:09-0300,-,-,-,"Campaña Presencialidad Neuquen",0,,0,0
2026-08-14,2026-08-14,"Placa fija - Copia",not_delivering,,,,1561.28,Diario,759.07,63,63,"En curso","7 días tras clic o 1 día tras visualización",0,ABSOLUTE_OCPM,2026-08-20T17:56:48-0300,-,-,-,"Demo en VIVO Presencial",12048.730159,,0,0
2026-08-14,2026-08-14,"Post de Instagram",not_delivering,,,,1600,Diario,717.1,527,510,"En curso","7 días tras clic o 1 día tras visualización",0,ABSOLUTE_OCPM,2026-08-13T14:06:05-0300,-,-,-,"Guia | Boxer Taller",1360.721063,0.759013,0.196078,1.897533
2026-08-14,2026-08-14,"Placa fija",inactive,,,,1561.28,Diario,672.58,66,63,"En curso","7 días tras clic o 1 día tras visualización",0,ABSOLUTE_OCPM,2026-08-20T17:56:48-0300,-,-,-,"Demo en VIVO Presencial",10190.606061,1.515152,1.587302,3.030303
2026-08-14,2026-08-14,"Video Pri",not_delivering,,,,5000,Diario,0,0,0,2026-08-13,"7 días tras clic o 1 día tras visualización",0,ABSOLUTE_OCPM,2026-07-30T16:12:18-0300,-,-,-,"Clases de IA en vivo - Joa y Pri",0,,0,0
2026-08-14,2026-08-14,"Placa fija",not_delivering,,,,5000,Diario,0,0,0,2026-08-13,"7 días tras clic o 1 día tras visualización",0,ABSOLUTE_OCPM,2026-07-30T16:12:18-0300,-,-,-,"Clases de IA en vivo - Joa y Pri",0,,0,0
2026-08-14,2026-08-14,"Video Lu - Actualización de precios y stock - Copia",inactive,4,actions:onsite_conversion.messaging_conversation_started_7d,1140.745,5000,Diario,4562.98,3711,3390,"En curso","7 días tras clic o 1 día tras visualización",0,ABSOLUTE_OCPM,2026-07-27T15:50:54-0300,"Por encima del promedio","Por encima del promedio","Por debajo del promedio - 10% de los anuncios menos relevantes","Conversión segmentación similar - Copia",1229.582323,0.646726,0.147493,0.808407
2026-08-14,2026-08-14,"Video Lu",inactive,4,profile_visit_view,113.965,2000,Diario,455.86,135,135,"En curso","1 día tras clic",0,ABSOLUTE_OCPM,2026-08-27T17:05:50-0300,-,-,-,"Nuevo conjunto de anuncios de Tráfico",3376.740741,2.962963,2.962963,2.962963
2026-08-14,2026-08-14,"Placa fija 1",not_delivering,,,,2500,Diario,2429.65,1445,1331,"En curso","7 días tras clic o 1 día tras visualización",0,ABSOLUTE_OCPM,2026-07-23T10:55:48-0300,-,-,-,"Serie Datos e IA",1681.418685,0.484429,0.52592,1.799308
2026-08-14,2026-08-14,"Carrousel de Tips",active,,,,2000,Diario,0,0,0,"En curso","1 día tras clic",0,ABSOLUTE_OCPM,2026-08-27T17:05:50-0300,-,-,-,"Nuevo conjunto de anuncios de Tráfico",0,,0,0
2026-08-14,2026-08-14,"Conocimiento - Funcionalidad - Precios y proveedores",active,,,,2500,Diario,0,0,0,"En curso","1 día tras clic",0,ABSOLUTE_OCPM,2026-07-08T11:14:25-0300,-,-,-,"Redirección al perfil de Instagram - Segmentación manual",0,,0,0
2026-08-14,2026-08-14,"Remarketing - Casos de éxito - JUL26",active,1,actions:lead,5447.85,5000,Diario,5447.85,1461,1168,"En curso","7 días tras clic o 1 día tras visualización",0,ABSOLUTE_OCPM,2026-09-09T16:25:13-0300,-,-,-,Remarketing,3728.850103,1.505818,1.883562,1.916496
2026-08-14,2026-08-14,"Video Lu - Actualización de precios y stock",active,2,actions:lead,3676.415,7000,Diario,7352.83,2582,2249,"En curso","7 días tras clic o 1 día tras visualización",0,ABSOLUTE_OCPM,2026-08-21T17:21:00-0300,Promedio,-,-,"Conversión segmentación similar",2847.726569,1.16189,1.333926,1.471727
2026-08-14,2026-08-14,"Conocimiento - Estado del rubro",active,63,profile_visit_view,33.94936508,2500,Diario,2138.81,2631,2542,"En curso","1 día tras clic",0,ABSOLUTE_OCPM,2026-07-08T11:14:25-0300,Promedio,-,-,"Redirección al perfil de Instagram - Segmentación manual",812.926644,2.31851,2.360346,2.31851
2026-08-13,2026-08-13,"Como tener 2 novias",active,,,,2500,Diario,0,0,0,"En curso","1 día tras clic",0,ABSOLUTE_OCPM,2026-07-08T11:14:25-0300,-,-,-,"Redirección al perfil de Instagram - Segmentación manual",0,,0,0
2026-08-13,2026-08-13,"Oferta | Img | Remarketing | v1 | 2026-09",active,,,,5000,Diario,0,0,0,"En curso","7 días tras clic o 1 día tras visualización",0,ABSOLUTE_OCPM,2026-09-09T16:25:13-0300,-,-,-,Remarketing,0,,0,0
2026-08-13,2026-08-13,"Awareness - Meme 2 novias",archived,,,,2500,Diario,0,0,0,"En curso","1 día tras clic",0,ABSOLUTE_OCPM,2026-07-08T11:14:25-0300,-,-,-,"Redirección al perfil de Instagram - Segmentación manual",0,,0,0
2026-08-13,2026-08-13,"Placa fija",active,,,,2000,Diario,0,0,0,2026-09-16,"7 días tras clic o 1 día tras visualización",0,ABSOLUTE_OCPM,2026-09-10T09:58:39-0300,-,-,-,"Conjunto 1 - Frio nacional",0,,0,0
2026-08-13,2026-08-13,"Video Lu - San Juan",active,,,,3000,Diario,0,0,0,"En curso","7 días tras clic o 1 día tras visualización",0,ABSOLUTE_OCPM,2026-09-02T11:42:37-0300,-,-,-,"San Juan- Frio - LAL CRM - Video",0,,0,0
2026-08-13,2026-08-13,"Video Lu - Mendoza",active,,,,3000,Diario,0,0,0,"En curso","7 días tras clic o 1 día tras visualización",0,ABSOLUTE_OCPM,2026-09-02T10:06:07-0300,-,-,-,"Mendoza - Frio - LAL CRM - Video",0,,0,0
2026-08-13,2026-08-13,Carrousel,not_delivering,,,,2000,Diario,0,0,0,2026-08-31,"7 días tras clic o 1 día tras visualización",0,ABSOLUTE_OCPM,2026-08-28T15:10:22-0300,-,-,-,"Entrevista en vivo - Campana Repuestos",0,,0,0
2026-08-13,2026-08-13,"Placa fija",not_delivering,,,,2000,Diario,0,0,0,2026-08-31,"7 días tras clic o 1 día tras visualización",0,ABSOLUTE_OCPM,2026-08-28T15:10:22-0300,-,-,-,"Entrevista en vivo - Campana Repuestos",0,,0,0
2026-08-13,2026-08-13,"Presencialidad Neuquen - Fija",not_delivering,,,,4000,Diario,0,0,0,2026-08-30,"7 días tras clic o 1 día tras visualización",0,ABSOLUTE_OCPM,2026-08-27T15:51:09-0300,-,-,-,"Campaña Presencialidad Neuquen",0,,0,0
2026-08-13,2026-08-13,"Placa fija - Copia",not_delivering,,,,1561.28,Diario,0,0,0,"En curso","7 días tras clic o 1 día tras visualización",0,ABSOLUTE_OCPM,2026-08-20T17:56:48-0300,-,-,-,"Demo en VIVO Presencial",0,,0,0
2026-08-13,2026-08-13,"Post de Instagram",not_delivering,,,,1600,Diario,373.62,922,901,"En curso","7 días tras clic o 1 día tras visualización",0,ABSOLUTE_OCPM,2026-08-13T14:06:05-0300,"Por encima del promedio","Por encima del promedio",Promedio,"Guia | Boxer Taller",405.227766,0.759219,0,1.518438
2026-08-13,2026-08-13,"Placa fija",inactive,,,,1561.28,Diario,1298.18,157,135,"En curso","7 días tras clic o 1 día tras visualización",0,ABSOLUTE_OCPM,2026-08-20T17:56:48-0300,-,-,-,"Demo en VIVO Presencial",8268.66242,,0,0
2026-08-13,2026-08-13,"Video Pri",not_delivering,,,,5000,Diario,1750.6,415,385,2026-08-13,"7 días tras clic o 1 día tras visualización",0,ABSOLUTE_OCPM,2026-07-30T16:12:18-0300,-,-,-,"Clases de IA en vivo - Joa y Pri",4218.313253,0.722892,0.779221,0.722892
2026-08-13,2026-08-13,"Placa fija",not_delivering,1,actions:lead,117.05,5000,Diario,117.05,47,42,2026-08-13,"7 días tras clic o 1 día tras visualización",0,ABSOLUTE_OCPM,2026-07-30T16:12:18-0300,-,-,-,"Clases de IA en vivo - Joa y Pri",2490.425532,2.12766,2.380952,4.255319
2026-08-13,2026-08-13,"Video Lu - Actualización de precios y stock - Copia",inactive,2,actions:onsite_conversion.messaging_conversation_started_7d,2266.055,5000,Diario,4532.11,3085,2831,"En curso","7 días tras clic o 1 día tras visualización",0,ABSOLUTE_OCPM,2026-07-27T15:50:54-0300,"Por encima del promedio","Por encima del promedio","Por debajo del promedio - 20% de los anuncios menos relevantes","Conversión segmentación similar - Copia",1469.079417,0.583468,0.070646,0.907618
2026-08-13,2026-08-13,"Video Lu",inactive,3,profile_visit_view,123.38,2000,Diario,370.14,176,176,"En curso","1 día tras clic",0,ABSOLUTE_OCPM,2026-08-27T17:05:50-0300,-,-,-,"Nuevo conjunto de anuncios de Tráfico",2103.068182,1.704545,1.704545,3.409091
2026-08-13,2026-08-13,"Placa fija 1",not_delivering,2,actions:lead,1336.44,2500,Diario,2672.88,1383,1211,"En curso","7 días tras clic o 1 día tras visualización",0,ABSOLUTE_OCPM,2026-07-23T10:55:48-0300,-,-,-,"Serie Datos e IA",1932.668113,1.518438,1.651528,2.819957
2026-08-13,2026-08-13,"Carrousel de Tips",active,,,,2000,Diario,0,0,0,"En curso","1 día tras clic",0,ABSOLUTE_OCPM,2026-08-27T17:05:50-0300,-,-,-,"Nuevo conjunto de anuncios de Tráfico",0,,0,0
2026-08-13,2026-08-13,"Conocimiento - Funcionalidad - Precios y proveedores",active,5,profile_visit_view,61.132,2500,Diario,305.66,554,547,"En curso","1 día tras clic",0,ABSOLUTE_OCPM,2026-07-08T11:14:25-0300,-,-,-,"Redirección al perfil de Instagram - Segmentación manual",551.732852,0.902527,0.914077,0.902527
2026-08-13,2026-08-13,"Remarketing - Casos de éxito - JUL26",active,,,,5000,Diario,5293.16,1607,1256,"En curso","7 días tras clic o 1 día tras visualización",0,ABSOLUTE_OCPM,2026-09-09T16:25:13-0300,-,-,-,Remarketing,3293.814561,1.182327,1.512739,1.555694
2026-08-13,2026-08-13,"Video Lu - Actualización de precios y stock",active,2,actions:lead,3476.34,7000,Diario,6952.68,2427,2161,"En curso","7 días tras clic o 1 día tras visualización",0,ABSOLUTE_OCPM,2026-08-21T17:21:00-0300,Promedio,-,-,"Conversión segmentación similar",2864.721879,1.112485,1.249422,1.606922
2026-08-13,2026-08-13,"Conocimiento - Estado del rubro",active,51,profile_visit_view,36.52490196,2500,Diario,1862.77,2171,2118,"En curso","1 día tras clic",0,ABSOLUTE_OCPM,2026-07-08T11:14:25-0300,Promedio,-,-,"Redirección al perfil de Instagram - Segmentación manual",858.023952,2.257024,2.219075,2.210963
2026-08-12,2026-08-12,"Como tener 2 novias",active,,,,2500,Diario,0,0,0,"En curso","1 día tras clic",0,ABSOLUTE_OCPM,2026-07-08T11:14:25-0300,-,-,-,"Redirección al perfil de Instagram - Segmentación manual",0,,0,0
2026-08-12,2026-08-12,"Oferta | Img | Remarketing | v1 | 2026-09",active,,,,5000,Diario,0,0,0,"En curso","7 días tras clic o 1 día tras visualización",0,ABSOLUTE_OCPM,2026-09-09T16:25:13-0300,-,-,-,Remarketing,0,,0,0
2026-08-12,2026-08-12,"Awareness - Meme 2 novias",archived,,,,2500,Diario,0,0,0,"En curso","1 día tras clic",0,ABSOLUTE_OCPM,2026-07-08T11:14:25-0300,-,-,-,"Redirección al perfil de Instagram - Segmentación manual",0,,0,0
2026-08-12,2026-08-12,"Placa fija",active,,,,2000,Diario,0,0,0,2026-09-16,"7 días tras clic o 1 día tras visualización",0,ABSOLUTE_OCPM,2026-09-10T09:58:39-0300,-,-,-,"Conjunto 1 - Frio nacional",0,,0,0
2026-08-12,2026-08-12,"Video Lu - San Juan",active,,,,3000,Diario,0,0,0,"En curso","7 días tras clic o 1 día tras visualización",0,ABSOLUTE_OCPM,2026-09-02T11:42:37-0300,-,-,-,"San Juan- Frio - LAL CRM - Video",0,,0,0
2026-08-12,2026-08-12,"Video Lu - Mendoza",active,,,,3000,Diario,0,0,0,"En curso","7 días tras clic o 1 día tras visualización",0,ABSOLUTE_OCPM,2026-09-02T10:06:07-0300,-,-,-,"Mendoza - Frio - LAL CRM - Video",0,,0,0
2026-08-12,2026-08-12,Carrousel,not_delivering,,,,2000,Diario,0,0,0,2026-08-31,"7 días tras clic o 1 día tras visualización",0,ABSOLUTE_OCPM,2026-08-28T15:10:22-0300,-,-,-,"Entrevista en vivo - Campana Repuestos",0,,0,0
2026-08-12,2026-08-12,"Placa fija",not_delivering,,,,2000,Diario,0,0,0,2026-08-31,"7 días tras clic o 1 día tras visualización",0,ABSOLUTE_OCPM,2026-08-28T15:10:22-0300,-,-,-,"Entrevista en vivo - Campana Repuestos",0,,0,0
2026-08-12,2026-08-12,"Presencialidad Neuquen - Fija",not_delivering,,,,4000,Diario,0,0,0,2026-08-30,"7 días tras clic o 1 día tras visualización",0,ABSOLUTE_OCPM,2026-08-27T15:51:09-0300,-,-,-,"Campaña Presencialidad Neuquen",0,,0,0
2026-08-12,2026-08-12,"Placa fija - Copia",not_delivering,,,,1561.28,Diario,0,0,0,"En curso","7 días tras clic o 1 día tras visualización",0,ABSOLUTE_OCPM,2026-08-20T17:56:48-0300,-,-,-,"Demo en VIVO Presencial",0,,0,0
2026-08-12,2026-08-12,"Post de Instagram",not_delivering,,,,1600,Diario,0,0,0,"En curso","7 días tras clic o 1 día tras visualización",0,ABSOLUTE_OCPM,2026-08-13T14:06:05-0300,-,-,-,"Guia | Boxer Taller",0,,0,0
2026-08-12,2026-08-12,"Placa fija",inactive,,,,1561.28,Diario,1419.56,174,139,"En curso","7 días tras clic o 1 día tras visualización",0,ABSOLUTE_OCPM,2026-08-20T17:56:48-0300,-,-,-,"Demo en VIVO Presencial",8158.390805,1.149425,1.438849,3.448276
2026-08-12,2026-08-12,"Video Pri",not_delivering,,,,5000,Diario,3177.77,1046,901,2026-08-13,"7 días tras clic o 1 día tras visualización",0,ABSOLUTE_OCPM,2026-07-30T16:12:18-0300,Promedio,-,-,"Clases de IA en vivo - Joa y Pri",3038.021033,0.573614,0.665927,0.956023
2026-08-12,2026-08-12,"Placa fija",not_delivering,,,,5000,Diario,179.44,52,49,2026-08-13,"7 días tras clic o 1 día tras visualización",0,ABSOLUTE_OCPM,2026-07-30T16:12:18-0300,-,-,-,"Clases de IA en vivo - Joa y Pri",3450.769231,,0,0
2026-08-12,2026-08-12,"Video Lu - Actualización de precios y stock - Copia",inactive,1,actions:onsite_conversion.messaging_conversation_started_7d,4646.51,5000,Diario,4646.51,4053,3798,"En curso","7 días tras clic o 1 día tras visualización",0,ABSOLUTE_OCPM,2026-07-27T15:50:54-0300,"Por encima del promedio","Por encima del promedio","Por debajo del promedio - 35% de los anuncios menos relevantes","Conversión segmentación similar - Copia",1146.437207,0.6415,0.052659,0.789539
2026-08-12,2026-08-12,"Video Lu",inactive,10,profile_visit_view,350,2000,Diario,3500,1228,1200,"En curso","1 día tras clic",0,ABSOLUTE_OCPM,2026-08-27T17:05:50-0300,-,-,-,"Nuevo conjunto de anuncios de Tráfico",2850.162866,1.140065,1.166667,1.872964
2026-08-12,2026-08-12,"Placa fija 1",not_delivering,4,actions:lead,618.365,2500,Diario,2473.46,1183,1079,"En curso","7 días tras clic o 1 día tras visualización",0,ABSOLUTE_OCPM,2026-07-23T10:55:48-0300,-,-,-,"Serie Datos e IA",2090.836855,1.606086,1.76089,3.381234
2026-08-12,2026-08-12,"Carrousel de Tips",active,,,,2000,Diario,0,0,0,"En curso","1 día tras clic",0,ABSOLUTE_OCPM,2026-08-27T17:05:50-0300,-,-,-,"Nuevo conjunto de anuncios de Tráfico",0,,0,0
2026-08-12,2026-08-12,"Conocimiento - Funcionalidad - Precios y proveedores",active,,,,2500,Diario,26.13,44,44,"En curso","1 día tras clic",0,ABSOLUTE_OCPM,2026-07-08T11:14:25-0300,-,-,-,"Redirección al perfil de Instagram - Segmentación manual",593.863636,,0,0
2026-08-12,2026-08-12,"Remarketing - Casos de éxito - JUL26",active,2,actions:lead,2964.45,5000,Diario,5928.9,1530,1203,"En curso","7 días tras clic o 1 día tras visualización",0,ABSOLUTE_OCPM,2026-09-09T16:25:13-0300,-,-,-,Remarketing,3875.098039,1.30719,1.66251,1.699346
2026-08-12,2026-08-12,"Video Lu - Actualización de precios y stock",active,1,actions:lead,6787.88,7000,Diario,6787.88,2245,2011,"En curso","7 días tras clic o 1 día tras visualización",0,ABSOLUTE_OCPM,2026-08-21T17:21:00-0300,Promedio,-,-,"Conversión segmentación similar",3023.554566,1.024499,1.14371,1.737194
2026-08-12,2026-08-12,"Conocimiento - Estado del rubro",active,48,profile_visit_view,44.99645833,2500,Diario,2159.83,2898,2881,"En curso","1 día tras clic",0,ABSOLUTE_OCPM,2026-07-08T11:14:25-0300,Promedio,-,-,"Redirección al perfil de Instagram - Segmentación manual",745.282954,1.725328,1.700798,1.759834
2026-08-11,2026-08-11,"Como tener 2 novias",active,,,,2500,Diario,0,0,0,"En curso","1 día tras clic",0,ABSOLUTE_OCPM,2026-07-08T11:14:25-0300,-,-,-,"Redirección al perfil de Instagram - Segmentación manual",0,,0,0
2026-08-11,2026-08-11,"Oferta | Img | Remarketing | v1 | 2026-09",active,,,,5000,Diario,0,0,0,"En curso","7 días tras clic o 1 día tras visualización",0,ABSOLUTE_OCPM,2026-09-09T16:25:13-0300,-,-,-,Remarketing,0,,0,0
2026-08-11,2026-08-11,"Awareness - Meme 2 novias",archived,,,,2500,Diario,0,0,0,"En curso","1 día tras clic",0,ABSOLUTE_OCPM,2026-07-08T11:14:25-0300,-,-,-,"Redirección al perfil de Instagram - Segmentación manual",0,,0,0
2026-08-11,2026-08-11,"Placa fija",active,,,,2000,Diario,0,0,0,2026-09-16,"7 días tras clic o 1 día tras visualización",0,ABSOLUTE_OCPM,2026-09-10T09:58:39-0300,-,-,-,"Conjunto 1 - Frio nacional",0,,0,0
2026-08-11,2026-08-11,"Video Lu - San Juan",active,,,,3000,Diario,0,0,0,"En curso","7 días tras clic o 1 día tras visualización",0,ABSOLUTE_OCPM,2026-09-02T11:42:37-0300,-,-,-,"San Juan- Frio - LAL CRM - Video",0,,0,0
2026-08-11,2026-08-11,"Video Lu - Mendoza",active,,,,3000,Diario,0,0,0,"En curso","7 días tras clic o 1 día tras visualización",0,ABSOLUTE_OCPM,2026-09-02T10:06:07-0300,-,-,-,"Mendoza - Frio - LAL CRM - Video",0,,0,0
2026-08-11,2026-08-11,Carrousel,not_delivering,,,,2000,Diario,0,0,0,2026-08-31,"7 días tras clic o 1 día tras visualización",0,ABSOLUTE_OCPM,2026-08-28T15:10:22-0300,-,-,-,"Entrevista en vivo - Campana Repuestos",0,,0,0
2026-08-11,2026-08-11,"Placa fija",not_delivering,,,,2000,Diario,0,0,0,2026-08-31,"7 días tras clic o 1 día tras visualización",0,ABSOLUTE_OCPM,2026-08-28T15:10:22-0300,-,-,-,"Entrevista en vivo - Campana Repuestos",0,,0,0
2026-08-11,2026-08-11,"Presencialidad Neuquen - Fija",not_delivering,,,,4000,Diario,0,0,0,2026-08-30,"7 días tras clic o 1 día tras visualización",0,ABSOLUTE_OCPM,2026-08-27T15:51:09-0300,-,-,-,"Campaña Presencialidad Neuquen",0,,0,0
2026-08-11,2026-08-11,"Placa fija - Copia",not_delivering,,,,1561.28,Diario,0,0,0,"En curso","7 días tras clic o 1 día tras visualización",0,ABSOLUTE_OCPM,2026-08-20T17:56:48-0300,-,-,-,"Demo en VIVO Presencial",0,,0,0
2026-08-11,2026-08-11,"Post de Instagram",not_delivering,,,,1600,Diario,0,0,0,"En curso","7 días tras clic o 1 día tras visualización",0,ABSOLUTE_OCPM,2026-08-13T14:06:05-0300,-,-,-,"Guia | Boxer Taller",0,,0,0
2026-08-11,2026-08-11,"Placa fija",inactive,,,,1561.28,Diario,1843.62,297,245,"En curso","7 días tras clic o 1 día tras visualización",0,ABSOLUTE_OCPM,2026-08-20T17:56:48-0300,-,-,-,"Demo en VIVO Presencial",6207.474747,0.673401,0.816327,1.010101
2026-08-11,2026-08-11,"Video Pri",not_delivering,1,actions:lead,4502.76,5000,Diario,4502.76,1609,1349,2026-08-13,"7 días tras clic o 1 día tras visualización",0,ABSOLUTE_OCPM,2026-07-30T16:12:18-0300,Promedio,-,-,"Clases de IA en vivo - Joa y Pri",2798.48353,0.932256,1.111935,1.49161
2026-08-11,2026-08-11,"Placa fija",not_delivering,,,,5000,Diario,324.94,106,86,2026-08-13,"7 días tras clic o 1 día tras visualización",0,ABSOLUTE_OCPM,2026-07-30T16:12:18-0300,-,-,-,"Clases de IA en vivo - Joa y Pri",3065.471698,1.886792,2.325581,2.830189
2026-08-11,2026-08-11,"Video Lu - Actualización de precios y stock - Copia",inactive,2,actions:onsite_conversion.messaging_conversation_started_7d,2946.865,5000,Diario,5893.73,3275,2391,"En curso","7 días tras clic o 1 día tras visualización",0,ABSOLUTE_OCPM,2026-07-27T15:50:54-0300,"Por encima del promedio","Por encima del promedio",Promedio,"Conversión segmentación similar - Copia",1799.612214,0.458015,0.250941,0.885496
2026-08-11,2026-08-11,"Video Lu",inactive,14,profile_visit_view,250,2000,Diario,3500,1240,1240,"En curso","1 día tras clic",0,ABSOLUTE_OCPM,2026-08-27T17:05:50-0300,-,-,-,"Nuevo conjunto de anuncios de Tráfico",2822.580645,1.290323,1.290323,2.741935
2026-08-11,2026-08-11,"Placa fija 1",not_delivering,1,actions:lead,2175.03,2500,Diario,2175.03,1200,1063,"En curso","7 días tras clic o 1 día tras visualización",0,ABSOLUTE_OCPM,2026-07-23T10:55:48-0300,-,-,-,"Serie Datos e IA",1812.525,1.5,1.505174,2.5
2026-08-11,2026-08-11,"Carrousel de Tips",active,,,,2000,Diario,0,0,0,"En curso","1 día tras clic",0,ABSOLUTE_OCPM,2026-08-27T17:05:50-0300,-,-,-,"Nuevo conjunto de anuncios de Tráfico",0,,0,0
2026-08-11,2026-08-11,"Conocimiento - Funcionalidad - Precios y proveedores",active,,,,2500,Diario,0,0,0,"En curso","1 día tras clic",0,ABSOLUTE_OCPM,2026-07-08T11:14:25-0300,-,-,-,"Redirección al perfil de Instagram - Segmentación manual",0,,0,0
2026-08-11,2026-08-11,"Remarketing - Casos de éxito - JUL26",active,1,actions:lead,6052.33,5000,Diario,6052.33,1846,1560,"En curso","7 días tras clic o 1 día tras visualización",0,ABSOLUTE_OCPM,2026-09-09T16:25:13-0300,-,-,-,Remarketing,3278.618635,0.975081,1.153846,1.191766
2026-08-11,2026-08-11,"Video Lu - Actualización de precios y stock",active,,,,7000,Diario,6942.83,2327,2102,"En curso","7 días tras clic o 1 día tras visualización",0,ABSOLUTE_OCPM,2026-08-21T17:21:00-0300,Promedio,-,-,"Conversión segmentación similar",2983.596906,1.074345,1.189343,1.332187
2026-08-11,2026-08-11,"Conocimiento - Estado del rubro",active,59,profile_visit_view,41.78762712,2500,Diario,2465.47,3506,3379,"En curso","1 día tras clic",0,ABSOLUTE_OCPM,2026-07-08T11:14:25-0300,Promedio,-,-,"Redirección al perfil de Instagram - Segmentación manual",703.214489,1.654307,1.627701,1.682829
