"ID";"Etapa";"Origen";"Creado";"Razon de no derivacion";"Tipo de negocio";"Interes en producto";"Prioridad";"Contacto efectivo";"UTM Source";"UTM Medium";"UTM Campaign";"UTM Content";"UTM Term"
"356";"Prospecto inactivo";"Meta Ads";"04/03/2026 17:40:01";"No interesado por ahora";"";"Inactivo";"Baja";"";"";"";"";"";""
"358";"Comunidad de WhatsApp";"Meta Ads";"05/03/2026 09:50:22";"";"Casa de Repuestos de Autos";"Inactivo";"Media";"";"";"";"";"";""
"362";"Convertido";"Meta Ads Formulario";"05/03/2026 10:43:18";"";"Combinación con Casa de Repuestos";"Activo";"Media";"";"";"";"";"";""
"364";"Prospecto inactivo";"Meta Ads";"05/03/2026 11:07:17";"No responde mensajes ni llamada";"Casa de Repuestos de Autos";"Inactivo";"Baja";"";"";"";"";"";""
"366";"Prospecto inactivo";"Meta Ads";"05/03/2026 11:07:17";"";"Casa de Repuestos de Motos";"Inactivo";"Baja";"";"";"";"";"";""
"368";"Prospecto inactivo";"Meta Ads";"05/03/2026 11:07:17";"Prefieren retomar el contacto en otro momento";"Lubricentro";"Inactivo";"Baja";"";"";"";"";"";""
"376";"Prospecto inactivo";"Meta Ads Formulario";"05/03/2026 12:59:00";"";"Lubricentro";"Inactivo";"Baja";"";"";"";"";"";""
"378";"Prospecto inactivo";"Meta Ads Formulario";"05/03/2026 12:59:00";"";"Casa de Repuestos de Motos";"Inactivo";"Baja";"";"";"";"";"";""
"380";"Prospecto inactivo";"Meta Ads Formulario";"05/03/2026 12:59:00";"No responde mensajes ni llamada";"Casa de Repuestos de Autos";"Inactivo";"Baja";"";"";"";"";"";""
"382";"Prospecto inactivo";"Meta Ads Formulario";"05/03/2026 12:59:00";"";"Lubricentro";"Inactivo";"Baja";"";"";"";"";"";""
"392";"Prospecto no útil";"Meta Ads Formulario";"05/03/2026 12:59:01";"Ya contrato otro sistema";"Casa de Repuestos de Motos";"Inactivo";"Baja";"";"";"";"";"";""
"384";"Prospecto inactivo";"Meta Ads Formulario";"05/03/2026 12:59:01";"";"Lubricentro";"Inactivo";"Baja";"";"";"";"";"";""
"388";"Prospecto inactivo";"Meta Ads Formulario";"05/03/2026 12:59:01";"";"Casa de Repuestos de Autos";"Activo";"Baja";"";"";"";"";"";""
"390";"Prospecto inactivo";"Redes";"05/03/2026 12:59:01";"No responde mensajes ni llamada";"Casa de Repuestos de Autos";"Inactivo";"Alta";"";"";"";"";"";""
"394";"Prospecto inactivo";"Meta Ads Formulario";"05/03/2026 12:59:01";"";"Lubricentro";"Inactivo";"Baja";"";"";"";"";"";""
"398";"Prospecto inactivo";"Meta Ads";"05/03/2026 12:59:01";"No responde mensajes ni llamada";"Distribuidora";"Inactivo";"Media";"";"";"";"";"";""
"386";"Convertido";"Meta Ads Formulario";"05/03/2026 12:59:01";"";"Combinación con Casa de Repuestos";"Activo";"Media";"";"";"";"";"";""
"400";"Prospecto inactivo";"Meta Ads";"05/03/2026 13:10:22";"Frenado el negocio por ventas";"Casa de Repuestos de Autos";"Activo";"";"";"";"";"";"";""
"410";"Prospecto no útil";"Meta Ads Formulario";"05/03/2026 13:16:04";"Datos incorrectos o contacto inexistente";"Casa de Repuestos de Autos";"Inactivo";"Baja";"";"";"";"";"";""
"412";"Prospecto no útil";"Webinar Mkt con IA";"05/03/2026 13:16:04";"Datos incorrectos o contacto inexistente";"Casa de Repuestos de Autos";"Inactivo";"Alta";"";"";"";"";"";""
"414";"Prospecto no útil";"Meta Ads Formulario";"05/03/2026 13:16:04";"Datos incorrectos o contacto inexistente";"A definir";"Inactivo";"Baja";"";"";"";"";"";""
"416";"Prospecto no útil";"Meta Ads Formulario";"05/03/2026 13:16:04";"Datos incorrectos o contacto inexistente";"Lubricentro";"Inactivo";"Baja";"";"";"";"";"";""
"418";"Prospecto no útil";"Meta Ads Formulario";"05/03/2026 13:16:04";"Datos incorrectos o contacto inexistente";"Casa de Repuestos de Autos";"Inactivo";"Baja";"";"";"";"";"";""
"420";"Prospecto inactivo";"Redes";"05/03/2026 13:16:04";"";"Taller mecánico";"Inactivo";"Alta";"";"";"";"";"";""
"404";"Convertido";"Meta Ads Formulario";"05/03/2026 13:16:04";"";"Casa de Repuestos de Autos";"Activo";"Alta";"";"";"";"";"";""
"406";"Convertido";"Meta Ads Formulario";"05/03/2026 13:16:04";"";"Casa de Repuestos de Autos";"Inactivo";"Alta";"";"";"";"";"";""
"426";"Prospecto no útil";"Meta Ads Formulario";"05/03/2026 13:16:05";"Ya contrato otro sistema";"Casa de Repuestos de Autos";"Activo";"Baja";"";"";"";"";"";""
"422";"Prospecto inactivo";"Meta Ads Formulario";"05/03/2026 13:16:05";"No responde mensajes ni llamada";"Casa de Repuestos de Autos";"Inactivo";"Baja";"";"";"";"";"";""
"424";"Prospecto inactivo";"Meta Ads Formulario";"05/03/2026 13:16:05";"No responde mensajes ni llamada";"Casa de Repuestos de Autos";"Inactivo";"Baja";"";"";"";"";"";""
"428";"Prospecto inactivo";"Meta Ads Formulario";"05/03/2026 13:16:05";"";"Lubricentro";"Inactivo";"Baja";"";"";"";"";"";""
"430";"Prospecto inactivo";"Meta Ads Formulario";"05/03/2026 13:16:05";"No interesado por ahora";"Lubricentro";"Activo";"Baja";"";"";"";"";"";""
"438";"Prospecto inactivo";"Meta Ads Formulario";"05/03/2026 13:16:05";"";"Casa de Repuestos de Motos";"Inactivo";"Baja";"";"";"";"";"";""
"442";"Prospecto inactivo";"Meta Ads Formulario";"05/03/2026 13:16:05";"";"A definir";"Inactivo";"Baja";"Efectivo";"";"";"";"";""
"444";"Prospecto inactivo";"Form tienda nube";"05/03/2026 13:16:05";"";"Casa de Repuestos de Autos";"Inactivo";"Baja";"";"";"";"";"";""
"436";"Convertido";"Meta Ads Formulario";"05/03/2026 13:16:05";"";"Combinación con Casa de Repuestos";"Activo";"Baja";"";"";"";"";"";""
"440";"Convertido";"Meta Ads Formulario";"05/03/2026 13:16:05";"";"Casa de Repuestos de Autos";"Activo";"Alta";"";"";"";"";"";""
"448";"Prospecto inactivo";"Meta Ads Formulario";"06/03/2026 13:28:43";"";"Lubricentro";"Inactivo";"Alta";"";"";"";"";"";""
"450";"Prospecto inactivo";"Meta Ads Formulario";"06/03/2026 13:28:43";"Deciden suspender la conversación";"Casa de Repuestos de Autos";"Inactivo";"Alta";"";"";"";"";"";""
"462";"Prospecto inactivo";"Meta Ads Formulario";"06/03/2026 13:28:44";"Indican que lo evaluarán más adelante";"Combinación con Casa de Repuestos";"Inactivo";"Alta";"";"";"";"";"";""
"464";"Prospecto inactivo";"Meta Ads Formulario";"06/03/2026 13:28:44";"";"Lubricentro";"Inactivo";"Alta";"";"";"";"";"";""
"466";"Prospecto inactivo";"Redes";"06/03/2026 13:28:44";"Deciden suspender la conversación";"Desarmadero";"Inactivo";"Alta";"";"";"";"";"";""
"470";"Prospecto inactivo";"Meta Ads Formulario";"06/03/2026 13:28:44";"";"Combinación con Casa de Repuestos";"Activo";"Baja";"";"";"";"";"";""
"474";"Prospecto inactivo";"Meta Ads Formulario";"06/03/2026 13:28:44";"";"Casa de Repuestos de Motos";"Inactivo";"Alta";"";"";"";"";"";""
"480";"Prospecto inactivo";"Meta Ads";"06/03/2026 13:28:44";"No interesado por ahora";"Combinación con Casa de Repuestos";"Inactivo";"Alta";"";"";"";"";"";""
"482";"Prospecto inactivo";"Meta Ads Formulario";"06/03/2026 13:28:44";"";"Taller mecánico";"Inactivo";"Media";"";"";"";"";"";""
"458";"Convertido";"Meta Ads Formulario";"06/03/2026 13:28:44";"";"Combinación con Casa de Repuestos";"Activo";"Alta";"";"";"";"";"";""
"460";"Convertido";"Meta Ads Formulario";"06/03/2026 13:28:44";"";"Combinación con Casa de Repuestos";"Activo";"Media";"";"";"";"";"";""
"468";"Convertido";"Meta Ads";"06/03/2026 13:28:44";"";"Casa de Repuestos de Autos";"Activo";"Alta";"";"";"";"";"";""
"472";"Convertido";"Meta Ads Formulario";"06/03/2026 13:28:44";"";"Combinación con Casa de Repuestos";"Activo";"Media";"";"";"";"";"";""
"476";"Convertido";"Meta Ads Formulario";"06/03/2026 13:28:44";"";"Taller mecánico";"Activo";"Alta";"";"";"";"";"";""
"478";"Convertido";"Meta Ads Formulario";"06/03/2026 13:28:44";"";"Casa de Repuestos de Autos";"Activo";"Alta";"";"";"";"";"";""
"484";"Prospecto no útil";"Redes";"09/03/2026 10:38:50";"atiende y corta";"Casa de Repuestos de Autos";"Activo";"Alta";"";"";"";"";"";""
"500";"Prospecto no útil";"Meta Ads Formulario";"09/03/2026 10:38:51";"Frenado el negocio por ventas";"Taller mecánico";"Inactivo";"";"";"";"";"";"";""
"492";"Prospecto inactivo";"Redes";"09/03/2026 10:38:51";"";"Taller mecánico";"Inactivo";"Alta";"";"";"";"";"";""
"494";"Prospecto inactivo";"Meta Ads Formulario";"09/03/2026 10:38:51";"";"";"Inactivo";"Baja";"";"";"";"";"";""
"502";"Prospecto inactivo";"Meta Ads Formulario";"09/03/2026 10:38:51";"";"A definir";"Inactivo";"";"";"";"";"";"";""
"508";"Prospecto inactivo";"Redes";"09/03/2026 10:38:51";"";"A definir";"Inactivo";"Alta";"";"";"";"";"";""
"510";"Prospecto inactivo";"Meta Ads Formulario";"09/03/2026 10:38:51";"Prefieren retomar el contacto en otro momento";"Casa de Repuestos de Autos";"Inactivo";"";"";"";"";"";"";""
"512";"Prospecto inactivo";"Meta Ads Formulario";"09/03/2026 10:38:51";"";"Lubricentro";"Inactivo";"";"";"";"";"";"";""
"514";"Prospecto inactivo";"Meta Ads Formulario";"09/03/2026 10:38:51";"";"";"Inactivo";"";"";"";"";"";"";""
"516";"Prospecto inactivo";"Meta Ads Formulario";"09/03/2026 10:38:51";"";"Lubricentro";"Inactivo";"Baja";"";"";"";"";"";""
"518";"Prospecto inactivo";"Form tienda nube";"09/03/2026 10:38:51";"";"Casa de Repuestos de Motos";"Inactivo";"Baja";"";"";"";"";"";""
"520";"Prospecto inactivo";"Form tienda nube";"09/03/2026 10:38:51";"";"Lubricentro";"Inactivo";"Baja";"";"";"";"";"";""
"496";"Convertido";"Meta Ads Formulario";"09/03/2026 10:38:51";"";"Casa de Repuestos de Agrícolas";"Activo";"Alta";"";"";"";"";"";""
"498";"Convertido";"Meta Ads Formulario";"09/03/2026 10:38:51";"";"Casa de Repuestos de Autos";"Activo";"Baja";"";"";"";"";"";""
"504";"Convertido";"Redes";"09/03/2026 10:38:51";"";"Casa de Repuestos de Autos";"Activo";"Alta";"";"";"";"";"";""
"506";"Convertido";"Meta Ads Formulario";"09/03/2026 10:38:51";"";"Autopartes";"Activo";"Media";"";"";"";"";"";""
"522";"Convertido";"Meta Ads Formulario";"09/03/2026 10:38:51";"";"Casa de Repuestos de Motos";"Activo";"Alta";"";"";"";"";"";""
"528";"Prospecto no útil";"Meta Ads Formulario";"09/03/2026 10:38:52";"Apreto por error";"Casa de Repuestos de Motos";"Activo";"Baja";"";"";"";"";"";""
"524";"Prospecto inactivo";"Meta Ads Formulario";"09/03/2026 10:38:52";"";"Casa de Repuestos de Motos";"Inactivo";"Baja";"";"";"";"";"";""
"526";"Prospecto inactivo";"Meta Ads Formulario";"09/03/2026 10:38:52";"";"Casa de Repuestos de Motos";"Inactivo";"Baja";"";"";"";"";"";""
"532";"Prospecto inactivo";"Meta Ads Formulario";"09/03/2026 10:38:52";"";"Taller mecánico";"Inactivo";"Baja";"";"";"";"";"";""
"534";"Prospecto inactivo";"Meta Ads Formulario";"09/03/2026 10:38:52";"No interesado por ahora";"Combinación con Casa de Repuestos";"Inactivo";"Baja";"";"";"";"";"";""
"536";"Prospecto inactivo";"Meta Ads Formulario";"09/03/2026 10:38:52";"";"Lubricentro";"Inactivo";"Baja";"";"";"";"";"";""
"540";"Prospecto inactivo";"Meta Ads Formulario";"09/03/2026 10:38:52";"";"Taller mecánico";"Inactivo";"Baja";"";"";"";"";"";""
"530";"Convertido";"Meta Ads Formulario";"09/03/2026 10:38:52";"";"Casa de Repuestos de Motos";"Inactivo";"Baja";"";"";"";"";"";""
"538";"Convertido";"Meta Ads Formulario";"09/03/2026 10:38:52";"";"Combinación sin Casa de Repuestos";"Activo";"Media";"";"";"";"";"";""
"560";"Convertido";"Meta Ads Formulario";"09/03/2026 13:17:28";"";"Baterias";"Activo";"Alta";"";"";"";"";"";""
"562";"Convertido";"Meta Ads Formulario";"09/03/2026 13:29:42";"";"Casa de Repuestos de Autos";"Activo";"Alta";"";"";"";"";"";""
"564";"Convertido";"Meta Ads Formulario";"09/03/2026 14:30:00";"";"Casa de Repuestos de Autos";"Activo";"Media";"";"";"";"";"";""
"574";"Prospecto no útil";"Meta Ads Formulario";"09/03/2026 14:30:01";"Buscaba compras productos";"Casa de Repuestos de Autos";"Activo";"Baja";"";"";"";"";"";""
"566";"Prospecto inactivo";"Meta Ads Formulario";"09/03/2026 14:30:01";"";"Lubricentro";"Inactivo";"Baja";"";"";"";"";"";""
"568";"Prospecto inactivo";"Meta Ads Formulario";"09/03/2026 14:30:01";"";"Casa de Repuestos de Motos";"Inactivo";"Baja";"";"";"";"";"";""
"570";"Prospecto inactivo";"Meta Ads Formulario";"09/03/2026 14:30:01";"";"Lubricentro";"Inactivo";"Baja";"";"";"";"";"";""
"572";"Prospecto inactivo";"Meta Ads Formulario";"09/03/2026 14:30:01";"";"Combinación con Casa de Repuestos";"Inactivo";"Baja";"";"";"";"";"";""
"576";"Prospecto inactivo";"Meta Ads Formulario";"09/03/2026 14:30:01";"";"Lubricentro";"Inactivo";"Baja";"";"";"";"";"";""
"580";"Prospecto inactivo";"Meta Ads Formulario";"09/03/2026 14:30:01";"";"Lubricentro";"Inactivo";"Baja";"";"";"";"";"";""
"582";"Prospecto inactivo";"Meta Ads Formulario";"09/03/2026 14:30:02";"";"Casa de Repuestos de Autos";"Inactivo";"Baja";"";"";"";"";"";""
"584";"Prospecto inactivo";"Meta Ads Formulario";"09/03/2026 14:30:02";"";"Taller mecánico";"Inactivo";"Baja";"";"";"";"";"";""
"588";"Prospecto inactivo";"Meta Ads Formulario";"09/03/2026 14:30:02";"";"A definir";"Inactivo";"Baja";"";"";"";"";"";""
"590";"Prospecto inactivo";"Meta Ads Formulario";"09/03/2026 14:30:02";"";"Lubricentro";"Inactivo";"Baja";"";"";"";"";"";""
"586";"Convertido";"Meta Ads Formulario";"09/03/2026 14:30:02";"";"Lubricentro";"Activo";"Baja";"";"";"";"";"";""
"596";"Prospecto no útil";"Meta Ads Formulario";"09/03/2026 14:30:03";"No tiene negocio, negocio de otro rubro";"A definir";"Activo";"Baja";"";"";"";"";"";""
"598";"Prospecto no útil";"Meta Ads Formulario";"09/03/2026 14:30:03";"Ya contrato otro sistema";"Casa de Repuestos de Autos";"Inactivo";"Baja";"";"";"";"";"";""
"600";"Prospecto inactivo";"Meta Ads Formulario";"09/03/2026 14:30:03";"";"A definir";"Inactivo";"Baja";"";"";"";"";"";""
"592";"Convertido";"Meta Ads Formulario";"09/03/2026 14:30:03";"";"Combinación con Casa de Repuestos";"Activo";"Alta";"";"";"";"";"";""
"630";"Prospecto no útil";"Meta Ads Formulario";"10/03/2026 08:53:37";"Buscaba compras productos";"Casa de Repuestos de Autos";"Inactivo";"Baja";"";"";"";"";"";""
"624";"Prospecto inactivo";"Meta Ads Formulario";"10/03/2026 08:53:37";"";"Taller mecánico";"Inactivo";"Baja";"";"";"";"";"";""
"634";"Prospecto inactivo";"Meta Ads Formulario";"10/03/2026 08:53:37";"";"Casa de Repuestos de Motos";"Inactivo";"Baja";"";"";"";"";"";""
"628";"Convertido";"Meta Ads Formulario";"10/03/2026 08:53:37";"";"Casa de Repuestos de Motos";"Activo";"Alta";"";"";"";"";"";""
"632";"Convertido";"Meta Ads Formulario";"10/03/2026 08:53:37";"";"Combinación con Casa de Repuestos";"Activo";"Alta";"";"";"";"";"";""
"636";"Convertido";"Meta Ads Formulario";"10/03/2026 12:47:49";"";"Casa de Repuestos de Autos";"Activo";"Alta";"";"";"";"";"";""
"638";"Prospecto inactivo";"Meta Ads Formulario";"10/03/2026 12:47:50";"No interesado por ahora";"Casa de Repuestos de Autos";"Inactivo";"Baja";"";"";"";"";"";""
"640";"Prospecto inactivo";"Meta Ads Formulario";"10/03/2026 12:47:50";"";"Lubricentro";"Inactivo";"Baja";"";"";"";"";"";""
"642";"Prospecto inactivo";"Meta Ads Formulario";"10/03/2026 12:47:50";"";"Lubricentro";"Inactivo";"Baja";"";"";"";"";"";""
"644";"Prospecto inactivo";"Meta Ads Formulario";"10/03/2026 12:47:50";"";"A definir";"Inactivo";"Baja";"";"";"";"";"";""
"646";"Prospecto inactivo";"Meta Ads";"10/03/2026 12:57:58";"";"";"Inactivo";"";"";"";"";"";"";""
"648";"Convertido";"Web Boxer";"10/03/2026 15:11:23";"";"Casa de Repuestos de Autos";"Activo";"Alta";"";"";"";"";"";""
"652";"Convertido";"Redes";"10/03/2026 16:43:41";"";"Casa de Repuestos de Autos";"Activo";"Alta";"";"";"";"";"";""
"656";"Prospecto inactivo";"Meta Ads Formulario";"10/03/2026 17:59:00";"No responde mensajes ni llamada";"";"Inactivo";"Baja";"";"";"";"";"";""
"664";"Prospecto inactivo";"Meta Ads Formulario";"11/03/2026 08:54:33";"";"";"Inactivo";"Baja";"";"";"";"";"";""
"666";"Prospecto inactivo";"Meta Ads Formulario";"11/03/2026 08:54:33";"";"Casa de Repuestos de Motos";"Inactivo";"Baja";"";"";"";"";"";""
"668";"Prospecto inactivo";"Meta Ads Formulario";"11/03/2026 08:54:33";"";"Lubricentro";"Inactivo";"Baja";"";"";"";"";"";""
"670";"Prospecto inactivo";"Redes";"11/03/2026 09:43:01";"No responde mensajes ni llamada";"Casa de Repuestos de Autos";"Inactivo";"Media";"";"";"";"";"";""
"672";"Prospecto inactivo";"Redes";"11/03/2026 09:44:15";"No responde mensajes ni llamada";"Casa de Repuestos de Autos";"Inactivo";"Alta";"";"";"";"";"";""
"674";"Prospecto inactivo";"Meta Ads";"11/03/2026 09:50:44";"";"";"Inactivo";"Baja";"";"";"";"";"";""
"676";"Prospecto inactivo";"Meta Ads";"11/03/2026 09:52:14";"";"";"Inactivo";"";"";"";"";"";"";""
"678";"Prospecto inactivo";"Meta Ads";"11/03/2026 09:56:16";"";"";"Inactivo";"";"";"";"";"";"";""
"680";"Prospecto inactivo";"Meta Ads";"11/03/2026 10:01:41";"";"";"Inactivo";"";"";"";"";"";"";""
"682";"Prospecto inactivo";"Meta Ads";"11/03/2026 10:02:17";"";"";"Inactivo";"";"";"";"";"";"";""
"686";"Prospecto inactivo";"Meta Ads";"11/03/2026 12:13:55";"";"Lubricentro";"Inactivo";"";"";"";"";"";"";""
"688";"Prospecto inactivo";"Meta Ads";"11/03/2026 12:14:50";"";"A definir";"Inactivo";"";"";"";"";"";"";""
"692";"Prospecto inactivo";"Meta Ads";"11/03/2026 12:18:39";"No interesado por ahora";"Casa de Repuestos de Autos";"Inactivo";"";"";"";"";"";"";""
"696";"Prospecto inactivo";"Meta Ads Formulario";"11/03/2026 12:26:18";"No responde mensajes ni llamada";"Casa de Repuestos de Autos";"Inactivo";"Baja";"";"";"";"";"";""
"700";"Prospecto inactivo";"Meta Ads Formulario";"11/03/2026 12:26:18";"Prefieren retomar el contacto en otro momento";"Distribuidora";"Activo";"Baja";"";"";"";"";"";""
"702";"Prospecto inactivo";"Meta Ads Formulario";"11/03/2026 12:26:18";"";"Casa de Repuestos de Autos";"Activo";"Baja";"";"";"";"";"";""
"698";"Convertido";"Meta Ads Formulario";"11/03/2026 12:26:18";"";"Casa de Repuestos de Autos";"Activo";"Alta";"";"";"";"";"";""
"718";"Prospecto no útil";"Meta Ads";"11/03/2026 12:26:19";"Ya contrato otro sistema";"Distribuidora";"Activo";"Baja";"";"";"";"";"";""
"706";"Prospecto inactivo";"Form tienda nube";"11/03/2026 12:26:19";"No responde mensajes ni llamada";"Casa de Repuestos de Agrícolas";"Inactivo";"Baja";"";"";"";"";"";""
"708";"Prospecto inactivo";"Form tienda nube";"11/03/2026 12:26:19";"No responde mensajes ni llamada";"Casa de Repuestos de Autos";"Inactivo";"Baja";"";"";"";"";"";""
"710";"Prospecto inactivo";"Meta Ads Formulario";"11/03/2026 12:26:19";"No responde mensajes ni llamada";"Casa de Repuestos de Autos";"Inactivo";"Media";"";"";"";"";"";""
"716";"Prospecto inactivo";"Meta Ads Formulario";"11/03/2026 12:26:19";"No responde mensajes ni llamada";"Casa de Repuestos de Autos";"Inactivo";"Baja";"";"";"";"";"";""
"712";"Convertido";"Meta Ads Formulario";"11/03/2026 12:26:19";"";"Combinación con Casa de Repuestos";"Activo";"Alta";"";"";"";"";"";""
"714";"Convertido";"Meta Ads Formulario";"11/03/2026 12:26:19";"";"Casa de Repuestos de Motos";"Activo";"Alta";"";"";"";"";"";""
"724";"Prospecto no útil";"Meta Ads";"11/03/2026 14:51:56";"Ya contrato otro sistema";"A definir";"Inactivo";"Baja";"";"";"";"";"";""
"728";"Prospecto inactivo";"Meta Ads";"11/03/2026 15:02:49";"";"Taller mecánico";"Inactivo";"Baja";"";"";"";"";"";""
"730";"Prospecto inactivo";"Meta Ads";"11/03/2026 15:07:22";"No responde mensajes ni llamada";"Combinación sin Casa de Repuestos";"Inactivo";"Baja";"";"";"";"";"";""
"732";"Prospecto inactivo";"Meta Ads";"11/03/2026 15:10:14";"No responde mensajes ni llamada";"Combinación sin Casa de Repuestos";"Inactivo";"Baja";"";"";"";"";"";""
"734";"Prospecto inactivo";"Meta Ads";"11/03/2026 15:13:20";"Le parece caro";"Combinación con Casa de Repuestos";"Inactivo";"Media";"";"";"";"";"";""
"736";"Convertido";"Redes";"11/03/2026 15:13:23";"";"Casa de Repuestos de Autos";"Activo";"Alta";"";"";"";"";"";""
"738";"Prospecto inactivo";"Meta Ads";"11/03/2026 15:18:04";"";"Lubricentro";"Inactivo";"Baja";"";"";"";"";"";""
"740";"Prospecto inactivo";"Meta Ads";"11/03/2026 15:31:37";"";"Combinación sin Casa de Repuestos";"Inactivo";"Baja";"";"";"";"";"";""
"742";"Prospecto no útil";"Meta Ads";"11/03/2026 15:35:30";"Ya contrato otro sistema";"Combinación con Casa de Repuestos";"Inactivo";"";"";"";"";"";"";""
"744";"Prospecto inactivo";"Meta Ads Formulario";"11/03/2026 15:43:43";"";"Taller mecánico";"Inactivo";"Baja";"";"";"";"";"";""
"752";"Prospecto inactivo";"Meta Ads Formulario";"11/03/2026 16:53:12";"Le parece caro";"A definir";"Inactivo";"Media";"";"";"";"";"";""
"754";"Prospecto inactivo";"Meta Ads Formulario";"11/03/2026 17:38:30";"";"";"Inactivo";"Baja";"";"";"";"";"";""
"756";"Prospecto inactivo";"Meta Ads Formulario";"11/03/2026 17:38:30";"";"";"Inactivo";"Baja";"";"";"";"";"";""
"758";"Prospecto inactivo";"Meta Ads Formulario";"11/03/2026 17:38:30";"";"Lubricentro";"Inactivo";"Baja";"";"";"";"";"";""
"760";"Prospecto inactivo";"Meta Ads Formulario";"11/03/2026 17:38:30";"";"";"Inactivo";"Baja";"";"";"";"";"";""
"764";"Prospecto inactivo";"Meta Ads Formulario";"11/03/2026 17:38:30";"";"";"Inactivo";"Baja";"";"";"";"";"";""
"766";"Prospecto inactivo";"Meta Ads Formulario";"11/03/2026 19:58:40";"";"Casa de Repuestos de Motos";"Inactivo";"Media";"";"";"";"";"";""
"768";"Prospecto no útil";"Meta Ads Formulario";"11/03/2026 22:15:01";"Le parece caro";"Casa de Repuestos de Motos";"Inactivo";"Media";"";"";"";"";"";""
"770";"Prospecto inactivo";"Meta Ads Formulario";"12/03/2026 00:51:29";"";"Casa de Repuestos de Motos";"Inactivo";"Media";"";"";"";"";"";""
"772";"Convertido";"Redes";"12/03/2026 08:05:57";"";"Casa de Repuestos de Autos";"Activo";"Alta";"";"";"";"";"";""
"774";"Prospecto no útil";"Meta Ads";"12/03/2026 08:17:39";"Apreto por error";"";"Inactivo";"";"";"";"";"";"";""
"776";"Prospecto inactivo";"Meta Ads";"12/03/2026 08:18:03";"";"";"Inactivo";"";"";"";"";"";"";""
"778";"Convertido";"Meta Ads";"12/03/2026 09:04:22";"";"Casa de Repuestos de Autos";"Activo";"Media";"";"";"";"";"";""
"780";"Convertido";"Redes";"12/03/2026 11:46:10";"";"Casa de Repuestos de Motos";"Activo";"Alta";"";"";"";"";"";""
"782";"Convertido";"Meta Ads Formulario";"12/03/2026 12:32:41";"";"Combinación con Casa de Repuestos";"Inactivo";"Media";"";"";"";"";"";""
"788";"Prospecto inactivo";"Meta Ads Formulario";"12/03/2026 15:06:27";"";"Casa de Repuestos de Motos";"Inactivo";"Baja";"";"";"";"";"";""
"792";"Prospecto inactivo";"Meta Ads Formulario";"12/03/2026 15:28:36";"";"Casa de Repuestos de Motos";"Inactivo";"Media";"";"";"";"";"";""
"794";"Prospecto no útil";"Meta Ads";"12/03/2026 15:33:32";"Frenado el negocio por ventas";"Casa de Repuestos de Autos";"Activo";"Baja";"";"";"";"";"";""
"800";"Prospecto no útil";"Meta Ads Formulario";"12/03/2026 16:02:17";"No tiene negocio, negocio de otro rubro";"A definir";"Inactivo";"Media";"";"";"";"";"";""
"802";"Convertido";"Redes";"12/03/2026 17:11:31";"";"Casa de Repuestos de Autos";"Activo";"Alta";"";"";"";"";"";""
"804";"Convertido";"Meta Ads Formulario";"12/03/2026 18:44:14";"";"Autopartes";"Activo";"Baja";"";"";"";"";"";""
"808";"Prospecto inactivo";"Meta Ads Formulario";"13/03/2026 04:21:46";"";"A definir";"Inactivo";"Media";"";"";"";"";"";""
"848";"Prospecto inactivo";"Meta Ads Formulario";"13/03/2026 13:55:17";"";"Casa de Repuestos de Motos";"Inactivo";"Media";"";"";"";"";"";""
"850";"Convertido";"Meta Ads Formulario";"13/03/2026 14:26:27";"";"Casa de Repuestos de Autos";"Inactivo";"Media";"Efectivo";"";"";"";"";""
"852";"Prospecto inactivo";"Meta Ads";"13/03/2026 14:47:35";"";"Lubricentro";"Inactivo";"Baja";"";"";"";"";"";""
"854";"Prospecto inactivo";"Meta Ads";"13/03/2026 14:55:17";"Frenado el negocio por ventas";"Combinación con Casa de Repuestos";"Inactivo";"";"";"";"";"";"";""
"856";"Prospecto no útil";"Meta Ads";"13/03/2026 14:58:51";"Frenado el negocio por ventas";"Casa de Repuestos de Autos";"Activo";"Baja";"";"";"";"";"";""
"858";"Prospecto inactivo";"Meta Ads";"13/03/2026 15:01:54";"";"Casa de Repuestos de Motos";"Inactivo";"Baja";"";"";"";"";"";""
"860";"Prospecto no útil";"Meta Ads";"13/03/2026 15:06:33";"No tiene negocio, negocio de otro rubro";"";"Inactivo";"Baja";"";"";"";"";"";""
"862";"Prospecto inactivo";"Meta Ads";"13/03/2026 15:08:06";"No interesado por ahora";"Combinación sin Casa de Repuestos";"Activo";"Baja";"";"";"";"";"";""
"864";"Convertido";"Meta Ads";"13/03/2026 15:25:14";"";"Casa de Repuestos de Motos";"Activo";"Baja";"";"";"";"";"";""
"866";"Convertido";"Meta Ads Formulario";"13/03/2026 15:29:44";"";"A definir";"Activo";"Media";"";"";"";"";"";""
"868";"Prospecto inactivo";"Meta Ads Formulario";"13/03/2026 16:25:01";"";"Taller mecánico";"Inactivo";"Baja";"";"";"";"";"";""
"870";"Prospecto inactivo";"Meta Ads Formulario";"13/03/2026 16:29:33";"";"Taller mecánico";"Inactivo";"Baja";"";"";"";"";"";""
"874";"Prospecto inactivo";"Redes";"13/03/2026 19:35:01";"";"A definir";"Inactivo";"Alta";"";"";"";"";"";""
"876";"Prospecto inactivo";"Redes";"13/03/2026 21:36:31";"";"Lubricentro";"Inactivo";"Alta";"";"";"";"";"";""
"878";"Prospecto inactivo";"Meta Ads Formulario";"14/03/2026 11:22:35";"";"Taller mecánico";"Inactivo";"Media";"";"";"";"";"";""
"880";"Prospecto inactivo";"Meta Ads Formulario";"14/03/2026 12:07:06";"No responde mensajes ni llamada";"Casa de Repuestos de Autos";"Inactivo";"Media";"";"";"";"";"";""
"884";"Prospecto inactivo";"Meta Ads Formulario";"14/03/2026 14:15:13";"";"A definir";"Inactivo";"Media";"";"";"";"";"";""
"886";"Prospecto no útil";"Meta Ads Formulario";"14/03/2026 19:11:27";"Le parece caro";"Taller mecánico";"Inactivo";"Media";"";"";"";"";"";""
"892";"Prospecto no útil";"Meta Ads Formulario";"14/03/2026 23:53:45";"No tiene negocio, negocio de otro rubro";"A definir";"Inactivo";"Media";"";"";"";"";"";""
"894";"Prospecto no útil";"Meta Ads Formulario";"15/03/2026 03:12:04";"Apreto por error";"Taller mecánico";"Activo";"Media";"";"";"";"";"";""
"895";"Convertido";"Meta Ads Formulario";"15/03/2026 09:47:09";"";"Casa de Repuestos de Autos";"Activo";"Media";"";"";"";"";"";""
"898";"Prospecto inactivo";"Meta Ads Formulario";"15/03/2026 11:39:44";"";"A definir";"Inactivo";"Media";"";"";"";"";"";""
"906";"Prospecto inactivo";"Meta Ads";"16/03/2026 08:35:39";"Le parece caro";"Casa de Repuestos de Motos";"Activo";"Baja";"";"";"";"";"";""
"908";"Convertido";"Meta Ads";"16/03/2026 10:32:42";"";"Combinación con Casa de Repuestos de motos";"Activo";"Alta";"";"";"";"";"";""
"920";"Convertido";"Meta Ads Formulario";"16/03/2026 13:26:20";"";"Casa de Repuestos de Autos";"Activo";"Media";"Efectivo";"";"";"";"";""
"934";"Convertido";"Meta Ads Formulario";"16/03/2026 20:13:16";"";"Casa de Repuestos de Autos";"Activo";"Media";"";"";"";"";"";""
"936";"Convertido";"Redes";"16/03/2026 22:38:31";"";"Distribuidora";"Activo";"Alta";"";"";"";"";"";""
"938";"Convertido";"Meta Ads Formulario";"16/03/2026 23:11:48";"";"Casa de Repuestos de Autos";"Activo";"Media";"";"";"";"";"";""
"940";"Prospecto inactivo";"Meta Ads Formulario";"16/03/2026 23:57:53";"";"Casa de Repuestos de Motos";"Inactivo";"Media";"";"";"";"";"";""
"942";"Prospecto no útil";"Meta Ads Formulario";"17/03/2026 02:32:58";"atiende y corta";"Casa de Repuestos de Autos";"Inactivo";"Media";"";"";"";"";"";""
"946";"Convertido";"Meta Ads Formulario";"17/03/2026 07:41:24";"";"Autopartes";"Activo";"Media";"";"";"";"";"";""
"952";"Prospecto inactivo";"Meta Ads Formulario";"17/03/2026 13:57:43";"";"A definir";"Inactivo";"Media";"";"";"";"";"";""
"954";"Prospecto inactivo";"Meta Ads Formulario";"17/03/2026 14:16:57";"";"Casa de Repuestos de Autos";"Activo";"Media";"";"";"";"";"";""
"958";"Convertido";"Redes";"17/03/2026 15:34:06";"";"Casa de Repuestos de Autos";"Activo";"Alta";"";"";"";"";"";""
"960";"Convertido";"Meta Ads Formulario";"17/03/2026 15:50:48";"";"Casa de Repuestos de Motos";"Activo";"Media";"";"";"";"";"";""
"962";"Convertido";"Meta Ads Formulario";"17/03/2026 22:13:57";"";"Combinación con Casa de Repuestos";"Activo";"Alta";"";"";"";"";"";""
"964";"Prospecto inactivo";"Meta Ads Formulario";"17/03/2026 22:32:52";"";"Casa de Repuestos de Autos";"Activo";"Media";"";"";"";"";"";""
"966";"Convertido";"Meta Ads Formulario";"17/03/2026 22:46:05";"";"Casa de Repuestos de Autos";"Activo";"Media";"";"";"";"";"";""
"970";"Prospecto inactivo";"Meta Ads Formulario";"18/03/2026 01:28:13";"";"Lubricentro";"Inactivo";"Media";"";"";"";"";"";""
"972";"Prospecto no útil";"Meta Ads Formulario";"18/03/2026 07:15:45";"Apreto por error";"Taller mecánico";"Activo";"Media";"";"";"";"";"";""
"974";"Convertido";"Meta Ads Formulario";"18/03/2026 09:11:05";"";"Casa de Repuestos de Autos";"Activo";"Media";"";"";"";"";"";""
"976";"Convertido";"Meta Ads";"18/03/2026 10:12:30";"";"Casa de Repuestos de Motos";"Activo";"Media";"";"";"";"";"";""
"978";"Prospecto inactivo";"Redes";"18/03/2026 10:20:01";"";"";"Inactivo";"Alta";"";"";"";"";"";""
"980";"Convertido";"Meta Ads";"18/03/2026 11:17:23";"";"Casa de Repuestos de Autos";"Activo";"Baja";"";"";"";"";"";""
"982";"Convertido";"Meta Ads Formulario";"18/03/2026 11:31:09";"";"Combinación con Casa de Repuestos";"Activo";"Media";"";"";"";"";"";""
"988";"Convertido";"Meta Ads Formulario";"18/03/2026 14:39:29";"";"Combinación con Casa de Repuestos de motos";"Activo";"Baja";"";"";"";"";"";""
"990";"Prospecto no útil";"Meta Ads Formulario";"18/03/2026 15:46:12";"Buscaba compras productos";"A definir";"Activo";"Media";"";"";"";"";"";""
"992";"Prospecto inactivo";"Meta Ads Formulario";"18/03/2026 18:03:03";"";"Lubricentro";"Inactivo";"Media";"";"";"";"";"";""
"996";"Convertido";"Meta Ads Formulario";"18/03/2026 21:59:37";"";"Combinación con Casa de Repuestos";"Activo";"Baja";"";"";"";"";"";""
"998";"Prospecto inactivo";"Meta Ads Formulario";"18/03/2026 23:05:31";"Prefieren retomar el contacto en otro momento";"Casa de Repuestos de Autos";"Activo";"Media";"";"";"";"";"";""
"1004";"Prospecto inactivo";"Meta Ads Formulario";"19/03/2026 01:26:46";"";"Lubricentro";"Inactivo";"Media";"";"";"";"";"";""
"1006";"Convertido";"Meta Ads Formulario";"19/03/2026 04:16:18";"";"Casa de Repuestos de Autos";"Activo";"Media";"";"";"";"";"";""
"1008";"Prospecto inactivo";"Meta Ads Formulario";"19/03/2026 06:28:48";"";"Casa de Repuestos de Motos";"Inactivo";"Media";"";"";"";"";"";""
"1010";"Prospecto inactivo";"Meta Ads Formulario";"19/03/2026 06:34:10";"";"Casa de Repuestos de Autos";"Inactivo";"Media";"";"";"";"";"";""
"1012";"Prospecto inactivo";"Meta Ads Formulario";"19/03/2026 08:09:45";"";"Casa de Repuestos de Motos";"Inactivo";"Media";"";"";"";"";"";""
"1022";"Convertido";"Meta Ads Formulario";"19/03/2026 09:24:55";"";"Casa de Repuestos de Autos";"Activo";"Media";"";"";"";"";"";""
"1026";"Prospecto inactivo";"Meta Ads Formulario";"19/03/2026 11:48:13";"";"Taller mecánico";"Inactivo";"Media";"";"";"";"";"";""
"1042";"Convertido";"Meta Ads Formulario";"19/03/2026 19:09:39";"";"A definir";"Inactivo";"Media";"";"";"";"";"";""
"1058";"Prospecto inactivo";"Meta Ads Formulario";"20/03/2026 11:50:39";"";"Casa de Repuestos de Motos";"Inactivo";"Media";"";"";"";"";"";""
"1062";"Convertido";"Meta Ads Formulario";"20/03/2026 12:19:26";"";"A definir";"Inactivo";"Media";"";"";"";"";"";""
"1064";"Convertido";"Meta Ads Formulario";"20/03/2026 12:49:45";"";"Casa de Repuestos de Autos";"Activo";"Media";"";"";"";"";"";""
"1068";"Convertido";"Redes";"20/03/2026 13:25:14";"";"Casa de Repuestos de Autos";"Activo";"Alta";"";"";"";"";"";""
"1086";"Convertido";"Meta Ads Formulario";"20/03/2026 16:51:08";"";"Casa de Repuestos de Motos";"Inactivo";"Media";"";"";"";"";"";""
"1088";"Prospecto inactivo";"Meta Ads Formulario";"20/03/2026 22:02:44";"";"Taller mecánico";"Inactivo";"Media";"";"";"";"";"";""
"1090";"Prospecto inactivo";"Meta Ads Formulario";"21/03/2026 00:47:53";"atiende y corta";"Casa de Repuestos de Autos";"Inactivo";"Media";"";"";"";"";"";""
"1092";"Prospecto inactivo";"Meta Ads Formulario";"21/03/2026 08:17:04";"";"Casa de Repuestos de Motos";"Inactivo";"Media";"";"";"";"";"";""
"1094";"Convertido";"Redes";"21/03/2026 08:26:51";"";"Casa de Repuestos de Pesados";"Activo";"Alta";"";"";"";"";"";""
"1096";"Prospecto no útil";"Meta Ads Formulario";"21/03/2026 11:15:51";"Buscaba compras productos";"Casa de Repuestos de Autos";"Inactivo";"Media";"";"";"";"";"";""
"1100";"Convertido";"Meta Ads Formulario";"21/03/2026 15:10:57";"";"Combinación con Casa de Repuestos";"Activo";"Media";"";"";"";"";"";""
"1102";"Convertido";"Meta Ads Formulario";"21/03/2026 17:45:11";"";"Combinación con Casa de Repuestos";"Activo";"Media";"";"";"";"";"";""
"1104";"Prospecto inactivo";"Redes";"21/03/2026 19:06:36";"";"Lubricentro";"Inactivo";"Alta";"";"";"";"";"";""
"1106";"Prospecto inactivo";"Meta Ads Formulario";"21/03/2026 23:24:31";"";"A definir";"Inactivo";"Media";"";"";"";"";"";""
"1108";"Prospecto no útil";"Meta Ads Formulario";"21/03/2026 23:56:47";"No tiene negocio, negocio de otro rubro";"A definir";"Inactivo";"Media";"";"";"";"";"";""
"1112";"Prospecto inactivo";"Meta Ads Formulario";"22/03/2026 06:59:34";"";"Taller mecánico";"Inactivo";"Media";"";"";"";"";"";""
"1114";"Convertido";"Meta Ads Formulario";"22/03/2026 12:40:10";"";"Combinación con Casa de Repuestos";"Activo";"Media";"";"";"";"";"";""
"1116";"Convertido";"Meta Ads Formulario";"22/03/2026 14:42:18";"";"Casa de Repuestos de Autos";"Activo";"Media";"";"";"";"";"";""
"1118";"Prospecto inactivo";"Meta Ads Formulario";"22/03/2026 14:57:46";"";"Taller mecánico";"Inactivo";"Media";"";"";"";"";"";""
"1124";"Convertido";"Meta Ads Formulario";"23/03/2026 07:14:07";"";"Casa de Repuestos de Autos";"Activo";"Media";"";"";"";"";"";""
"1126";"Convertido";"Meta Ads Formulario";"23/03/2026 07:58:32";"";"Casa de Repuestos de Autos";"Activo";"Alta";"";"";"";"";"";""
"1128";"Prospecto inactivo";"Meta Ads Formulario";"23/03/2026 09:07:48";"";"Combinación con Casa de Repuestos";"Activo";"Media";"";"";"";"";"";""
"1130";"Convertido";"Meta Ads Formulario";"23/03/2026 10:54:24";"";"Casa de Repuestos de Autos";"Activo";"Alta";"";"";"";"";"";""
"1136";"Convertido";"Meta Ads Formulario";"23/03/2026 14:22:02";"";"Combinación con Casa de Repuestos";"Activo";"Media";"";"";"";"";"";""
"1140";"Prospecto no útil";"Meta Ads Formulario";"23/03/2026 16:33:00";"No tiene negocio, negocio de otro rubro";"Taller mecánico";"Inactivo";"Media";"";"";"";"";"";""
"1144";"Convertido";"Meta Ads Formulario";"23/03/2026 19:12:08";"";"Combinación con Casa de Repuestos";"Activo";"Alta";"";"";"";"";"";""
"1148";"Convertido";"Meta Ads Formulario";"23/03/2026 22:16:29";"";"Casa de Repuestos de Autos";"Activo";"Media";"";"";"";"";"";""
"1150";"Prospecto inactivo";"Meta Ads Formulario";"23/03/2026 23:11:26";"";"Taller mecánico";"Inactivo";"Media";"";"";"";"";"";""
"1152";"Convertido";"Meta Ads Formulario";"24/03/2026 00:28:57";"";"Autopartes";"Activo";"Media";"";"";"";"";"";""
"1154";"Prospecto inactivo";"Meta Ads Formulario";"24/03/2026 02:32:28";"";"Lubricentro";"Inactivo";"Media";"";"";"";"";"";""
"1156";"Prospecto inactivo";"Meta Ads Formulario";"24/03/2026 09:33:33";"";"Casa de Repuestos de Autos";"Activo";"Media";"";"";"";"";"";""
"1158";"Prospecto no útil";"Meta Ads Formulario";"24/03/2026 11:15:28";"Ya contrato otro sistema";"Casa de Repuestos de Autos";"Activo";"Media";"";"";"";"";"";""
"1166";"Prospecto no útil";"Meta Ads Formulario";"24/03/2026 16:31:01";"No tiene negocio, negocio de otro rubro";"A definir";"Inactivo";"Media";"";"";"";"";"";""
"1170";"Prospecto inactivo";"Meta Ads Formulario";"24/03/2026 21:31:30";"";"Casa de Repuestos de Autos";"Inactivo";"Media";"";"";"";"";"";""
"1176";"Convertido";"Redes";"25/03/2026 12:07:01";"";"Casa de Repuestos de Motos";"Activo";"Media";"";"";"";"";"";""
"1182";"Prospecto no útil";"Redes";"25/03/2026 14:05:03";"Ya contrato otro sistema";"Lubricentro";"Activo";"Alta";"";"";"";"";"";""
"1184";"Prospecto inactivo";"Meta Ads Formulario";"25/03/2026 14:31:32";"No responde mensajes ni llamada";"Casa de Repuestos de Autos";"Inactivo";"Media";"";"";"";"";"";""
"1192";"Prospecto inactivo";"Meta Ads Formulario";"25/03/2026 20:12:54";"No responde mensajes ni llamada";"Casa de Repuestos de Autos";"Inactivo";"Media";"";"";"";"";"";""
"1196";"Prospecto inactivo";"Meta Ads Formulario";"25/03/2026 22:05:56";"";"Casa de Repuestos de Motos";"Inactivo";"Media";"";"";"";"";"";""
"1198";"Prospecto inactivo";"Meta Ads Formulario";"25/03/2026 22:37:28";"";"Lubricentro";"Inactivo";"Media";"";"";"";"";"";""
"1200";"Prospecto no útil";"Meta Ads Formulario";"25/03/2026 23:04:20";"No tiene negocio, negocio de otro rubro";"A definir";"Inactivo";"Media";"";"";"";"";"";""
"1202";"Prospecto inactivo";"Meta Ads Formulario";"25/03/2026 23:21:05";"";"Lubricentro";"Inactivo";"Media";"";"";"";"";"";""
"1204";"Prospecto no útil";"Meta Ads Formulario";"25/03/2026 23:35:28";"Le parece caro";"Casa de Repuestos de Autos";"Inactivo";"Media";"";"";"";"";"";""
"1206";"Prospecto inactivo";"Meta Ads Formulario";"26/03/2026 02:15:40";"";"Lubricentro";"Inactivo";"Media";"";"";"";"";"";""
"1210";"Prospecto no útil";"Meta Ads Formulario";"26/03/2026 07:51:04";"Le parece caro";"Casa de Repuestos de Autos";"Inactivo";"Media";"";"";"";"";"";""
"1214";"Convertido";"Meta Ads";"26/03/2026 09:04:47";"";"Casa de Repuestos de Autos";"Activo";"Media";"";"";"";"";"";""
"1220";"Prospecto inactivo";"Redes";"26/03/2026 12:08:01";"";"A definir";"Inactivo";"Alta";"";"";"";"";"";""
"1222";"Prospecto no útil";"Meta Ads Formulario";"26/03/2026 12:38:32";"Buscaba compras productos";"Lubricentro";"Activo";"Media";"";"";"";"";"";""
"1224";"Prospecto inactivo";"Meta Ads Formulario";"26/03/2026 13:21:48";"";"Lubricentro";"Inactivo";"Media";"";"";"";"";"";""
"1226";"Prospecto inactivo";"Meta Ads Formulario";"26/03/2026 13:24:23";"";"Casa de Repuestos de Autos";"Inactivo";"Media";"";"";"";"";"";""
"1228";"Prospecto inactivo";"Meta Ads Formulario";"26/03/2026 13:59:52";"No responde mensajes ni llamada";"Casa de Repuestos de Autos";"Inactivo";"Media";"";"";"";"";"";""
"1232";"Prospecto inactivo";"Meta Ads Formulario";"26/03/2026 15:09:53";"Indican que lo evaluarán más adelante";"Casa de Repuestos de Motos";"Inactivo";"Media";"";"";"";"";"";""
"1236";"Prospecto inactivo";"Meta Ads Formulario";"26/03/2026 20:54:32";"";"Casa de Repuestos de Motos";"Inactivo";"Media";"";"";"";"";"";""
"1238";"Prospecto inactivo";"Redes";"26/03/2026 23:48:57";"";"A definir";"Inactivo";"Alta";"";"";"";"";"";""
"1240";"Convertido";"Meta Ads Formulario";"27/03/2026 00:00:53";"";"Casa de Repuestos de Motos";"Activo";"Media";"";"";"";"";"";""
"1242";"Prospecto inactivo";"Meta Ads Formulario";"27/03/2026 07:39:53";"";"Casa de Repuestos de Autos";"Inactivo";"Media";"";"";"";"";"";""
"1244";"Convertido";"Meta Ads Formulario";"27/03/2026 08:09:04";"";"Casa de Repuestos de Autos";"Activo";"Media";"";"";"";"";"";""
"1246";"Prospecto inactivo";"Meta Ads Formulario";"27/03/2026 13:43:22";"No responde mensajes ni llamada";"Casa de Repuestos de Autos";"Inactivo";"Media";"";"";"";"";"";""
"1248";"Prospecto inactivo";"Meta Ads Formulario";"27/03/2026 14:45:33";"No responde mensajes ni llamada";"Casa de Repuestos de Autos";"Inactivo";"Media";"";"";"";"";"";""
"1256";"Convertido";"Meta Ads Formulario";"27/03/2026 21:38:34";"";"Casa de Repuestos de Motos";"Activo";"Media";"";"";"";"";"";""
"1258";"Prospecto inactivo";"Meta Ads Formulario";"27/03/2026 23:23:00";"";"A definir";"Inactivo";"Media";"";"";"";"";"";""
"1260";"Prospecto inactivo";"Meta Ads Formulario";"28/03/2026 07:26:59";"";"Casa de Repuestos de Motos";"Inactivo";"Media";"";"";"";"";"";""
"1264";"Prospecto no útil";"Meta Ads Formulario";"28/03/2026 15:06:55";"No quiere una suscripción mensual";"Casa de Repuestos de Autos";"Activo";"Media";"";"";"";"";"";""
"1266";"Convertido";"Meta Ads Formulario";"28/03/2026 17:01:49";"";"Lubricentro";"Activo";"Alta";"";"";"";"";"";""
"1268";"Prospecto inactivo";"Meta Ads Formulario";"28/03/2026 22:38:33";"";"Casa de Repuestos de Autos";"Activo";"Media";"";"";"";"";"";""
"1270";"Prospecto inactivo";"Meta Ads Formulario";"29/03/2026 10:38:54";"No responde mensajes ni llamada";"Casa de Repuestos de Autos";"Inactivo";"Media";"";"";"";"";"";""
"1274";"Prospecto inactivo";"Meta Ads Formulario";"29/03/2026 11:36:22";"No responde mensajes ni llamada";"Casa de Repuestos de Autos";"Inactivo";"Media";"";"";"";"";"";""
"1278";"Prospecto inactivo";"Meta Ads Formulario";"29/03/2026 11:44:34";"";"Taller mecánico";"Activo";"Media";"";"";"";"";"";""
"1280";"Prospecto inactivo";"Meta Ads Formulario";"29/03/2026 11:52:17";"";"Casa de Repuestos de Autos";"Inactivo";"Media";"";"";"";"";"";""
"1282";"Prospecto inactivo";"Meta Ads Formulario";"29/03/2026 12:05:05";"";"Lubricentro";"Inactivo";"Media";"";"";"";"";"";""
"1284";"Convertido";"Meta Ads Formulario";"29/03/2026 12:10:58";"";"Combinación con Casa de Repuestos";"Activo";"Media";"";"";"";"";"";""
"1290";"Convertido";"Meta Ads Formulario";"29/03/2026 19:56:03";"";"Casa de Repuestos de Autos";"Activo";"Media";"";"";"";"";"";""
"1292";"Prospecto inactivo";"Meta Ads Formulario";"29/03/2026 22:38:24";"";"Casa de Repuestos de Autos";"Inactivo";"Media";"";"";"";"";"";""
"1294";"Prospecto inactivo";"Meta Ads Formulario";"30/03/2026 01:00:33";"";"Taller mecánico";"Inactivo";"Media";"";"";"";"";"";""
"1296";"Prospecto inactivo";"Meta Ads Formulario";"30/03/2026 01:36:40";"";"Lubricentro";"Inactivo";"Media";"";"";"";"";"";""
"1300";"Prospecto no útil";"Meta Ads Formulario";"30/03/2026 08:25:46";"No quiere una suscripción mensual";"Casa de Repuestos de Autos";"Activo";"Media";"";"";"";"";"";""
"1302";"Prospecto inactivo";"Meta Ads Formulario";"30/03/2026 11:44:26";"No responde mensajes ni llamada";"Casa de Repuestos de Autos";"Inactivo";"Media";"";"";"";"";"";""
"1304";"Convertido";"Redes";"30/03/2026 12:26:56";"";"Casa de Repuestos de Autos";"Activo";"Media";"";"";"";"";"";""
"1310";"Convertido";"Meta Ads Formulario";"30/03/2026 13:40:19";"";"Casa de Repuestos de Autos";"Activo";"Media";"";"";"";"";"";""
"1316";"Prospecto inactivo";"Meta Ads Formulario";"31/03/2026 00:48:52";"";"Casa de Repuestos de Motos";"Inactivo";"Media";"";"";"";"";"";""
"1320";"Convertido";"Redes";"31/03/2026 02:46:39";"";"Lubricentro";"Activo";"Media";"";"";"";"";"";""
"1322";"Prospecto inactivo";"Meta Ads Formulario";"31/03/2026 06:29:48";"";"Lubricentro";"Inactivo";"Media";"";"";"";"";"";""
"1324";"Prospecto inactivo";"Meta Ads Formulario";"31/03/2026 08:39:09";"";"Casa de Repuestos de Autos";"Inactivo";"Media";"";"";"";"";"";""
"1326";"Convertido";"Meta Ads Formulario";"31/03/2026 10:03:48";"";"Casa de Repuestos de Autos";"Activo";"Media";"";"";"";"";"";""
"1332";"Convertido";"Meta Ads Formulario";"31/03/2026 14:29:42";"";"Combinación con Casa de Repuestos";"Activo";"Media";"";"";"";"";"";""
"1334";"Convertido";"Meta Ads Formulario";"31/03/2026 16:37:07";"";"Casa de Repuestos de Autos";"Activo";"Media";"";"";"";"";"";""
"1336";"Convertido";"Redes";"31/03/2026 18:19:12";"";"Casa de Repuestos de Motos";"Activo";"Alta";"";"";"";"";"";""
"1338";"Prospecto inactivo";"Meta Ads Formulario";"31/03/2026 20:38:43";"";"Taller mecánico";"Inactivo";"Media";"";"";"";"";"";""
"1342";"Convertido";"Meta Ads Formulario";"31/03/2026 21:15:21";"";"Taller mecánico";"Activo";"Baja";"";"";"";"";"";""
"1344";"Prospecto inactivo";"Meta Ads Formulario";"31/03/2026 21:38:08";"";"Lubricentro";"Inactivo";"Media";"";"";"";"";"";""
"1346";"Prospecto inactivo";"Meta Ads Formulario";"31/03/2026 21:52:58";"Indican que lo evaluarán más adelante";"Casa de Repuestos de Autos";"Activo";"Media";"";"";"";"";"";""
"1348";"Prospecto inactivo";"Redes";"31/03/2026 22:01:03";"";"A definir";"Activo";"Alta";"";"";"";"";"";""
"1350";"Prospecto no útil";"Meta Ads Formulario";"31/03/2026 23:12:08";"Datos incorrectos o contacto inexistente";"Casa de Repuestos de Autos";"Inactivo";"Media";"";"";"";"";"";""
"1352";"Prospecto inactivo";"Redes";"31/03/2026 23:36:57";"";"Taller mecánico";"Inactivo";"Alta";"";"";"";"";"";""
"1354";"Prospecto inactivo";"Meta Ads Formulario";"01/04/2026 06:27:08";"";"Lubricentro";"Inactivo";"Media";"";"";"";"";"";""
"1356";"Convertido";"Meta Ads Formulario";"01/04/2026 12:21:23";"";"Lubricentro";"Inactivo";"Media";"";"";"";"";"";""
"1360";"Prospecto inactivo";"Meta Ads Formulario";"01/04/2026 15:17:10";"";"Taller mecánico";"Inactivo";"Media";"";"";"";"";"";""
"1362";"Prospecto inactivo";"Meta Ads Formulario";"01/04/2026 20:58:23";"";"A definir";"Inactivo";"Media";"";"";"";"";"";""
"1364";"Prospecto inactivo";"Meta Ads Formulario";"02/04/2026 00:41:57";"";"Taller mecánico";"Inactivo";"Media";"";"";"";"";"";""
"1366";"Prospecto inactivo";"Redes";"02/04/2026 10:05:43";"";"Taller mecánico";"Inactivo";"Alta";"";"";"";"";"";""
"1368";"Convertido";"Meta Ads Formulario";"02/04/2026 10:51:22";"";"Casa de Repuestos de Autos";"Activo";"Media";"";"";"";"";"";""
"1370";"Convertido";"Meta Ads Formulario";"02/04/2026 14:29:07";"";"Casa de Repuestos de Autos";"Activo";"Media";"";"";"";"";"";""
"1372";"Prospecto inactivo";"Meta Ads Formulario";"02/04/2026 14:50:18";"No responde mensajes ni llamada";"Casa de Repuestos de Motos";"Inactivo";"Media";"";"";"";"";"";""
"1376";"Prospecto no útil";"Meta Ads Formulario";"02/04/2026 15:34:16";"";"A definir";"Inactivo";"Media";"";"";"";"";"";""
"1382";"Prospecto inactivo";"Meta Ads Formulario";"03/04/2026 00:12:39";"";"A definir";"Inactivo";"Media";"";"";"";"";"";""
"1388";"Prospecto inactivo";"Redes";"03/04/2026 02:43:58";"";"A definir";"Inactivo";"Alta";"";"";"";"";"";""
"1390";"Convertido";"Meta Ads Formulario";"03/04/2026 04:28:12";"";"Casa de Repuestos de Autos";"Activo";"Media";"";"";"";"";"";""
"1392";"Prospecto no útil";"Meta Ads Formulario";"03/04/2026 08:58:12";"Buscaba compras productos";"Casa de Repuestos de Autos";"Activo";"Media";"";"";"";"";"";""
"1396";"Convertido";"Meta Ads Formulario";"03/04/2026 12:56:55";"";"Distribuidora";"Activo";"Baja";"";"";"";"";"";""
"1398";"Prospecto inactivo";"Meta Ads Formulario";"03/04/2026 13:05:06";"No responde mensajes ni llamada";"Casa de Repuestos de Motos";"Inactivo";"Media";"";"";"";"";"";""
"1400";"Prospecto inactivo";"Meta Ads Formulario";"03/04/2026 13:37:32";"";"Lubricentro";"Inactivo";"Media";"";"";"";"";"";""
"1404";"Prospecto inactivo";"Meta Ads Formulario";"03/04/2026 15:41:51";"";"Casa de Repuestos de Autos";"Inactivo";"Media";"";"";"";"";"";""
"1406";"Convertido";"Meta Ads Formulario";"03/04/2026 19:55:01";"";"Casa de Repuestos de Autos";"Activo";"Media";"";"";"";"";"";""
"1416";"Convertido";"Meta Ads Formulario";"04/04/2026 08:06:18";"";"Casa de Repuestos de Autos";"Inactivo";"Media";"";"";"";"";"";""
"1418";"Prospecto inactivo";"Meta Ads Formulario";"04/04/2026 09:38:41";"No interesado por ahora";"Casa de Repuestos de Autos";"Inactivo";"Media";"";"";"";"";"";""
"1420";"Prospecto inactivo";"Meta Ads Formulario";"04/04/2026 10:09:53";"No responde mensajes ni llamada";"Casa de Repuestos de Motos";"Inactivo";"Media";"";"";"";"";"";""
"1422";"Prospecto inactivo";"Meta Ads Formulario";"04/04/2026 10:32:39";"No responde mensajes ni llamada";"Casa de Repuestos de Motos";"Inactivo";"Media";"";"";"";"";"";""
"1424";"Prospecto inactivo";"Meta Ads Formulario";"04/04/2026 13:28:14";"No responde mensajes ni llamada";"Casa de Repuestos de Motos";"Inactivo";"Media";"";"";"";"";"";""
"1432";"Prospecto inactivo";"Meta Ads Formulario";"04/04/2026 21:45:18";"No responde mensajes ni llamada";"Casa de Repuestos de Motos";"Inactivo";"Media";"";"";"";"";"";""
"1434";"Prospecto inactivo";"Meta Ads Formulario";"04/04/2026 23:59:31";"";"Casa de Repuestos de Autos";"Inactivo";"Media";"";"";"";"";"";""
"1450";"Prospecto inactivo";"Meta Ads Formulario";"05/04/2026 16:24:31";"";"Taller mecánico";"Inactivo";"Media";"";"";"";"";"";""
"1452";"Prospecto inactivo";"Meta Ads Formulario";"05/04/2026 22:59:28";"";"Casa de Repuestos de Autos";"Inactivo";"Media";"";"";"";"";"";""
"1454";"Prospecto inactivo";"Meta Ads Formulario";"05/04/2026 23:45:05";"No responde mensajes ni llamada";"Casa de Repuestos de Motos";"Inactivo";"Media";"";"";"";"";"";""
"1460";"Convertido";"Meta Ads Formulario";"06/04/2026 06:06:32";"";"Casa de Repuestos de Motos";"Activo";"Media";"";"";"";"";"";""
"1462";"Convertido";"Meta Ads Formulario";"06/04/2026 07:09:48";"";"Combinación con Casa de Repuestos";"Activo";"Media";"";"";"";"";"";""
"1468";"Convertido";"Meta Ads Formulario";"06/04/2026 12:37:13";"";"Casa de Repuestos de Motos";"Activo";"Media";"";"";"";"";"";""
"1474";"Prospecto inactivo";"Redes";"06/04/2026 17:23:07";"";"Taller mecánico";"Inactivo";"Alta";"";"";"";"";"";""
"1478";"Convertido";"Meta Ads Formulario";"06/04/2026 18:23:36";"";"Casa de Repuestos de Motos";"Activo";"Baja";"";"";"";"";"";""
"1480";"Prospecto inactivo";"Meta Ads Formulario";"06/04/2026 22:52:28";"No responde mensajes ni llamada";"Casa de Repuestos de Autos";"Inactivo";"Media";"";"";"";"";"";""
"1482";"Convertido";"Meta Ads";"07/04/2026 11:27:31";"";"Combinación con Casa de Repuestos";"Activo";"Media";"";"";"";"";"";""
"1486";"Prospecto inactivo";"Meta Ads Formulario";"07/04/2026 12:17:39";"";"Taller mecánico";"Inactivo";"Media";"";"";"";"";"";""
"1494";"Convertido";"Meta Ads Formulario";"07/04/2026 22:35:04";"";"Casa de Repuestos de Autos";"Activo";"Alta";"";"";"";"";"";""
"1496";"Prospecto inactivo";"Meta Ads Formulario";"07/04/2026 22:51:54";"";"Lubricentro";"Inactivo";"Media";"";"";"";"";"";""
"1498";"Prospecto inactivo";"Meta Ads Formulario";"08/04/2026 00:36:21";"";"Taller mecánico";"Inactivo";"Media";"";"";"";"";"";""
"1500";"Prospecto inactivo";"Meta Ads Formulario";"08/04/2026 01:16:01";"";"Casa de Repuestos de Autos";"Inactivo";"Media";"";"";"";"";"";""
"1502";"Prospecto inactivo";"Meta Ads Formulario";"08/04/2026 01:21:11";"";"A definir";"Inactivo";"Media";"";"";"";"";"";""
"1504";"Prospecto inactivo";"Meta Ads Formulario";"08/04/2026 04:36:25";"No responde mensajes ni llamada";"Lubricentro";"Inactivo";"Media";"";"";"";"";"";""
"1508";"Prospecto inactivo";"Meta Ads Formulario";"08/04/2026 06:24:00";"No responde mensajes ni llamada";"Casa de Repuestos de Autos";"Inactivo";"Media";"";"";"";"";"";""
"1510";"Convertido";"Meta Ads Formulario";"08/04/2026 08:09:27";"";"Casa de Repuestos de Autos";"Activo";"Baja";"";"";"";"";"";""
"1512";"Prospecto inactivo";"Meta Ads Formulario";"08/04/2026 10:59:31";"No responde mensajes ni llamada";"Lubricentro";"Inactivo";"Media";"";"";"";"";"";""
"1516";"Prospecto inactivo";"Automechanika 2026";"08/04/2026 13:27:49";"No responde mensajes ni llamada";"Taller mecánico";"Inactivo";"Alta";"";"";"";"";"";""
"1518";"Prospecto inactivo";"Automechanika 2026";"08/04/2026 13:47:16";"No responde mensajes ni llamada";"Casa de Repuestos de Autos";"Inactivo";"Alta";"";"";"";"";"";""
"1520";"Prospecto no útil";"Automechanika 2026";"08/04/2026 13:53:23";"No responde mensajes ni llamada";"Taller mecánico";"Inactivo";"Alta";"";"";"";"";"";""
"1522";"Prospecto inactivo";"Automechanika 2026";"08/04/2026 13:57:15";"No responde mensajes ni llamada";"Taller mecánico";"Inactivo";"Alta";"";"";"";"";"";""
"1524";"Prospecto inactivo";"Automechanika 2026";"08/04/2026 14:01:26";"No responde mensajes ni llamada";"Casa de Repuestos de Motos";"Inactivo";"Alta";"";"";"";"";"";""
"1526";"Prospecto inactivo";"Automechanika 2026";"08/04/2026 14:16:35";"Indican que lo evaluarán más adelante";"A definir";"Inactivo";"Alta";"";"";"";"";"";""
"1528";"Convertido";"Automechanika 2026";"08/04/2026 14:27:30";"";"Taller mecánico";"Activo";"Media";"";"";"";"";"";""
"1530";"Prospecto inactivo";"Meta Ads Formulario";"08/04/2026 14:30:05";"No responde mensajes ni llamada";"Casa de Repuestos de Autos";"Inactivo";"Media";"";"";"";"";"";""
"1532";"Prospecto inactivo";"Automechanika 2026";"08/04/2026 14:50:38";"No responde mensajes ni llamada";"Taller mecánico";"Inactivo";"Alta";"";"";"";"";"";""
"1534";"Prospecto inactivo";"Automechanika 2026";"08/04/2026 14:58:14";"No responde mensajes ni llamada";"A definir";"Inactivo";"Alta";"";"";"";"";"";""
"1536";"Prospecto inactivo";"Automechanika 2026";"08/04/2026 15:04:56";"No responde mensajes ni llamada";"Taller mecánico";"Inactivo";"Alta";"";"";"";"";"";""
"1538";"Prospecto no útil";"Automechanika 2026";"08/04/2026 15:27:33";"Ya contrato otro sistema";"Casa de Repuestos de Pesados";"Inactivo";"Alta";"";"";"";"";"";""
"1542";"Prospecto inactivo";"Automechanika 2026";"08/04/2026 15:49:11";"No responde mensajes ni llamada";"Taller mecánico";"Inactivo";"Alta";"Efectivo";"";"";"";"";""
"1544";"Prospecto inactivo";"Automechanika 2026";"08/04/2026 15:55:07";"No responde mensajes ni llamada";"Distribuidora";"Inactivo";"Alta";"";"";"";"";"";""
"1546";"Convertido";"Automechanika 2026";"08/04/2026 16:20:57";"No responde mensajes ni llamada";"Casa de Repuestos de Autos";"Inactivo";"Alta";"Efectivo";"";"";"";"";""
"1548";"Prospecto inactivo";"Automechanika 2026";"08/04/2026 16:44:07";"No responde mensajes ni llamada";"A definir";"Inactivo";"Alta";"";"";"";"";"";""
"1550";"Prospecto inactivo";"Automechanika 2026";"08/04/2026 16:50:01";"No responde mensajes ni llamada";"Taller mecánico";"Inactivo";"Alta";"";"";"";"";"";""
"1552";"Prospecto inactivo";"Automechanika 2026";"08/04/2026 16:53:19";"No interesado por ahora";"Casa de Repuestos de Autos";"Activo";"Alta";"";"";"";"";"";""
"1554";"Prospecto no útil";"Automechanika 2026";"08/04/2026 17:54:53";"";"Taller mecánico";"Activo";"Alta";"";"";"";"";"";""
"1556";"Prospecto no útil";"Automechanika 2026";"08/04/2026 18:00:56";"";"Casa de Repuestos de Autos";"Activo";"Alta";"";"";"";"";"";""
"1560";"Prospecto inactivo";"Automechanika 2026";"08/04/2026 18:11:10";"";"Casa de Repuestos de Autos";"Inactivo";"Alta";"";"";"";"";"";""
"1562";"Convertido";"Automechanika 2026";"08/04/2026 18:22:04";"";"Combinación con Casa de Repuestos";"Activo";"Alta";"";"";"";"";"";""
"1564";"Prospecto inactivo";"Automechanika 2026";"08/04/2026 18:25:40";"No responde mensajes ni llamada";"Combinación con Casa de Repuestos";"Inactivo";"Alta";"";"";"";"";"";""
"1566";"Prospecto inactivo";"Automechanika 2026";"08/04/2026 18:29:06";"No responde mensajes ni llamada";"A definir";"Inactivo";"Alta";"";"";"";"";"";""
"1568";"Prospecto inactivo";"Automechanika 2026";"08/04/2026 18:51:07";"No responde mensajes ni llamada";"Taller mecánico";"Inactivo";"Alta";"";"";"";"";"";""
"1570";"Prospecto inactivo";"Automechanika 2026";"08/04/2026 19:09:34";"No responde mensajes ni llamada";"Taller mecánico";"Inactivo";"Alta";"";"";"";"";"";""
"1572";"Prospecto inactivo";"Automechanika 2026";"08/04/2026 19:33:11";"No responde mensajes ni llamada";"Taller mecánico";"Inactivo";"Alta";"";"";"";"";"";""
"1574";"Prospecto no útil";"Automechanika 2026";"08/04/2026 19:52:46";"";"Taller mecánico";"Activo";"Alta";"";"";"";"";"";""
"1576";"Prospecto inactivo";"Automechanika 2026";"08/04/2026 20:06:58";"No responde mensajes ni llamada";"Taller mecánico";"Inactivo";"";"";"";"";"";"";""
"1578";"Prospecto inactivo";"Meta Ads Formulario";"09/04/2026 01:36:02";"atiende y corta";"Lubricentro";"Inactivo";"Media";"";"";"";"";"";""
"1582";"Prospecto inactivo";"Automechanika 2026";"09/04/2026 09:30:16";"No responde mensajes ni llamada";"Taller mecánico";"Inactivo";"";"";"";"";"";"";""
"1584";"Prospecto inactivo";"Meta Ads";"09/04/2026 09:33:38";"No responde mensajes ni llamada";"Taller mecánico";"Inactivo";"";"";"";"";"";"";""
"1586";"Prospecto inactivo";"Automechanika 2026";"09/04/2026 09:38:44";"No responde mensajes ni llamada";"Casa de Repuestos de Autos";"Inactivo";"";"";"";"";"";"";""
"1588";"Prospecto inactivo";"Automechanika 2026";"09/04/2026 09:40:12";"No responde mensajes ni llamada";"Taller mecánico";"Inactivo";"";"";"";"";"";"";""
"1590";"Prospecto inactivo";"Automechanika 2026";"09/04/2026 09:42:23";"No responde mensajes ni llamada";"Casa de Repuestos de Autos";"Inactivo";"";"";"";"";"";"";""
"1592";"Prospecto inactivo";"Automechanika 2026";"09/04/2026 09:43:54";"No responde mensajes ni llamada";"Lubricentro";"Inactivo";"";"";"";"";"";"";""
"1596";"Prospecto inactivo";"Automechanika 2026";"09/04/2026 09:47:42";"No responde mensajes ni llamada";"Taller mecánico";"Inactivo";"";"";"";"";"";"";""
"1598";"Prospecto inactivo";"Automechanika 2026";"09/04/2026 09:49:48";"No responde mensajes ni llamada";"Taller mecánico";"Inactivo";"";"";"";"";"";"";""
"1600";"Prospecto inactivo";"Automechanika 2026";"09/04/2026 10:59:38";"No responde mensajes ni llamada";"Distribuidora";"Inactivo";"";"";"";"";"";"";""
"1602";"Prospecto inactivo";"Automechanika 2026";"09/04/2026 11:02:39";"No responde mensajes ni llamada";"Taller mecánico";"Inactivo";"";"";"";"";"";"";""
"1604";"Prospecto inactivo";"Automechanika 2026";"09/04/2026 11:03:56";"No responde mensajes ni llamada";"Casa de Repuestos de Autos";"Inactivo";"";"";"";"";"";"";""
"1606";"Prospecto inactivo";"Automechanika 2026";"09/04/2026 11:06:23";"No responde mensajes ni llamada";"Casa de Repuestos de Autos";"Inactivo";"";"";"";"";"";"";""
"1608";"Prospecto inactivo";"Automechanika 2026";"09/04/2026 11:07:37";"No responde mensajes ni llamada";"Casa de Repuestos de Autos";"Inactivo";"";"";"";"";"";"";""
"1610";"Prospecto inactivo";"Automechanika 2026";"09/04/2026 11:10:28";"No interesado por ahora";"Casa de Repuestos de Autos";"Inactivo";"";"Efectivo";"";"";"";"";""
"1612";"Prospecto inactivo";"Automechanika 2026";"09/04/2026 11:14:19";"No responde mensajes ni llamada";"Taller mecánico";"Inactivo";"";"";"";"";"";"";""
"1614";"Prospecto inactivo";"Automechanika 2026";"09/04/2026 11:16:45";"No responde mensajes ni llamada";"Taller mecánico";"Inactivo";"";"";"";"";"";"";""
"1616";"Prospecto inactivo";"Automechanika 2026";"09/04/2026 11:17:51";"No responde mensajes ni llamada";"Casa de Repuestos de Autos";"Inactivo";"";"";"";"";"";"";""
"1618";"Prospecto inactivo";"Automechanika 2026";"09/04/2026 11:19:44";"No responde mensajes ni llamada";"Combinación sin Casa de Repuestos";"Inactivo";"";"";"";"";"";"";""
"1620";"Prospecto inactivo";"Automechanika 2026";"09/04/2026 11:20:59";"No responde mensajes ni llamada";"Taller mecánico";"Inactivo";"";"";"";"";"";"";""
"1622";"Prospecto inactivo";"Automechanika 2026";"09/04/2026 11:22:05";"No responde mensajes ni llamada";"Taller mecánico";"Inactivo";"";"";"";"";"";"";""
"1624";"Prospecto inactivo";"Automechanika 2026";"09/04/2026 11:23:06";"No responde mensajes ni llamada";"Taller mecánico";"Inactivo";"";"";"";"";"";"";""
"1626";"Convertido";"Automechanika 2026";"09/04/2026 13:20:05";"";"Casa de Repuestos de Autos";"Activo";"Alta";"";"";"";"";"";""
"1628";"Prospecto no útil";"Automechanika 2026";"09/04/2026 13:26:49";"No tiene negocio, negocio de otro rubro";"A definir";"Inactivo";"Alta";"";"";"";"";"";""
"1630";"Convertido";"Automechanika 2026";"09/04/2026 13:46:14";"";"Combinación con Casa de Repuestos";"Activo";"Media";"";"";"";"";"";""
"1632";"Prospecto inactivo";"Automechanika 2026";"09/04/2026 13:55:22";"No responde mensajes ni llamada";"Taller mecánico";"Inactivo";"Alta";"";"";"";"";"";""
"1634";"Prospecto inactivo";"Automechanika 2026";"09/04/2026 14:00:41";"No responde mensajes ni llamada";"Casa de Repuestos de Pesados";"Inactivo";"Alta";"";"";"";"";"";""
"1636";"Prospecto inactivo";"Automechanika 2026";"09/04/2026 14:07:40";"No responde mensajes ni llamada";"Desarmadero";"Inactivo";"Alta";"";"";"";"";"";""
"1642";"Prospecto no útil";"Automechanika 2026";"09/04/2026 14:18:07";"No tiene negocio, negocio de otro rubro";"Taller mecánico";"Activo";"Alta";"";"";"";"";"";""
"1644";"Prospecto inactivo";"Automechanika 2026";"09/04/2026 14:20:42";"No interesado por ahora";"Distribuidora";"Activo";"Alta";"";"";"";"";"";""
"1646";"Prospecto inactivo";"Automechanika 2026";"09/04/2026 14:22:19";"Frenado el negocio por ventas";"A definir";"Inactivo";"Alta";"";"";"";"";"";""
"1648";"Prospecto inactivo";"Automechanika 2026";"09/04/2026 14:28:12";"";"Casa de Repuestos de Autos";"Activo";"Alta";"";"";"";"";"";""
"1650";"Convertido";"Automechanika 2026";"09/04/2026 14:35:30";"No responde mensajes ni llamada";"Casa de Repuestos de Autos";"Inactivo";"Media";"Efectivo";"";"";"";"";""
"1652";"Prospecto inactivo";"Automechanika 2026";"09/04/2026 14:39:57";"Frenado el negocio por ventas";"Casa de Repuestos de Autos";"Activo";"Alta";"";"";"";"";"";""
"1654";"Prospecto inactivo";"Automechanika 2026";"09/04/2026 14:45:00";"No responde mensajes ni llamada";"Combinación con Casa de Repuestos";"Inactivo";"Alta";"";"";"";"";"";""
"1656";"Prospecto inactivo";"Automechanika 2026";"09/04/2026 14:54:49";"Frenado el negocio por ventas";"Distribuidora";"Activo";"Alta";"";"";"";"";"";""
"1658";"Prospecto inactivo";"Automechanika 2026";"09/04/2026 15:07:15";"No responde mensajes ni llamada";"Combinación con Casa de Repuestos";"Inactivo";"Alta";"";"";"";"";"";""
"1660";"Prospecto inactivo";"Automechanika 2026";"09/04/2026 15:18:13";"No responde mensajes ni llamada";"Casa de Repuestos de Pesados";"Inactivo";"Alta";"";"";"";"";"";""
"1662";"Prospecto inactivo";"Automechanika 2026";"09/04/2026 15:18:19";"No responde mensajes ni llamada";"Taller mecánico";"Inactivo";"Alta";"";"";"";"";"";""
"1664";"Prospecto inactivo";"Automechanika 2026";"09/04/2026 15:21:21";"No responde mensajes ni llamada";"Taller mecánico";"Inactivo";"Alta";"";"";"";"";"";""
"1666";"Convertido";"Automechanika 2026";"09/04/2026 15:21:31";"";"Combinación con Casa de Repuestos";"Activo";"Alta";"";"";"";"";"";""
"1668";"Convertido";"Automechanika 2026";"09/04/2026 15:30:46";"";"Casa de Repuestos de Autos";"Activo";"Baja";"";"";"";"";"";""
"1670";"Convertido";"Automechanika 2026";"09/04/2026 15:33:36";"";"Casa de Repuestos de Autos";"Activo";"Media";"";"";"";"";"";""
"1674";"Comunidad de WhatsApp";"Automechanika 2026";"09/04/2026 15:47:03";"";"Casa de Repuestos de Autos";"Activo";"Alta";"";"";"";"";"";""
"1678";"Prospecto inactivo";"Automechanika 2026";"09/04/2026 16:13:03";"No responde mensajes ni llamada";"Casa de Repuestos de Autos";"Inactivo";"Alta";"";"";"";"";"";""
"1680";"Convertido";"Automechanika 2026";"09/04/2026 16:15:41";"";"Distribuidora";"Activo";"Media";"";"";"";"";"";""
"1682";"Convertido";"Automechanika 2026";"09/04/2026 16:19:02";"";"Casa de Repuestos de Autos";"Activo";"Alta";"";"";"";"";"";""
"1684";"Prospecto inactivo";"Automechanika 2026";"09/04/2026 16:24:26";"No responde mensajes ni llamada";"Taller mecánico";"Inactivo";"Alta";"";"";"";"";"";""
"1686";"Convertido";"Automechanika 2026";"09/04/2026 16:25:16";"";"Casa de Repuestos de Autos";"Activo";"Media";"";"";"";"";"";""
"1688";"Prospecto inactivo";"Automechanika 2026";"09/04/2026 16:49:59";"No responde mensajes ni llamada";"Taller mecánico";"Inactivo";"Alta";"";"";"";"";"";""
"1690";"Prospecto inactivo";"Automechanika 2026";"09/04/2026 16:56:45";"No responde mensajes ni llamada";"Combinación con Casa de Repuestos de motos";"Inactivo";"Alta";"";"";"";"";"";""
"1692";"Prospecto inactivo";"Automechanika 2026";"09/04/2026 17:09:27";"No responde mensajes ni llamada";"Taller mecánico";"Inactivo";"Alta";"";"";"";"";"";""
"1694";"Prospecto inactivo";"Automechanika 2026";"09/04/2026 17:10:07";"No responde mensajes ni llamada";"Taller mecánico";"Inactivo";"Alta";"";"";"";"";"";""
"1696";"Prospecto inactivo";"Automechanika 2026";"09/04/2026 17:19:36";"Prefieren retomar el contacto en otro momento";"Combinación con Casa de Repuestos";"Activo";"Alta";"";"";"";"";"";""
"1698";"Prospecto inactivo";"Automechanika 2026";"09/04/2026 17:43:52";"No responde mensajes ni llamada";"Taller mecánico";"Inactivo";"Alta";"";"";"";"";"";""
"1702";"Prospecto inactivo";"Automechanika 2026";"09/04/2026 17:49:30";"No responde mensajes ni llamada";"Taller mecánico";"Inactivo";"Alta";"";"";"";"";"";""
"1704";"Prospecto inactivo";"Automechanika 2026";"09/04/2026 17:56:24";"No responde mensajes ni llamada";"Combinación con Casa de Repuestos";"Inactivo";"Alta";"";"";"";"";"";""
"1706";"Prospecto no útil";"Meta Ads Formulario";"09/04/2026 17:59:15";"No tiene negocio, negocio de otro rubro";"A definir";"Inactivo";"Media";"";"";"";"";"";""
"1708";"Prospecto inactivo";"Automechanika 2026";"09/04/2026 18:02:57";"No responde mensajes ni llamada";"Taller mecánico";"Inactivo";"Alta";"";"";"";"";"";""
"1710";"Prospecto inactivo";"Automechanika 2026";"09/04/2026 18:07:29";"No responde mensajes ni llamada";"Casa de Repuestos de Autos";"Inactivo";"Alta";"";"";"";"";"";""
"1712";"Prospecto inactivo";"Meta Ads Formulario";"09/04/2026 18:10:01";"";"A definir";"Inactivo";"Media";"";"";"";"";"";""
"1714";"Prospecto inactivo";"Automechanika 2026";"09/04/2026 18:53:23";"No responde mensajes ni llamada";"Taller mecánico";"Inactivo";"Alta";"";"";"";"";"";""
"1716";"Convertido";"Automechanika 2026";"09/04/2026 18:53:37";"";"Distribuidora";"Activo";"Alta";"";"";"";"";"";""
"1718";"Prospecto inactivo";"Automechanika 2026";"09/04/2026 19:03:00";"No responde mensajes ni llamada";"Taller mecánico";"Inactivo";"Alta";"";"";"";"";"";""
"1720";"Prospecto inactivo";"Automechanika 2026";"09/04/2026 19:11:22";"No responde mensajes ni llamada";"Taller mecánico";"Inactivo";"Alta";"";"";"";"";"";""
"1722";"Prospecto inactivo";"Automechanika 2026";"09/04/2026 19:30:58";"No responde mensajes ni llamada";"Taller mecánico";"Inactivo";"Alta";"";"";"";"";"";""
"1724";"Prospecto inactivo";"Automechanika 2026";"09/04/2026 20:56:12";"No responde mensajes ni llamada";"Casa de Repuestos de Autos";"Inactivo";"Alta";"";"";"";"";"";""
"1730";"Prospecto inactivo";"Meta Ads";"10/04/2026 09:52:57";"No responde mensajes ni llamada";"A definir";"Inactivo";"";"";"";"";"";"";""
"1732";"Prospecto inactivo";"Meta Ads";"10/04/2026 11:09:52";"No responde mensajes ni llamada";"";"Inactivo";"";"";"";"";"";"";""
"1734";"Prospecto inactivo";"Meta Ads";"10/04/2026 11:11:30";"No interesado por ahora";"Casa de Repuestos de Autos";"Inactivo";"";"";"";"";"";"";""
"1736";"Prospecto inactivo";"Meta Ads";"10/04/2026 11:15:04";"No responde mensajes ni llamada";"A definir";"Inactivo";"Media";"";"";"";"";"";""
"1738";"Prospecto inactivo";"Meta Ads";"10/04/2026 11:16:17";"No responde mensajes ni llamada";"";"Inactivo";"";"";"";"";"";"";""
"1740";"Prospecto inactivo";"Meta Ads";"10/04/2026 11:17:06";"No responde mensajes ni llamada";"";"Inactivo";"";"";"";"";"";"";""
"1742";"Prospecto inactivo";"Meta Ads";"10/04/2026 11:18:08";"No responde mensajes ni llamada";"";"Inactivo";"";"";"";"";"";"";""
"1744";"Prospecto inactivo";"Meta Ads";"10/04/2026 11:19:12";"No responde mensajes ni llamada";"A definir";"Inactivo";"";"";"";"";"";"";""
"1746";"Prospecto inactivo";"Automechanika 2026";"10/04/2026 13:15:38";"Frenado el negocio por ventas";"Taller mecánico";"Inactivo";"Alta";"";"";"";"";"";""
"1748";"Convertido";"Redes";"10/04/2026 13:19:09";"";"Casa de Repuestos de Autos";"Activo";"Alta";"";"";"";"";"";""
"1750";"Convertido";"Automechanika 2026";"10/04/2026 13:23:03";"";"Taller mecánico";"Activo";"Media";"";"";"";"";"";""
"1752";"Prospecto inactivo";"Automechanika 2026";"10/04/2026 13:39:16";"Indican que lo evaluarán más adelante";"Distribuidora";"Activo";"Alta";"";"";"";"";"";""
"1754";"Prospecto inactivo";"Automechanika 2026";"10/04/2026 13:43:10";"No responde mensajes ni llamada";"Taller mecánico";"Inactivo";"Alta";"";"";"";"";"";""
"1756";"Convertido";"Automechanika 2026";"10/04/2026 13:45:57";"";"Casa de Repuestos de Autos";"Activo";"Alta";"";"";"";"";"";""
"1758";"Prospecto inactivo";"Automechanika 2026";"10/04/2026 13:51:51";"No responde mensajes ni llamada";"Taller mecánico";"Inactivo";"Alta";"";"";"";"";"";""
"1760";"Prospecto inactivo";"Automechanika 2026";"10/04/2026 14:07:40";"No responde mensajes ni llamada";"Combinación con Casa de Repuestos";"Inactivo";"Alta";"";"";"";"";"";""
"1762";"Prospecto inactivo";"Automechanika 2026";"10/04/2026 14:12:34";"No responde mensajes ni llamada";"Taller mecánico";"Inactivo";"Alta";"";"";"";"";"";""
"1764";"Prospecto inactivo";"Automechanika 2026";"10/04/2026 14:12:53";"No responde mensajes ni llamada";"Lubricentro";"Inactivo";"Alta";"";"";"";"";"";""
"1768";"Prospecto inactivo";"Automechanika 2026";"10/04/2026 14:28:46";"Frenado el negocio por ventas";"A definir";"Inactivo";"Alta";"";"";"";"";"";""
"1770";"Prospecto no útil";"Automechanika 2026";"10/04/2026 14:43:46";"No responde mensajes ni llamada";"Casa de Repuestos de Autos";"Inactivo";"Alta";"";"";"";"";"";""
"1772";"Prospecto inactivo";"Automechanika 2026";"10/04/2026 14:46:08";"No responde mensajes ni llamada";"Taller mecánico";"Inactivo";"Alta";"";"";"";"";"";""
"1774";"Convertido";"Automechanika 2026";"10/04/2026 14:48:09";"";"Casa de Repuestos de Autos";"Activo";"Baja";"";"";"";"";"";""
"1776";"Prospecto inactivo";"Automechanika 2026";"10/04/2026 14:51:08";"No responde mensajes ni llamada";"Combinación con Casa de Repuestos";"Inactivo";"Alta";"";"";"";"";"";""
"1778";"Prospecto inactivo";"Automechanika 2026";"10/04/2026 14:52:28";"No responde mensajes ni llamada";"Taller mecánico";"Inactivo";"Alta";"";"";"";"";"";""
"1780";"Prospecto inactivo";"Automechanika 2026";"10/04/2026 14:56:36";"No responde mensajes ni llamada";"Casa de Repuestos de Autos";"Inactivo";"Alta";"";"";"";"";"";""
"1782";"Prospecto inactivo";"Automechanika 2026";"10/04/2026 15:06:39";"Frenado el negocio por ventas";"Taller mecánico";"Inactivo";"Alta";"";"";"";"";"";""
"1784";"Prospecto inactivo";"Automechanika 2026";"10/04/2026 15:09:33";"No responde mensajes ni llamada";"Taller mecánico";"Inactivo";"Alta";"";"";"";"";"";""
"1788";"Prospecto inactivo";"Automechanika 2026";"10/04/2026 15:32:47";"No responde mensajes ni llamada";"Taller mecánico";"Inactivo";"Alta";"";"";"";"";"";""
"1790";"Prospecto inactivo";"Automechanika 2026";"10/04/2026 15:33:44";"No responde mensajes ni llamada";"Taller mecánico";"Inactivo";"Alta";"";"";"";"";"";""
"1792";"Prospecto inactivo";"Automechanika 2026";"10/04/2026 15:35:32";"No responde mensajes ni llamada";"Taller mecánico";"Inactivo";"Alta";"";"";"";"";"";""
"1794";"Prospecto inactivo";"Automechanika 2026";"10/04/2026 15:38:40";"No responde mensajes ni llamada";"Taller mecánico";"Inactivo";"Alta";"";"";"";"";"";""
"1798";"Prospecto inactivo";"Automechanika 2026";"10/04/2026 15:56:24";"";"Taller mecánico";"Activo";"Alta";"";"";"";"";"";""
"1800";"Prospecto inactivo";"Automechanika 2026";"10/04/2026 15:59:44";"No responde mensajes ni llamada";"Casa de Repuestos de Autos";"Inactivo";"Alta";"";"";"";"";"";""
"1806";"Prospecto inactivo";"Automechanika 2026";"10/04/2026 16:24:15";"No responde mensajes ni llamada";"A definir";"Inactivo";"Alta";"";"";"";"";"";""
"1808";"Prospecto inactivo";"Automechanika 2026";"10/04/2026 16:24:19";"";"Taller mecánico";"Inactivo";"Alta";"";"";"";"";"";""
"1810";"Prospecto inactivo";"Automechanika 2026";"10/04/2026 16:27:49";"No responde mensajes ni llamada";"Casa de Repuestos de Autos";"Inactivo";"Alta";"";"";"";"";"";""
"1812";"Prospecto inactivo";"Automechanika 2026";"10/04/2026 16:28:43";"No responde mensajes ni llamada";"Casa de Repuestos de Autos";"Inactivo";"Alta";"";"";"";"";"";""
"1814";"Prospecto inactivo";"Automechanika 2026";"10/04/2026 16:33:41";"";"Taller mecánico";"Inactivo";"Alta";"";"";"";"";"";""
"1816";"Convertido";"Automechanika 2026";"10/04/2026 16:35:26";"";"Combinación con Casa de Repuestos";"Activo";"Alta";"";"";"";"";"";""
"1818";"Prospecto no útil";"Automechanika 2026";"10/04/2026 16:36:31";"Datos incorrectos o contacto inexistente";"Taller mecánico";"Inactivo";"Alta";"";"";"";"";"";""
"1820";"Prospecto inactivo";"Automechanika 2026";"10/04/2026 16:40:11";"";"A definir";"Inactivo";"Alta";"";"";"";"";"";""
"1822";"Prospecto inactivo";"Automechanika 2026";"10/04/2026 16:43:24";"";"Taller mecánico";"Inactivo";"Alta";"";"";"";"";"";""
"1824";"Prospecto inactivo";"Automechanika 2026";"10/04/2026 16:46:13";"No responde mensajes ni llamada";"Casa de Repuestos de Autos";"Inactivo";"Alta";"";"";"";"";"";""
"1826";"Prospecto inactivo";"Automechanika 2026";"10/04/2026 16:47:00";"";"A definir";"Inactivo";"Alta";"";"";"";"";"";""
"1828";"Prospecto inactivo";"Automechanika 2026";"10/04/2026 16:56:13";"No interesado por ahora";"Taller mecánico";"Activo";"Alta";"";"";"";"";"";""
"1830";"Prospecto inactivo";"Automechanika 2026";"10/04/2026 17:01:08";"No responde mensajes ni llamada";"Taller mecánico";"Inactivo";"Alta";"";"";"";"";"";""
"1832";"Prospecto inactivo";"Automechanika 2026";"10/04/2026 17:03:28";"No interesado por ahora";"Distribuidora";"Inactivo";"Alta";"";"";"";"";"";""
"1834";"Prospecto inactivo";"Automechanika 2026";"10/04/2026 17:06:02";"";"A definir";"Inactivo";"Alta";"";"";"";"";"";""
"1836";"Prospecto inactivo";"Automechanika 2026";"10/04/2026 17:07:23";"";"Taller mecánico";"Inactivo";"Alta";"";"";"";"";"";""
"1838";"Prospecto inactivo";"Automechanika 2026";"10/04/2026 17:13:42";"No responde mensajes ni llamada";"Taller mecánico";"Inactivo";"Alta";"";"";"";"";"";""
"1842";"Convertido";"Automechanika 2026";"10/04/2026 17:24:57";"";"Combinación con Casa de Repuestos";"Activo";"Alta";"";"";"";"";"";""
"1844";"Prospecto inactivo";"Automechanika 2026";"10/04/2026 17:36:12";"";"Lubricentro";"Inactivo";"Alta";"";"";"";"";"";""
"1846";"Prospecto inactivo";"Automechanika 2026";"10/04/2026 17:37:40";"";"Taller mecánico";"Activo";"Alta";"";"";"";"";"";""
"1848";"Prospecto inactivo";"Automechanika 2026";"10/04/2026 17:38:17";"";"Taller mecánico";"Activo";"Alta";"";"";"";"";"";""
"1850";"Prospecto inactivo";"Automechanika 2026";"10/04/2026 17:39:53";"No responde mensajes ni llamada";"Distribuidora";"Inactivo";"Alta";"";"";"";"";"";""
"1852";"Prospecto inactivo";"Automechanika 2026";"10/04/2026 17:43:13";"No responde mensajes ni llamada";"Combinación con Casa de Repuestos";"Inactivo";"Alta";"";"";"";"";"";""
"1854";"Prospecto inactivo";"Automechanika 2026";"10/04/2026 17:46:23";"No responde mensajes ni llamada";"Taller mecánico";"Inactivo";"Alta";"";"";"";"";"";""
"1856";"Prospecto no útil";"Automechanika 2026";"10/04/2026 17:46:47";"Temas personales";"Lubricentro";"Activo";"Alta";"";"";"";"";"";""
"1858";"Prospecto inactivo";"Automechanika 2026";"10/04/2026 17:47:19";"";"Taller mecánico";"Activo";"Alta";"";"";"";"";"";""
"1860";"Prospecto inactivo";"Automechanika 2026";"10/04/2026 17:56:41";"";"Taller mecánico";"Activo";"Alta";"";"";"";"";"";""
"1866";"Prospecto inactivo";"Automechanika 2026";"10/04/2026 18:28:00";"No responde mensajes ni llamada";"Casa de Repuestos de Autos";"Inactivo";"Alta";"";"";"";"";"";""
"1868";"Prospecto inactivo";"Automechanika 2026";"10/04/2026 18:31:03";"";"Taller mecánico";"Activo";"Alta";"";"";"";"";"";""
"1870";"Prospecto inactivo";"Automechanika 2026";"10/04/2026 18:33:01";"No responde mensajes ni llamada";"Combinación con Casa de Repuestos";"Inactivo";"Alta";"";"";"";"";"";""
"1872";"Prospecto inactivo";"Automechanika 2026";"10/04/2026 18:44:33";"No responde mensajes ni llamada";"Taller mecánico";"Inactivo";"Alta";"";"";"";"";"";""
"1874";"Convertido";"Meta Ads Formulario";"10/04/2026 18:51:08";"";"Combinación con Casa de Repuestos";"Activo";"Alta";"";"";"";"";"";""
"1876";"Prospecto inactivo";"Automechanika 2026";"10/04/2026 18:51:16";"";"Taller mecánico";"Activo";"Alta";"";"";"";"";"";""
"1878";"Prospecto inactivo";"Automechanika 2026";"10/04/2026 18:52:57";"";"Taller mecánico";"Activo";"Alta";"";"";"";"";"";""
"1880";"Prospecto inactivo";"Automechanika 2026";"10/04/2026 18:55:59";"No responde mensajes ni llamada";"Casa de Repuestos de Autos";"Inactivo";"Alta";"";"";"";"";"";""
"1884";"Convertido";"Automechanika 2026";"10/04/2026 19:15:40";"";"Combinación con Casa de Repuestos";"Activo";"Alta";"";"";"";"";"";""
"1886";"Prospecto no útil";"Automechanika 2026";"10/04/2026 19:19:53";"";"Casa de Repuestos de Pesados";"Inactivo";"Alta";"";"";"";"";"";""
"1888";"Prospecto inactivo";"Automechanika 2026";"10/04/2026 19:23:01";"";"Taller mecánico";"Activo";"Alta";"";"";"";"";"";""
"1890";"Prospecto inactivo";"Automechanika 2026";"10/04/2026 19:23:38";"No responde mensajes ni llamada";"Taller mecánico";"Inactivo";"Alta";"";"";"";"";"";""
"1892";"Convertido";"Automechanika 2026";"10/04/2026 19:28:40";"";"Taller mecánico";"Activo";"Media";"";"";"";"";"";""
"1894";"Prospecto inactivo";"Automechanika 2026";"10/04/2026 19:30:30";"No responde mensajes ni llamada";"Lubricentro";"Inactivo";"Alta";"";"";"";"";"";""
"1898";"Prospecto inactivo";"Automechanika 2026";"10/04/2026 19:38:57";"No responde mensajes ni llamada";"Taller mecánico";"Inactivo";"Alta";"";"";"";"";"";""
"1902";"Convertido";"Meta Ads Formulario";"10/04/2026 23:17:27";"";"Combinación con Casa de Repuestos";"Activo";"Media";"";"";"";"";"";""
"1908";"Convertido";"Automechanika 2026";"11/04/2026 11:11:31";"";"Combinación con Casa de Repuestos";"Activo";"Media";"";"";"";"";"";""
"1910";"Prospecto inactivo";"Automechanika 2026";"11/04/2026 11:11:56";"No responde mensajes ni llamada";"Taller mecánico";"Inactivo";"Alta";"";"";"";"";"";""
"1912";"Prospecto inactivo";"Automechanika 2026";"11/04/2026 11:17:41";"No interesado por ahora";"Combinación con Casa de Repuestos";"Inactivo";"Alta";"";"";"";"";"";""
"1914";"Prospecto inactivo";"Automechanika 2026";"11/04/2026 11:20:45";"No responde mensajes ni llamada";"Taller mecánico";"Inactivo";"Alta";"";"";"";"";"";""
"1916";"Prospecto inactivo";"Automechanika 2026";"11/04/2026 11:22:24";"No responde mensajes ni llamada";"Taller mecánico";"Inactivo";"Alta";"";"";"";"";"";""
"1918";"Prospecto no útil";"Automechanika 2026";"11/04/2026 11:24:09";"";"Taller mecánico";"Activo";"Alta";"";"";"";"";"";""
"1920";"Prospecto inactivo";"Automechanika 2026";"11/04/2026 11:34:28";"No responde mensajes ni llamada";"Casa de Repuestos de Autos";"Inactivo";"Alta";"";"";"";"";"";""
"1922";"Prospecto inactivo";"Automechanika 2026";"11/04/2026 11:41:36";"No responde mensajes ni llamada";"Taller mecánico";"Inactivo";"Alta";"";"";"";"";"";""
"1924";"Prospecto inactivo";"Automechanika 2026";"11/04/2026 11:42:42";"No responde mensajes ni llamada";"Taller mecánico";"Inactivo";"Alta";"";"";"";"";"";""
"1926";"Prospecto inactivo";"Automechanika 2026";"11/04/2026 11:47:40";"No responde mensajes ni llamada";"Taller mecánico";"Inactivo";"Alta";"";"";"";"";"";""
"1928";"Prospecto inactivo";"Automechanika 2026";"11/04/2026 11:48:13";"No responde mensajes ni llamada";"Taller mecánico";"Inactivo";"Alta";"";"";"";"";"";""
"1930";"Prospecto inactivo";"Automechanika 2026";"11/04/2026 11:49:32";"No responde mensajes ni llamada";"Taller mecánico";"Inactivo";"Alta";"";"";"";"";"";""
"1932";"Prospecto inactivo";"Automechanika 2026";"11/04/2026 11:51:49";"No responde mensajes ni llamada";"Taller mecánico";"Inactivo";"Alta";"";"";"";"";"";""
"1934";"Prospecto inactivo";"Automechanika 2026";"11/04/2026 11:54:13";"No responde mensajes ni llamada";"Taller mecánico";"Inactivo";"Alta";"";"";"";"";"";""
"1936";"Prospecto inactivo";"Automechanika 2026";"11/04/2026 11:56:28";"No responde mensajes ni llamada";"Casa de Repuestos de Autos";"Inactivo";"Alta";"";"";"";"";"";""
"1938";"Prospecto no útil";"Automechanika 2026";"11/04/2026 11:58:13";"No responde mensajes ni llamada";"Taller mecánico";"Inactivo";"Alta";"";"";"";"";"";""
"1940";"Prospecto inactivo";"Automechanika 2026";"11/04/2026 12:00:55";"No responde mensajes ni llamada";"Taller mecánico";"Inactivo";"Alta";"";"";"";"";"";""
"1942";"Prospecto inactivo";"Automechanika 2026";"11/04/2026 12:02:34";"No responde mensajes ni llamada";"Taller mecánico";"Inactivo";"Alta";"";"";"";"";"";""
"1944";"Prospecto inactivo";"Automechanika 2026";"11/04/2026 12:02:35";"No responde mensajes ni llamada";"Taller mecánico";"Inactivo";"Alta";"";"";"";"";"";""
"1946";"Prospecto inactivo";"Automechanika 2026";"11/04/2026 12:04:15";"No responde mensajes ni llamada";"Combinación con Casa de Repuestos";"Inactivo";"Alta";"";"";"";"";"";""
"1948";"Prospecto inactivo";"Automechanika 2026";"11/04/2026 12:05:09";"No responde mensajes ni llamada";"Taller mecánico";"Inactivo";"Alta";"";"";"";"";"";""
"1950";"Prospecto inactivo";"Automechanika 2026";"11/04/2026 12:08:44";"No responde mensajes ni llamada";"Taller mecánico";"Inactivo";"Alta";"";"";"";"";"";""
"1952";"Prospecto inactivo";"Automechanika 2026";"11/04/2026 12:09:34";"No responde mensajes ni llamada";"A definir";"Inactivo";"Alta";"";"";"";"";"";""
"1954";"Prospecto inactivo";"Automechanika 2026";"11/04/2026 12:12:09";"No responde mensajes ni llamada";"Taller mecánico";"Inactivo";"Alta";"";"";"";"";"";""
"1956";"Prospecto inactivo";"Automechanika 2026";"11/04/2026 12:12:40";"";"Taller mecánico";"Activo";"Alta";"";"";"";"";"";""
"1958";"Prospecto inactivo";"Automechanika 2026";"11/04/2026 12:14:57";"";"Taller mecánico";"Activo";"Alta";"";"";"";"";"";""
"1960";"Convertido";"Automechanika 2026";"11/04/2026 12:17:53";"";"Taller mecánico";"Activo";"Alta";"";"";"";"";"";""
"1962";"Prospecto inactivo";"Automechanika 2026";"11/04/2026 12:21:14";"";"Taller mecánico";"Activo";"Alta";"";"";"";"";"";""
"1964";"Prospecto inactivo";"Automechanika 2026";"11/04/2026 12:21:32";"";"Taller mecánico";"Activo";"Alta";"";"";"";"";"";""
"1966";"Prospecto inactivo";"Automechanika 2026";"11/04/2026 12:22:06";"";"Taller mecánico";"Activo";"Alta";"";"";"";"";"";""
"1968";"Prospecto inactivo";"Automechanika 2026";"11/04/2026 12:23:33";"";"Casa de Repuestos de Autos";"Inactivo";"Alta";"";"";"";"";"";""
"1970";"Prospecto inactivo";"Automechanika 2026";"11/04/2026 12:24:33";"No responde mensajes ni llamada";"Casa de Repuestos de Pesados";"Inactivo";"Alta";"";"";"";"";"";""
"1972";"Prospecto inactivo";"Automechanika 2026";"11/04/2026 12:25:44";"No responde mensajes ni llamada";"Taller mecánico";"Inactivo";"Alta";"";"";"";"";"";""
"1974";"Prospecto inactivo";"Automechanika 2026";"11/04/2026 12:27:42";"";"Taller mecánico";"Activo";"Alta";"";"";"";"";"";""
"1976";"Prospecto inactivo";"Automechanika 2026";"11/04/2026 12:29:34";"";"Taller mecánico";"Activo";"Alta";"";"";"";"";"";""
"1978";"Prospecto inactivo";"Automechanika 2026";"11/04/2026 12:29:34";"No responde mensajes ni llamada";"Combinación con Casa de Repuestos";"Inactivo";"Alta";"";"";"";"";"";""
"1980";"Prospecto inactivo";"Automechanika 2026";"11/04/2026 12:30:05";"";"Taller mecánico";"Activo";"Alta";"";"";"";"";"";""
"1982";"Prospecto inactivo";"Automechanika 2026";"11/04/2026 12:31:00";"";"Casa de Repuestos de Autos";"Activo";"Alta";"";"";"";"";"";""
"1984";"Prospecto inactivo";"Automechanika 2026";"11/04/2026 12:33:23";"";"Taller mecánico";"Activo";"Alta";"";"";"";"";"";""
"1986";"Prospecto inactivo";"Automechanika 2026";"11/04/2026 12:35:10";"";"Taller mecánico";"Activo";"Alta";"";"";"";"";"";""
"1988";"Prospecto inactivo";"Automechanika 2026";"11/04/2026 12:41:43";"No responde mensajes ni llamada";"Taller mecánico";"Inactivo";"Alta";"";"";"";"";"";""
"1990";"Prospecto inactivo";"Automechanika 2026";"11/04/2026 12:42:16";"";"Taller mecánico";"Activo";"Alta";"";"";"";"";"";""
"1992";"Prospecto inactivo";"Automechanika 2026";"11/04/2026 12:43:25";"";"Casa de Repuestos de Autos";"Inactivo";"Alta";"";"";"";"";"";""
"1994";"Prospecto inactivo";"Automechanika 2026";"11/04/2026 12:45:57";"";"Taller mecánico";"Activo";"Alta";"";"";"";"";"";""
"1996";"Prospecto inactivo";"Automechanika 2026";"11/04/2026 12:47:21";"No responde mensajes ni llamada";"Taller mecánico";"Inactivo";"Alta";"";"";"";"";"";""
"1998";"Prospecto inactivo";"Automechanika 2026";"11/04/2026 12:48:06";"No responde mensajes ni llamada";"Taller mecánico";"Inactivo";"Alta";"";"";"";"";"";""
"2000";"Prospecto inactivo";"Automechanika 2026";"11/04/2026 12:49:38";"";"Taller mecánico";"Activo";"Alta";"Efectivo";"";"";"";"";""
"2002";"Prospecto inactivo";"Automechanika 2026";"11/04/2026 13:04:46";"";"Taller mecánico";"Activo";"Alta";"";"";"";"";"";""
"2004";"Prospecto inactivo";"Automechanika 2026";"11/04/2026 13:06:08";"No responde mensajes ni llamada";"Taller mecánico";"Inactivo";"Alta";"";"";"";"";"";""
"2006";"Prospecto inactivo";"Automechanika 2026";"11/04/2026 13:07:52";"No responde mensajes ni llamada";"Taller mecánico";"Inactivo";"Alta";"";"";"";"";"";""
"2008";"Prospecto inactivo";"Automechanika 2026";"11/04/2026 13:10:40";"No responde mensajes ni llamada";"Lubricentro";"Inactivo";"Alta";"";"";"";"";"";""
"2010";"Prospecto inactivo";"Automechanika 2026";"11/04/2026 13:12:58";"No responde mensajes ni llamada";"Taller mecánico";"Inactivo";"Alta";"";"";"";"";"";""
"2012";"Prospecto inactivo";"Automechanika 2026";"11/04/2026 13:13:20";"No responde mensajes ni llamada";"Combinación con Casa de Repuestos";"Inactivo";"Alta";"";"";"";"";"";""
"2014";"Convertido";"Automechanika 2026";"11/04/2026 13:13:58";"";"Casa de Repuestos de Autos";"Activo";"Media";"";"";"";"";"";""
"2016";"Prospecto no útil";"Automechanika 2026";"11/04/2026 13:14:37";"";"Taller mecánico";"Inactivo";"Alta";"";"";"";"";"";""
"2018";"Prospecto inactivo";"Automechanika 2026";"11/04/2026 13:15:42";"No interesado por ahora";"Casa de Repuestos de Autos";"Activo";"Alta";"";"";"";"";"";""
"2020";"Prospecto inactivo";"Automechanika 2026";"11/04/2026 13:16:21";"No responde mensajes ni llamada";"Taller mecánico";"Inactivo";"Alta";"";"";"";"";"";""
"2024";"Prospecto inactivo";"Automechanika 2026";"11/04/2026 13:22:42";"No interesado por ahora";"Taller mecánico";"Inactivo";"Alta";"";"";"";"";"";""
"2026";"Prospecto inactivo";"Automechanika 2026";"11/04/2026 13:27:36";"Ya contrato otro sistema";"Taller mecánico";"Activo";"Alta";"";"";"";"";"";""
"2028";"Prospecto inactivo";"Automechanika 2026";"11/04/2026 13:30:32";"No responde mensajes ni llamada";"Taller mecánico";"Inactivo";"Alta";"";"";"";"";"";""
"2030";"Prospecto no útil";"Automechanika 2026";"11/04/2026 13:33:12";"";"Combinación con Casa de Repuestos";"Inactivo";"Alta";"";"";"";"";"";""
"2032";"Prospecto inactivo";"Automechanika 2026";"11/04/2026 13:34:13";"No responde mensajes ni llamada";"Taller mecánico";"Inactivo";"Alta";"";"";"";"";"";""
"2034";"Prospecto inactivo";"Automechanika 2026";"11/04/2026 13:35:42";"No interesado por ahora";"Taller mecánico";"Activo";"Alta";"";"";"";"";"";""
"2036";"Prospecto inactivo";"Automechanika 2026";"11/04/2026 13:37:22";"No responde mensajes ni llamada";"Taller mecánico";"Inactivo";"Alta";"";"";"";"";"";""
"2038";"Convertido";"Automechanika 2026";"11/04/2026 13:40:20";"";"Combinación con Casa de Repuestos";"Activo";"Alta";"";"";"";"";"";""
"2040";"Prospecto inactivo";"Automechanika 2026";"11/04/2026 13:41:00";"No interesado por ahora";"Taller mecánico";"Inactivo";"Alta";"Efectivo";"";"";"";"";""
"2042";"Prospecto inactivo";"Automechanika 2026";"11/04/2026 13:46:30";"No responde mensajes ni llamada";"Taller mecánico";"Inactivo";"Alta";"";"";"";"";"";""
"2044";"Convertido";"Automechanika 2026";"11/04/2026 13:46:35";"";"Combinación con Casa de Repuestos";"Activo";"Media";"";"";"";"";"";""
"2046";"Prospecto no útil";"Automechanika 2026";"11/04/2026 13:58:41";"";"Casa de Repuestos de Autos";"Inactivo";"Alta";"";"";"";"";"";""
"2048";"Prospecto inactivo";"Automechanika 2026";"11/04/2026 14:07:12";"No responde mensajes ni llamada";"Taller mecánico";"Inactivo";"Alta";"";"";"";"";"";""
"2050";"Prospecto inactivo";"Automechanika 2026";"11/04/2026 14:10:21";"No responde mensajes ni llamada";"Casa de Repuestos de Autos";"Inactivo";"Alta";"";"";"";"";"";""
"2052";"Prospecto inactivo";"Automechanika 2026";"11/04/2026 14:13:42";"No responde mensajes ni llamada";"Taller mecánico";"Inactivo";"Alta";"";"";"";"";"";""
"2054";"Prospecto no útil";"Automechanika 2026";"11/04/2026 14:13:57";"";"Distribuidora";"Inactivo";"Alta";"";"";"";"";"";""
"2056";"Prospecto inactivo";"Automechanika 2026";"11/04/2026 14:27:32";"Temas personales";"Taller mecánico";"Inactivo";"Alta";"Efectivo";"";"";"";"";""
"2058";"Prospecto inactivo";"Automechanika 2026";"11/04/2026 14:30:40";"No responde mensajes ni llamada";"A definir";"Inactivo";"Alta";"";"";"";"";"";""
"2060";"Prospecto inactivo";"Automechanika 2026";"11/04/2026 14:32:36";"No responde mensajes ni llamada";"Taller mecánico";"Inactivo";"Alta";"";"";"";"";"";""
"2062";"Prospecto inactivo";"Automechanika 2026";"11/04/2026 14:47:55";"No responde mensajes ni llamada";"Taller mecánico";"Inactivo";"Alta";"";"";"";"";"";""
"2064";"Prospecto inactivo";"Automechanika 2026";"11/04/2026 14:51:52";"No responde mensajes ni llamada";"Taller mecánico";"Inactivo";"Alta";"";"";"";"";"";""
"2066";"Prospecto inactivo";"Automechanika 2026";"11/04/2026 14:57:12";"No responde mensajes ni llamada";"Lubricentro";"Inactivo";"Alta";"";"";"";"";"";""
"2068";"Prospecto inactivo";"Automechanika 2026";"11/04/2026 14:58:19";"No responde mensajes ni llamada";"Taller mecánico";"Inactivo";"Alta";"";"";"";"";"";""
"2070";"Prospecto no útil";"Automechanika 2026";"11/04/2026 15:08:46";"";"Combinación con Casa de Repuestos";"Inactivo";"Alta";"";"";"";"";"";""
"2072";"Convertido";"Redes";"11/04/2026 15:08:59";"";"Casa de Repuestos de Autos";"Inactivo";"Media";"Efectivo";"";"";"";"";""
"2074";"Convertido";"Automechanika 2026";"11/04/2026 15:10:36";"";"Combinación con Casa de Repuestos";"Activo";"Alta";"";"";"";"";"";""
"2076";"Convertido";"Automechanika 2026";"11/04/2026 15:18:21";"";"Taller mecánico";"Activo";"Alta";"";"";"";"";"";""
"2078";"Prospecto no útil";"Automechanika 2026";"11/04/2026 15:25:36";"";"Taller mecánico";"Inactivo";"Alta";"";"";"";"";"";""
"2080";"Prospecto no útil";"Automechanika 2026";"11/04/2026 15:26:24";"";"Combinación con Casa de Repuestos";"Inactivo";"Alta";"";"";"";"";"";""
"2082";"Convertido";"Automechanika 2026";"11/04/2026 15:40:06";"";"Taller mecánico";"Activo";"Alta";"";"";"";"";"";""
"2084";"Prospecto inactivo";"Automechanika 2026";"11/04/2026 15:40:19";"Ya contrato otro sistema";"Taller mecánico";"Inactivo";"Alta";"Efectivo";"";"";"";"";""
"2086";"Prospecto no útil";"Automechanika 2026";"11/04/2026 15:44:54";"";"Taller mecánico";"Inactivo";"Alta";"";"";"";"";"";""
"2088";"Prospecto no útil";"Automechanika 2026";"11/04/2026 15:45:54";"";"Taller mecánico";"Inactivo";"Alta";"";"";"";"";"";""
"2090";"Prospecto no útil";"Automechanika 2026";"11/04/2026 15:49:17";"";"Taller mecánico";"Inactivo";"Alta";"";"";"";"";"";""
"2092";"Prospecto no útil";"Automechanika 2026";"11/04/2026 15:50:34";"";"Casa de Repuestos de Autos";"Inactivo";"Alta";"";"";"";"";"";""
"2098";"Prospecto no útil";"Automechanika 2026";"11/04/2026 16:23:54";"";"Taller mecánico";"Inactivo";"Alta";"";"";"";"";"";""
"2100";"Prospecto no útil";"Automechanika 2026";"11/04/2026 16:26:49";"";"Taller mecánico";"Inactivo";"Alta";"";"";"";"";"";""
"2102";"Prospecto no útil";"Automechanika 2026";"11/04/2026 16:31:18";"";"Taller mecánico";"Inactivo";"Alta";"";"";"";"";"";""
"2104";"Prospecto no útil";"Automechanika 2026";"11/04/2026 16:32:13";"No responde mensajes ni llamada";"Taller mecánico";"Inactivo";"";"";"";"";"";"";""
"2108";"Prospecto inactivo";"Automechanika 2026";"11/04/2026 16:58:45";"No responde mensajes ni llamada";"Taller mecánico";"Inactivo";"Alta";"";"";"";"";"";""
"2110";"Convertido";"Automechanika 2026";"11/04/2026 16:59:45";"";"Taller mecánico";"Activo";"Baja";"";"";"";"";"";""
"2114";"Prospecto no útil";"Automechanika 2026";"11/04/2026 17:03:55";"";"Taller mecánico";"Inactivo";"Alta";"";"";"";"";"";""
"2116";"Prospecto no útil";"Automechanika 2026";"11/04/2026 17:08:52";"No responde mensajes ni llamada";"Taller mecánico";"Inactivo";"Alta";"";"";"";"";"";""
"2118";"Prospecto no útil";"Automechanika 2026";"11/04/2026 17:10:07";"No responde mensajes ni llamada";"Taller mecánico";"Inactivo";"Alta";"";"";"";"";"";""
"2120";"Prospecto no útil";"Automechanika 2026";"11/04/2026 17:17:53";"No responde mensajes ni llamada";"Casa de Repuestos de Autos";"Inactivo";"Alta";"";"";"";"";"";""
"2126";"Convertido";"Automechanika 2026";"11/04/2026 18:25:39";"";"Combinación con Casa de Repuestos";"Activo";"Baja";"";"";"";"";"";""
"2128";"Prospecto no útil";"Automechanika 2026";"11/04/2026 18:29:33";"No responde mensajes ni llamada";"Taller mecánico";"Inactivo";"Alta";"";"";"";"";"";""
"2134";"Prospecto inactivo";"Meta Ads Formulario";"11/04/2026 23:55:03";"No responde mensajes ni llamada";"Casa de Repuestos de Autos";"Inactivo";"Media";"";"";"";"";"";""
"2136";"Prospecto inactivo";"Meta Ads Formulario";"12/04/2026 00:28:02";"No responde mensajes ni llamada";"Combinación con Casa de Repuestos";"Inactivo";"Media";"";"";"";"";"";""
"2138";"Prospecto no útil";"Meta Ads Formulario";"12/04/2026 00:31:12";"Ya contrato otro sistema";"A definir";"Activo";"Media";"";"";"";"";"";""
"2142";"Prospecto inactivo";"Meta Ads Formulario";"12/04/2026 03:55:57";"No responde mensajes ni llamada";"Lubricentro";"Inactivo";"Media";"";"";"";"";"";""
"2144";"Convertido";"Redes";"12/04/2026 05:48:55";"";"Combinación con Casa de Repuestos";"Activo";"Alta";"";"";"";"";"";""
"2146";"Prospecto inactivo";"Meta Ads Formulario";"12/04/2026 06:35:49";"";"Taller mecánico";"Inactivo";"Media";"";"";"";"";"";""
"2150";"Prospecto inactivo";"Meta Ads Formulario";"12/04/2026 09:45:14";"No responde mensajes ni llamada";"Casa de Repuestos de Motos";"Inactivo";"Media";"";"";"";"";"";""
"2156";"Prospecto no útil";"Meta Ads Formulario";"12/04/2026 12:46:46";"Apreto por error";"Casa de Repuestos de Autos";"Inactivo";"Media";"";"";"";"";"";""
"2158";"Prospecto no útil";"Meta Ads Formulario";"12/04/2026 13:23:12";"No quiere una suscripción mensual";"Casa de Repuestos de Autos";"Inactivo";"Media";"";"";"";"";"";""
"2164";"Convertido";"Meta Ads Formulario";"12/04/2026 16:59:24";"";"Casa de Repuestos de Autos";"Activo";"Alta";"";"";"";"";"";""
"2170";"Convertido";"Meta Ads Formulario";"12/04/2026 17:39:17";"";"Casa de Repuestos de Autos";"Activo";"Media";"";"";"";"";"";""
"2172";"Convertido";"Meta Ads Formulario";"12/04/2026 17:58:48";"";"Combinación con Casa de Repuestos";"Activo";"Alta";"";"";"";"";"";""
"2174";"Prospecto inactivo";"Meta Ads Formulario";"12/04/2026 19:58:45";"No responde mensajes ni llamada";"Casa de Repuestos de Autos";"Inactivo";"Media";"";"";"";"";"";""
"2176";"Prospecto no útil";"Meta Ads Formulario";"13/04/2026 01:05:37";"No tiene negocio, negocio de otro rubro";"A definir";"Activo";"Media";"";"";"";"";"";""
"2178";"Prospecto inactivo";"Meta Ads Formulario";"13/04/2026 08:25:28";"No responde mensajes ni llamada";"Casa de Repuestos de Autos";"Inactivo";"Media";"";"";"";"";"";""
"2180";"Convertido";"Meta Ads Formulario";"13/04/2026 09:47:01";"";"Casa de Repuestos de Autos";"Activo";"Media";"";"";"";"";"";""
"2182";"Convertido";"Redes";"13/04/2026 10:05:10";"";"Casa de Repuestos de Autos";"Activo";"Media";"";"";"";"";"";""
"2186";"Convertido";"Redes";"13/04/2026 11:16:03";"";"Combinación con Casa de Repuestos de motos";"Activo";"Alta";"";"";"";"";"";""
"2192";"Prospecto inactivo";"Redes";"13/04/2026 15:30:04";"No interesado por ahora";"A definir";"Inactivo";"Alta";"";"";"";"";"";""
"2194";"Prospecto inactivo";"Meta Ads Formulario";"13/04/2026 15:46:22";"No responde mensajes ni llamada";"Lubricentro";"Inactivo";"Media";"";"";"";"";"";""
"2196";"Prospecto inactivo";"Meta Ads Formulario";"13/04/2026 17:25:55";"atiende y corta";"Casa de Repuestos de Autos";"Inactivo";"Media";"";"";"";"";"";""
"2198";"Prospecto inactivo";"Redes";"13/04/2026 19:20:35";"No interesado por ahora";"Taller mecánico";"Inactivo";"Alta";"";"";"";"";"";""
"2200";"Prospecto inactivo";"Meta Ads Formulario";"13/04/2026 19:39:46";"";"Casa de Repuestos de Autos";"Inactivo";"Media";"";"";"";"";"";""
"2204";"Prospecto inactivo";"Meta Ads Formulario";"13/04/2026 21:58:22";"No responde mensajes ni llamada";"Casa de Repuestos de Autos";"Inactivo";"Media";"";"";"";"";"";""
"2208";"Convertido";"Meta Ads Formulario";"14/04/2026 11:40:43";"";"Casa de Repuestos de Motos";"Activo";"Media";"";"";"";"";"";""
"2214";"Convertido";"Meta Ads Formulario";"14/04/2026 17:30:41";"";"Baterias";"Activo";"Media";"";"";"";"";"";""
"2218";"Prospecto inactivo";"Meta Ads Formulario";"14/04/2026 19:28:22";"No responde mensajes ni llamada";"Taller mecánico";"Inactivo";"Media";"";"";"";"";"";""
"2220";"Convertido";"Meta Ads Formulario";"14/04/2026 21:02:43";"";"Combinación con Casa de Repuestos";"Activo";"Media";"";"";"";"";"";""
"2222";"Prospecto inactivo";"Meta Ads Formulario";"14/04/2026 21:08:29";"";"Lubricentro";"Inactivo";"Media";"";"";"";"";"";""
"2224";"Prospecto inactivo";"Meta Ads Formulario";"14/04/2026 22:22:20";"";"Casa de Repuestos de Autos";"Inactivo";"Media";"";"";"";"";"";""
"2228";"Convertido";"Meta Ads Formulario";"15/04/2026 00:55:57";"";"Casa de Repuestos de Autos";"Activo";"Alta";"";"";"";"";"";""
"2230";"Prospecto no útil";"Meta Ads Formulario";"15/04/2026 04:43:01";"No tiene negocio, negocio de otro rubro";"A definir";"Activo";"Media";"";"";"";"";"";""
"2232";"Prospecto inactivo";"Meta Ads Formulario";"15/04/2026 07:29:27";"";"Casa de Repuestos de Autos";"Inactivo";"Media";"";"";"";"";"";""
"2234";"Convertido";"Meta Ads Formulario";"15/04/2026 07:55:23";"";"Casa de Repuestos de Autos";"Activo";"Alta";"";"";"";"";"";""
"2238";"Prospecto inactivo";"Meta Ads";"15/04/2026 09:34:18";"No responde mensajes ni llamada";"Combinación sin Casa de Repuestos";"Inactivo";"";"";"";"";"";"";""
"2246";"Prospecto inactivo";"Meta Ads Formulario";"15/04/2026 19:55:46";"No responde mensajes ni llamada";"Taller mecánico";"Inactivo";"Media";"";"";"";"";"";""
"2248";"Prospecto inactivo";"Meta Ads Formulario";"15/04/2026 20:43:46";"No responde mensajes ni llamada";"Casa de Repuestos de Autos";"Inactivo";"Media";"";"";"";"";"";""
"2250";"Prospecto inactivo";"Meta Ads Formulario";"15/04/2026 23:04:26";"No responde mensajes ni llamada";"Casa de Repuestos de Pesados";"Inactivo";"Media";"";"";"";"";"";""
"2254";"Convertido";"Meta Ads Formulario";"16/04/2026 07:35:45";"";"Baterias";"Activo";"Baja";"";"";"";"";"";""
"2256";"Prospecto inactivo";"Meta Ads Formulario";"16/04/2026 08:05:46";"No responde mensajes ni llamada";"Combinación con Casa de Repuestos";"Inactivo";"Media";"";"";"";"";"";""
"2258";"Prospecto no útil";"Meta Ads Formulario";"16/04/2026 08:49:14";"Ya contrato otro sistema";"Casa de Repuestos de Autos";"Inactivo";"Media";"";"";"";"";"";""
"2262";"Prospecto inactivo";"Meta Ads Formulario";"16/04/2026 11:47:58";"No responde mensajes ni llamada";"Casa de Repuestos de Autos";"Inactivo";"Media";"";"";"";"";"";""
"2268";"Prospecto inactivo";"Meta Ads Formulario";"16/04/2026 14:24:13";"";"Casa de Repuestos de Motos";"Inactivo";"Media";"";"";"";"";"";""
"2270";"Prospecto inactivo";"Meta Ads Formulario";"16/04/2026 17:53:14";"atiende y corta";"Casa de Repuestos de Autos";"Inactivo";"Media";"";"";"";"";"";""
"2272";"Convertido";"Redes";"16/04/2026 19:53:07";"";"Combinación con Casa de Repuestos";"Activo";"Alta";"";"";"";"";"";""
"2276";"Prospecto inactivo";"Meta Ads Formulario";"16/04/2026 20:52:00";"No responde mensajes ni llamada";"Casa de Repuestos de Autos";"Inactivo";"Media";"";"";"";"";"";""
"2278";"Convertido";"Meta Ads Formulario";"16/04/2026 21:31:11";"";"Casa de Repuestos de Autos";"Activo";"Media";"";"";"";"";"";""
"2280";"Convertido";"Meta Ads Formulario";"16/04/2026 22:13:49";"";"Combinación con Casa de Repuestos";"Activo";"Media";"";"";"";"";"";""
"2282";"Convertido";"Meta Ads Formulario";"16/04/2026 23:00:43";"";"Combinación con Casa de Repuestos";"Activo";"Media";"";"";"";"";"";""
"2284";"Convertido";"Redes";"17/04/2026 00:47:14";"No responde mensajes ni llamada";"Casa de Repuestos de Autos";"Inactivo";"Media";"";"";"";"";"";""
"2286";"Prospecto no útil";"Meta Ads Formulario";"17/04/2026 02:53:37";"No quiere una suscripción mensual";"Casa de Repuestos de Autos";"Activo";"Media";"";"";"";"";"";""
"2288";"Prospecto inactivo";"Meta Ads Formulario";"17/04/2026 04:58:49";"No responde mensajes ni llamada";"Casa de Repuestos de Autos";"Inactivo";"Media";"";"";"";"";"";""
"2290";"Prospecto inactivo";"Meta Ads Formulario";"17/04/2026 07:23:09";"No responde mensajes ni llamada";"Lubricentro";"Inactivo";"Media";"";"";"";"";"";""
"2296";"Prospecto inactivo";"Meta Ads Formulario";"17/04/2026 22:09:23";"No responde mensajes ni llamada";"Taller mecánico";"Inactivo";"Media";"";"";"";"";"";""
"2298";"Convertido";"Meta Ads Formulario";"17/04/2026 22:56:32";"";"Casa de Repuestos de Autos";"Activo";"Media";"";"";"";"";"";""
"2300";"Prospecto inactivo";"Meta Ads Formulario";"17/04/2026 23:42:20";"";"Taller mecánico";"Inactivo";"Media";"";"";"";"";"";""
"2302";"Prospecto no útil";"Meta Ads Formulario";"18/04/2026 00:42:47";"Temas personales";"Casa de Repuestos de Autos";"Inactivo";"Media";"";"";"";"";"";""
"2306";"Prospecto inactivo";"Meta Ads Formulario";"18/04/2026 13:21:15";"No responde mensajes ni llamada";"Casa de Repuestos de Motos";"Inactivo";"Media";"";"";"";"";"";""
"2308";"Prospecto inactivo";"Meta Ads Formulario";"18/04/2026 17:09:33";"No responde mensajes ni llamada";"Casa de Repuestos de Autos";"Inactivo";"Media";"";"";"";"";"";""
"2309";"Prospecto no útil";"Meta Ads Formulario";"19/04/2026 07:27:24";"No tiene negocio, negocio de otro rubro";"Taller mecánico";"Inactivo";"Media";"";"";"";"";"";""
"2310";"Convertido";"Meta Ads Formulario";"19/04/2026 11:20:36";"";"Casa de Repuestos de Autos";"Activo";"Media";"";"";"";"";"";""
"2314";"Convertido";"Meta Ads Formulario";"19/04/2026 22:35:16";"";"Casa de Repuestos de Motos";"Activo";"Media";"";"";"";"";"";""
"2316";"Prospecto no útil";"Meta Ads Formulario";"19/04/2026 23:17:09";"Ya contrato otro sistema";"Casa de Repuestos de Autos";"Inactivo";"Media";"";"";"";"";"";""
"2318";"Prospecto inactivo";"Meta Ads Formulario";"19/04/2026 23:18:26";"No responde mensajes ni llamada";"Casa de Repuestos de Autos";"Inactivo";"Media";"";"";"";"";"";""
"2320";"Prospecto no útil";"Meta Ads Formulario";"20/04/2026 00:15:01";"No tiene negocio, negocio de otro rubro";"A definir";"Inactivo";"Media";"";"";"";"";"";""
"2322";"Convertido";"Meta Ads Formulario";"20/04/2026 00:47:22";"";"Casa de Repuestos de Motos";"Activo";"Media";"";"";"";"";"";""
"2324";"Convertido";"Meta Ads Formulario";"20/04/2026 00:52:07";"";"Combinación con Casa de Repuestos";"Activo";"Media";"";"";"";"";"";""
"2328";"Convertido";"Redes";"20/04/2026 09:47:05";"";"Combinación con Casa de Repuestos";"Activo";"Alta";"";"";"";"";"";""
"2332";"Prospecto inactivo";"Redes";"20/04/2026 10:39:02";"";"A definir";"Inactivo";"Alta";"";"";"";"";"";""
"2334";"Convertido";"Redes";"20/04/2026 11:36:31";"";"Casa de Repuestos de Autos";"Activo";"Alta";"";"";"";"";"";""
"2336";"Convertido";"Meta Ads Formulario";"20/04/2026 12:56:03";"";"Combinación con Casa de Repuestos";"Activo";"Media";"";"";"";"";"";""
"2338";"Convertido";"Redes";"20/04/2026 13:32:45";"";"Combinación sin Casa de Repuestos";"Activo";"Media";"";"";"";"";"";""
"2346";"Prospecto inactivo";"Visita Presencial - Córdoba - 2026";"20/04/2026 14:49:26";"No interesado por ahora";"Taller mecánico";"Inactivo";"";"No efectivo";"";"";"";"";""
"2354";"Prospecto no útil";"Meta Ads Formulario";"20/04/2026 16:50:01";"Buscaba compras productos";"Lubricentro";"Activo";"Media";"";"";"";"";"";""
"2358";"Prospecto inactivo";"Meta Ads Formulario";"20/04/2026 19:40:32";"Prefieren retomar el contacto en otro momento";"A definir";"Activo";"Media";"";"";"";"";"";""
"2362";"Prospecto inactivo";"Meta Ads Formulario";"20/04/2026 23:36:54";"No tiene negocio, negocio de otro rubro";"A definir";"Inactivo";"Media";"";"";"";"";"";""
"2364";"Convertido";"Automechanika 2026";"21/04/2026 00:03:44";"";"Taller mecánico";"Activo";"Media";"";"";"";"";"";""
"2392";"Prospecto inactivo";"Meta Ads";"21/04/2026 12:08:21";"";"Taller mecánico";"Inactivo";"";"";"";"";"";"";""
"2394";"Prospecto inactivo";"Redes";"21/04/2026 12:49:00";"";"Taller mecánico";"Activo";"Alta";"";"";"";"";"";""
"2398";"Prospecto inactivo";"Meta Ads Formulario";"21/04/2026 13:46:19";"No responde mensajes ni llamada";"Combinación con Casa de Repuestos de motos";"Inactivo";"Media";"";"";"";"";"";""
"2400";"Prospecto no útil";"Redes";"21/04/2026 14:34:11";"No tiene negocio, negocio de otro rubro";"A definir";"Activo";"Alta";"";"";"";"";"";""
"2402";"Convertido";"Redes";"21/04/2026 15:08:24";"";"Casa de Repuestos de Motos";"Activo";"Media";"";"";"";"";"";""
"2406";"Convertido";"Redes";"21/04/2026 21:03:04";"";"Casa de Repuestos de Autos";"Activo";"Alta";"";"";"";"";"";""
"2408";"Convertido";"Meta Ads Formulario";"21/04/2026 22:24:04";"";"Combinación con Casa de Repuestos";"Activo";"Media";"";"";"";"";"";""
"2410";"Convertido";"Meta Ads Formulario";"21/04/2026 22:51:19";"";"Casa de Repuestos de Autos";"Activo";"Media";"";"";"";"";"";""
"2412";"Prospecto inactivo";"Meta Ads Formulario";"21/04/2026 23:01:20";"";"Lubricentro";"Inactivo";"Media";"";"";"";"";"";""
"2414";"Convertido";"Meta Ads Formulario";"22/04/2026 00:01:55";"";"Autopartes";"Activo";"Media";"";"";"";"";"";""
"2416";"Prospecto inactivo";"Meta Ads Formulario";"22/04/2026 00:07:03";"";"Taller mecánico";"Inactivo";"Media";"";"";"";"";"";""
"2418";"Convertido";"Meta Ads Formulario";"22/04/2026 01:03:42";"";"Casa de Repuestos de Autos";"Activo";"Media";"";"";"";"";"";""
"2420";"Convertido";"Meta Ads Formulario";"22/04/2026 07:11:17";"";"Casa de Repuestos de Autos";"Inactivo";"Media";"";"";"";"";"";""
"2422";"Convertido";"Meta Ads Formulario";"22/04/2026 07:28:42";"";"Casa de Repuestos de Autos";"Activo";"Media";"";"";"";"";"";""
"2424";"Convertido";"Meta Ads Formulario";"22/04/2026 08:44:07";"";"Casa de Repuestos de Autos";"Activo";"Media";"";"";"";"";"";""
"2426";"Prospecto inactivo";"Meta Ads Formulario";"22/04/2026 08:48:46";"No interesado por ahora";"Casa de Repuestos de Autos";"Activo";"Media";"";"";"";"";"";""
"2428";"Convertido";"Meta Ads Formulario";"22/04/2026 09:04:30";"";"Casa de Repuestos de Autos";"Activo";"Media";"";"";"";"";"";""
"2430";"Convertido";"Redes";"22/04/2026 09:06:50";"";"Combinación con Casa de Repuestos";"Activo";"Media";"";"";"";"";"";""
"2432";"Prospecto inactivo";"Redes";"22/04/2026 09:51:54";"No responde mensajes ni llamada";"Combinación con Casa de Repuestos";"Inactivo";"Alta";"";"";"";"";"";""
"2436";"Prospecto inactivo";"Meta Ads Formulario";"22/04/2026 10:16:30";"No responde mensajes ni llamada";"Casa de Repuestos de Autos";"Inactivo";"Media";"";"";"";"";"";""
"2442";"Prospecto inactivo";"Meta Ads Formulario";"22/04/2026 16:48:55";"Prefieren retomar el contacto en otro momento";"Casa de Repuestos de Motos";"Inactivo";"Media";"";"";"";"";"";""
"2446";"Convertido";"Meta Ads Formulario";"22/04/2026 20:15:26";"";"Casa de Repuestos de Autos";"Activo";"Alta";"";"";"";"";"";""
"2448";"Prospecto no útil";"Meta Ads Formulario";"22/04/2026 21:07:10";"Datos incorrectos o contacto inexistente";"Casa de Repuestos de Autos";"Inactivo";"Media";"";"";"";"";"";""
"2450";"Prospecto inactivo";"Meta Ads Formulario";"22/04/2026 22:16:29";"No responde mensajes ni llamada";"Casa de Repuestos de Autos";"Inactivo";"Media";"";"";"";"";"";""
"2452";"Convertido";"Meta Ads Formulario";"22/04/2026 22:24:18";"";"Casa de Repuestos de Autos";"Activo";"Media";"";"";"";"";"";""
"2454";"Prospecto inactivo";"Meta Ads Formulario";"22/04/2026 23:58:08";"atiende y corta";"Casa de Repuestos de Autos";"Inactivo";"Media";"";"";"";"";"";""
"2456";"Prospecto inactivo";"Meta Ads Formulario";"23/04/2026 00:57:11";"No responde mensajes ni llamada";"Casa de Repuestos de Autos";"Inactivo";"Media";"";"";"";"";"";""
"2458";"Prospecto inactivo";"Meta Ads Formulario";"23/04/2026 02:17:46";"";"Lubricentro";"Inactivo";"Media";"";"";"";"";"";""
"2460";"Convertido";"Meta Ads Formulario";"23/04/2026 07:58:52";"";"Combinación con Casa de Repuestos";"Activo";"Media";"";"";"";"";"";""
"2462";"Convertido";"Meta Ads Formulario";"23/04/2026 08:09:20";"";"Distribuidora";"Activo";"Alta";"";"";"";"";"";""
"2476";"Prospecto inactivo";"Meta Ads";"23/04/2026 14:51:38";"";"Combinación con Casa de Repuestos";"Activo";"";"";"";"";"";"";""
"2478";"Convertido";"Meta Ads Formulario";"23/04/2026 17:29:57";"";"Combinación con Casa de Repuestos";"Activo";"Media";"";"";"";"";"";""
"2480";"Prospecto inactivo";"Meta Ads Formulario";"23/04/2026 21:34:50";"No responde mensajes ni llamada";"Casa de Repuestos de Autos";"Inactivo";"Media";"";"";"";"";"";""
"2484";"Convertido";"Meta Ads Formulario";"23/04/2026 22:50:23";"";"Casa de Repuestos de Agrícolas";"Activo";"Baja";"";"";"";"";"";""
"2490";"Convertido";"Meta Ads Formulario";"24/04/2026 07:17:38";"";"Casa de Repuestos de Autos";"Activo";"Media";"";"";"";"";"";""
"2492";"Prospecto no útil";"Meta Ads Formulario";"24/04/2026 14:24:03";"Datos incorrectos o contacto inexistente";"Casa de Repuestos de Autos";"Activo";"Media";"";"";"";"";"";""
"2494";"Prospecto inactivo";"Redes";"24/04/2026 14:37:19";"";"Casa de Repuestos de Autos";"Inactivo";"Alta";"";"";"";"";"";""
"2498";"Prospecto inactivo";"Meta Ads Formulario";"24/04/2026 22:23:25";"No responde mensajes ni llamada";"Casa de Repuestos de Autos";"Inactivo";"Media";"";"";"";"";"";""
"2502";"Prospecto inactivo";"Meta Ads Formulario";"25/04/2026 00:07:41";"No responde mensajes ni llamada";"Casa de Repuestos de Autos";"Inactivo";"Media";"";"";"";"";"";""
"2504";"Prospecto no útil";"Meta Ads Formulario";"25/04/2026 07:16:02";"";"Casa de Repuestos de Autos";"Activo";"Media";"";"";"";"";"";""
"2508";"Convertido";"Meta Ads Formulario";"25/04/2026 08:03:35";"";"Casa de Repuestos de Autos";"Activo";"Alta";"";"";"";"";"";""
"2510";"Prospecto inactivo";"Meta Ads Formulario";"25/04/2026 08:55:16";"";"Casa de Repuestos de Autos";"Inactivo";"Media";"";"";"";"";"";""
"2512";"Prospecto no útil";"Meta Ads Formulario";"25/04/2026 12:59:00";"No tiene negocio, negocio de otro rubro";"Taller mecánico";"Activo";"Media";"";"";"";"";"";""
"2514";"Prospecto inactivo";"Meta Ads Formulario";"25/04/2026 14:16:21";"";"Casa de Repuestos de Autos";"Inactivo";"Media";"";"";"";"";"";""
"2520";"Convertido";"Meta Ads Formulario";"25/04/2026 14:54:46";"";"Casa de Repuestos de Motos";"Activo";"Media";"";"";"";"";"";""
"2524";"Convertido";"Meta Ads Formulario";"25/04/2026 17:04:04";"";"Combinación con Casa de Repuestos";"Activo";"Baja";"";"";"";"";"";""
"2526";"Convertido";"Meta Ads Formulario";"25/04/2026 18:21:47";"";"Casa de Repuestos de Autos";"Activo";"Baja";"";"";"";"";"";""
"2528";"Prospecto no útil";"Meta Ads Formulario";"25/04/2026 18:21:51";"Buscaba compras productos";"A definir";"Activo";"Media";"";"";"";"";"";""
"2530";"Prospecto inactivo";"Meta Ads Formulario";"25/04/2026 21:11:33";"No responde mensajes ni llamada";"Casa de Repuestos de Autos";"Inactivo";"Media";"";"";"";"";"";""
"2532";"Convertido";"Meta Ads Formulario";"25/04/2026 23:36:47";"";"Casa de Repuestos de Autos";"Activo";"Baja";"";"";"";"";"";""
"2534";"Prospecto inactivo";"Meta Ads Formulario";"26/04/2026 00:13:26";"No responde mensajes ni llamada";"Casa de Repuestos de Motos";"Inactivo";"Media";"";"";"";"";"";""
"2536";"Convertido";"Meta Ads Formulario";"26/04/2026 01:02:54";"";"Casa de Repuestos de Autos";"Activo";"Baja";"";"";"";"";"";""
"2538";"Convertido";"Meta Ads Formulario";"26/04/2026 11:36:28";"";"Casa de Repuestos de Autos";"Activo";"Baja";"";"";"";"";"";""
"2540";"Prospecto no útil";"Meta Ads Formulario";"26/04/2026 19:19:01";"Buscaba compras productos";"Casa de Repuestos de Autos";"Activo";"Media";"";"";"";"";"";""
"2544";"Prospecto inactivo";"Meta Ads Formulario";"27/04/2026 00:50:22";"No responde mensajes ni llamada";"Casa de Repuestos de Autos";"Inactivo";"Media";"";"";"";"";"";""
"2546";"Prospecto no útil";"Meta Ads Formulario";"27/04/2026 08:08:57";"Buscaba otra cosa";"Casa de Repuestos de Autos";"Inactivo";"Media";"";"";"";"";"";""
"2548";"Convertido";"Meta Ads Formulario";"27/04/2026 09:34:04";"";"Casa de Repuestos de Autos";"Activo";"Baja";"";"";"";"";"";""
"2550";"Convertido";"Meta Ads Formulario";"27/04/2026 10:46:10";"";"Casa de Repuestos de Motos";"Activo";"Media";"";"";"";"";"";""
"2560";"Convertido";"Meta Ads Formulario";"27/04/2026 20:36:17";"";"Casa de Repuestos de Autos";"Activo";"Media";"";"";"";"";"";""
"2562";"Prospecto no útil";"Meta Ads Formulario";"28/04/2026 06:07:20";"Ya contrato otro sistema";"Taller mecánico";"Inactivo";"Media";"";"";"";"";"";""
"2568";"Prospecto inactivo";"Meta Ads Formulario";"28/04/2026 09:59:13";"";"Combinación sin Casa de Repuestos";"Inactivo";"Media";"";"";"";"";"";""
"2572";"Convertido";"Redes";"28/04/2026 11:33:13";"";"Combinación con Casa de Repuestos";"Activo";"Media";"";"";"";"";"";""
"2574";"Convertido";"Meta Ads Formulario";"28/04/2026 12:30:54";"";"Casa de Repuestos de Autos";"Activo";"Media";"";"";"";"";"";""
"2576";"Convertido";"Meta Ads Formulario";"28/04/2026 13:27:11";"";"Casa de Repuestos de Autos";"Activo";"Media";"";"";"";"";"";""
"2580";"Prospecto no útil";"Meta Ads Formulario";"28/04/2026 15:49:21";"Buscaba otra cosa";"Casa de Repuestos de Motos";"Activo";"Media";"";"";"";"";"";""
"2582";"Prospecto no útil";"Meta Ads Formulario";"28/04/2026 18:54:45";"No responde mensajes ni llamada";"Casa de Repuestos de Autos";"Activo";"Media";"";"";"";"";"";""
"2584";"Prospecto inactivo";"Meta Ads Formulario";"28/04/2026 21:20:48";"No responde mensajes ni llamada";"Casa de Repuestos de Autos";"Inactivo";"Media";"";"";"";"";"";""
"2586";"Prospecto inactivo";"Meta Ads Formulario";"28/04/2026 21:26:19";"Indican que lo evaluarán más adelante";"Autopartes";"Inactivo";"Media";"";"";"";"";"";""
"2588";"Prospecto inactivo";"Redes";"29/04/2026 00:38:13";"";"Taller mecánico";"Inactivo";"Alta";"";"";"";"";"";""
"2590";"Convertido";"Meta Ads Formulario";"29/04/2026 07:52:41";"";"Casa de Repuestos de Motos";"Activo";"Media";"";"";"";"";"";""
"2592";"Prospecto inactivo";"Meta Ads Formulario";"29/04/2026 08:32:56";"No responde mensajes ni llamada";"concesionario";"Inactivo";"Media";"";"";"";"";"";""
"2594";"Convertido";"Meta Ads Formulario";"29/04/2026 10:20:13";"";"Casa de Repuestos de Autos";"Activo";"Media";"";"";"";"";"";""
"2596";"Prospecto inactivo";"Meta Ads Formulario";"29/04/2026 11:28:40";"";"Taller mecánico";"Inactivo";"Media";"";"";"";"";"";""
"2598";"Convertido";"Redes";"29/04/2026 18:08:57";"";"Casa de Repuestos de Autos";"Activo";"Media";"";"";"";"";"";""
"2600";"Convertido";"Redes";"29/04/2026 19:18:23";"";"Casa de Repuestos de Autos";"Activo";"Alta";"";"";"";"";"";""
"2602";"Convertido";"Meta Ads Formulario";"29/04/2026 19:47:34";"";"Casa de Repuestos de Autos";"Activo";"Media";"";"";"";"";"";""
"2604";"Convertido";"Meta Ads Formulario";"29/04/2026 23:02:09";"";"Combinación con Casa de Repuestos";"Activo";"Alta";"";"";"";"";"";""
"2606";"Prospecto no útil";"Meta Ads Formulario";"30/04/2026 00:31:56";"No tiene negocio, negocio de otro rubro";"A definir";"Activo";"Media";"";"";"";"";"";""
"2612";"Convertido";"Redes";"30/04/2026 09:12:45";"";"Autopartes";"Activo";"Media";"";"";"";"";"";""
"2618";"Convertido";"Meta Ads";"30/04/2026 13:39:59";"";"Casa de Repuestos de Autos";"Activo";"Media";"";"";"";"";"";""
"2620";"Convertido";"Redes";"30/04/2026 14:06:44";"";"Combinación con Casa de Repuestos";"Activo";"Alta";"";"";"";"";"";""
"2622";"Prospecto inactivo";"Meta Ads Formulario";"30/04/2026 19:02:10";"Buscaba otra cosa";"A definir";"Inactivo";"Media";"Efectivo";"";"";"";"";""
"2624";"Convertido";"Meta Ads Formulario";"30/04/2026 20:52:04";"";"Casa de Repuestos de Autos";"Activo";"Baja";"";"";"";"";"";""
"2630";"Convertido";"Meta Ads Formulario";"01/05/2026 20:36:11";"";"Casa de Repuestos de Autos";"Activo";"Media";"";"";"";"";"";""
"2632";"Prospecto inactivo";"Meta Ads Formulario";"01/05/2026 22:24:07";"";"Casa de Repuestos de Autos";"Activo";"Media";"";"";"";"";"";""
"2634";"Prospecto no útil";"Meta Ads Formulario";"01/05/2026 23:35:08";"(opcion eliminada: 1164)";"Casa de Repuestos de Autos";"Activo";"Media";"";"";"";"";"";""
"2638";"Convertido";"Meta Ads Formulario";"02/05/2026 18:14:28";"";"Casa de Repuestos de Autos";"Activo";"Media";"";"";"";"";"";""
"2640";"Prospecto no útil";"Meta Ads Formulario";"02/05/2026 23:23:09";"Ya contrato otro sistema";"Casa de Repuestos de Autos";"Inactivo";"Media";"";"";"";"";"";""
"2642";"Convertido";"Meta Ads Formulario";"02/05/2026 23:39:33";"";"Casa de Repuestos de Autos";"Activo";"Media";"";"";"";"";"";""
"2646";"Prospecto inactivo";"Meta Ads Formulario";"03/05/2026 09:51:24";"Buscaba que tengamos desarrollo IA";"Casa de Repuestos de Autos";"Inactivo";"Media";"";"";"";"";"";""
"2648";"Convertido";"Redes";"03/05/2026 10:41:04";"";"Combinación con Casa de Repuestos de motos";"Activo";"Media";"";"";"";"";"";""
"2650";"Prospecto inactivo";"Meta Ads Formulario";"03/05/2026 12:21:20";"No interesado por ahora";"Casa de Repuestos de Autos";"Inactivo";"Media";"";"";"";"";"";""
"2652";"Convertido";"Meta Ads Formulario";"03/05/2026 14:50:12";"";"Combinación con Casa de Repuestos";"Activo";"Media";"";"";"";"";"";""
"2656";"Convertido";"Redes";"03/05/2026 23:01:45";"";"Casa de Repuestos de Autos";"Activo";"Alta";"";"";"";"";"";""
"2658";"Convertido";"Redes";"03/05/2026 23:38:57";"";"";"Activo";"Alta";"";"";"";"";"";""
"2660";"Prospecto inactivo";"Meta Ads Formulario";"04/05/2026 07:11:03";"Prefieren retomar el contacto en otro momento";"Taller mecánico";"Activo";"Media";"Efectivo";"";"";"";"";""
"2664";"Convertido";"Meta Ads Formulario";"04/05/2026 08:52:09";"";"Casa de Repuestos de Motos";"Activo";"Media";"";"";"";"";"";""
"2666";"Prospecto inactivo";"Meta Ads Formulario";"04/05/2026 11:28:00";"";"Casa de Repuestos de Motos";"Inactivo";"Media";"";"";"";"";"";""
"2670";"Prospecto inactivo";"Meta Ads Formulario";"04/05/2026 14:39:00";"";"Taller mecánico";"Inactivo";"Media";"";"";"";"";"";""
"2674";"Prospecto inactivo";"Meta Ads Formulario";"04/05/2026 18:12:00";"Prefieren retomar el contacto en otro momento";"Combinación sin Casa de Repuestos";"Activo";"Media";"";"";"";"";"";""
"2676";"Prospecto inactivo";"Meta Ads Formulario";"04/05/2026 19:33:47";"No responde mensajes ni llamada";"Casa de Repuestos de Autos";"Inactivo";"Media";"";"";"";"";"";""
"2678";"Convertido";"Meta Ads Formulario";"04/05/2026 20:24:54";"";"Casa de Repuestos de Autos";"Activo";"Baja";"";"";"";"";"";""
"2680";"Convertido";"Meta Ads Formulario";"04/05/2026 21:36:28";"";"Casa de Repuestos de Autos";"Activo";"Media";"";"";"";"";"";""
"2682";"Convertido";"Meta Ads Formulario";"04/05/2026 21:49:44";"";"Casa de Repuestos de Autos";"Activo";"Media";"";"";"";"";"";""
"2684";"Convertido";"Meta Ads Formulario";"04/05/2026 22:07:44";"";"Casa de Repuestos de Autos";"Activo";"Media";"";"";"";"";"";""
"2686";"Convertido";"Redes";"04/05/2026 22:35:58";"";"Casa de Repuestos de Autos";"Activo";"Alta";"";"";"";"";"";""
"2688";"Prospecto inactivo";"Meta Ads Formulario";"04/05/2026 22:37:33";"No responde mensajes ni llamada";"Casa de Repuestos de Autos";"Inactivo";"Media";"";"";"";"";"";""
"2690";"Prospecto inactivo";"Meta Ads Formulario";"05/05/2026 07:11:18";"No responde mensajes ni llamada";"Casa de Repuestos de Autos";"Inactivo";"Media";"";"";"";"";"";""
"2692";"Convertido";"Meta Ads Formulario";"05/05/2026 07:28:20";"";"Combinación con Casa de Repuestos";"Activo";"Media";"";"";"";"";"";""
"2694";"Convertido";"Meta Ads Formulario";"05/05/2026 08:58:36";"";"Casa de Repuestos de Autos";"Activo";"Media";"";"";"";"";"";""
"2696";"Prospecto inactivo";"Meta Ads Formulario";"05/05/2026 10:12:55";"";"Lubricentro";"Inactivo";"Media";"";"";"";"";"";""
"2718";"Convertido";"Meta Ads Formulario";"05/05/2026 13:57:59";"";"Casa de Repuestos de Autos";"Activo";"Media";"";"";"";"";"";""
"2720";"Convertido";"Meta Ads Formulario";"05/05/2026 15:42:49";"";"Casa de Repuestos de Motos";"Activo";"Baja";"";"";"";"";"";""
"2724";"Convertido";"Meta Ads Formulario";"05/05/2026 17:19:31";"";"Casa de Repuestos de Autos";"Activo";"Media";"";"";"";"";"";""
"2726";"Convertido";"Meta Ads Formulario";"05/05/2026 19:06:04";"";"Casa de Repuestos de Autos";"Activo";"Baja";"";"";"";"";"";""
"2730";"Prospecto inactivo";"Redes";"05/05/2026 22:57:53";"No responde mensajes ni llamada";"A definir";"Inactivo";"Alta";"";"";"";"";"";""
"2732";"Prospecto inactivo";"Meta Ads Formulario";"05/05/2026 22:59:27";"";"Taller mecánico";"Inactivo";"Media";"";"";"";"";"";""
"2734";"Prospecto inactivo";"Meta Ads Formulario";"05/05/2026 23:46:37";"";"Taller mecánico";"Inactivo";"Media";"";"";"";"";"";""
"2736";"Prospecto inactivo";"Meta Ads Formulario";"06/05/2026 00:01:28";"No responde mensajes ni llamada";"Casa de Repuestos de Autos";"Inactivo";"Media";"";"";"";"";"";""
"2740";"Convertido";"Meta Ads Formulario";"06/05/2026 06:48:14";"";"Casa de Repuestos de Autos";"Activo";"Baja";"";"";"";"";"";""
"2742";"Convertido";"Meta Ads Formulario";"06/05/2026 07:06:13";"";"Casa de Repuestos de Autos";"Activo";"Baja";"";"";"";"";"";""
"2744";"Convertido";"Meta Ads Formulario";"06/05/2026 07:23:17";"";"Casa de Repuestos de Autos";"Activo";"Media";"";"";"";"";"";""
"2750";"Convertido";"Meta Ads Formulario";"06/05/2026 14:29:23";"";"Casa de Repuestos de Autos";"Activo";"Media";"";"";"";"";"";""
"2754";"Convertido";"Meta Ads Formulario";"06/05/2026 17:58:53";"";"Casa de Repuestos de Motos";"Activo";"Media";"";"";"";"";"";""
"2756";"Convertido";"Redes";"06/05/2026 20:16:11";"";"Combinación con Casa de Repuestos de motos";"Activo";"Media";"";"";"";"";"";""
"2758";"Prospecto inactivo";"Meta Ads Formulario";"06/05/2026 23:15:48";"No responde mensajes ni llamada";"Taller mecánico";"Inactivo";"Media";"";"";"";"";"";""
"2760";"Convertido";"Meta Ads Formulario";"07/05/2026 04:27:33";"";"Combinación con Casa de Repuestos";"Activo";"Media";"";"";"";"";"";""
"2762";"Convertido";"Redes";"07/05/2026 11:51:22";"";"Combinación con Casa de Repuestos";"Activo";"Media";"";"";"";"";"";""
"2764";"Convertido";"Redes";"07/05/2026 17:55:01";"";"Casa de Repuestos de Pesados";"Activo";"Alta";"";"";"";"";"";""
"2766";"Convertido";"Meta Ads Formulario";"08/05/2026 09:32:11";"";"Casa de Repuestos de Autos";"Activo";"Media";"";"";"";"";"";""
"2768";"Prospecto inactivo";"Automechanika 2026";"08/05/2026 09:54:23";"No interesado por ahora";"Combinación sin Casa de Repuestos";"Activo";"";"";"";"";"";"";""
"2770";"Convertido";"Meta Ads";"08/05/2026 15:23:58";"";"Casa de Repuestos de Motos";"Activo";"Media";"";"";"";"";"";""
"2772";"Prospecto inactivo";"Meta Ads";"08/05/2026 15:27:54";"Indican que lo evaluarán más adelante";"Combinación con Casa de Repuestos";"Activo";"Media";"";"";"";"";"";""
"2776";"Convertido";"Meta Ads Formulario";"08/05/2026 21:49:54";"";"Casa de Repuestos de Autos";"Activo";"Media";"";"";"";"";"";""
"2780";"Convertido";"Meta Ads Formulario";"09/05/2026 16:42:38";"";"Casa de Repuestos de Autos";"Activo";"Baja";"";"";"";"";"";""
"2782";"Convertido";"Meta Ads Formulario";"09/05/2026 23:22:15";"";"Combinación con Casa de Repuestos";"Activo";"Alta";"";"";"";"";"";""
"2784";"Convertido";"Meta Ads Formulario";"10/05/2026 08:59:48";"";"Combinación con Casa de Repuestos";"Activo";"Alta";"";"";"";"";"";""
"2786";"Convertido";"Meta Ads Formulario";"10/05/2026 09:42:07";"";"Casa de Repuestos de Autos";"Activo";"Media";"";"";"";"";"";""
"2788";"Prospecto no útil";"Redes";"10/05/2026 14:35:55";"(opcion eliminada: 1162)";"";"Inactivo";"Baja";"";"";"";"";"";""
"2790";"Prospecto no útil";"Meta Ads Formulario";"10/05/2026 18:30:00";"Buscaba otra cosa";"Casa de Repuestos de Autos";"Inactivo";"Media";"";"";"";"";"";""
"2794";"Prospecto inactivo";"Meta Ads Formulario";"10/05/2026 21:39:54";"No responde mensajes ni llamada";"Casa de Repuestos de Autos";"Inactivo";"Media";"";"";"";"";"";""
"2796";"Convertido";"Redes";"10/05/2026 22:12:18";"";"Combinación con Casa de Repuestos";"Activo";"Alta";"";"";"";"";"";""
"2798";"Convertido";"Meta Ads Formulario";"10/05/2026 23:05:45";"";"Casa de Repuestos de Motos";"Activo";"Media";"";"";"";"";"";""
"2800";"Prospecto no útil";"Redes";"10/05/2026 23:56:54";"atiende y corta";"A definir";"Inactivo";"Alta";"";"";"";"";"";""
"2802";"Prospecto inactivo";"Meta Ads Formulario";"11/05/2026 06:14:38";"No responde mensajes ni llamada";"Casa de Repuestos de Autos";"Inactivo";"Media";"";"";"";"";"";""
"2822";"Prospecto inactivo";"Meta Ads Formulario";"11/05/2026 23:51:20";"No responde mensajes ni llamada";"Desarmadero";"Inactivo";"Media";"";"";"";"";"";""
"2824";"Convertido";"Meta Ads";"12/05/2026 10:16:42";"";"Combinación con Casa de Repuestos";"Activo";"Alta";"";"";"";"";"";""
"2826";"Convertido";"Meta Ads";"12/05/2026 14:12:01";"No responde mensajes ni llamada";"Casa de Repuestos de Autos";"Inactivo";"Alta";"Efectivo";"";"";"";"";""
"2832";"Convertido";"Meta Ads Formulario";"12/05/2026 21:16:21";"";"Combinación con Casa de Repuestos de motos";"Activo";"Media";"";"";"";"";"";""
"2834";"Prospecto inactivo";"Meta Ads Formulario";"13/05/2026 07:13:41";"No responde mensajes ni llamada";"Taller mecánico";"Inactivo";"Media";"";"";"";"";"";""
"2836";"Convertido";"Redes";"13/05/2026 07:59:49";"";"Casa de Repuestos de Motos";"Activo";"Media";"";"";"";"";"";""
"2838";"Convertido";"Meta Ads Formulario";"13/05/2026 08:45:29";"";"Casa de Repuestos de Autos";"Activo";"Media";"";"";"";"";"";""
"2840";"Prospecto inactivo";"Meta Ads Formulario";"13/05/2026 10:37:51";"No responde mensajes ni llamada";"Casa de Repuestos de Autos";"Inactivo";"Media";"";"";"";"";"";""
"2842";"Prospecto inactivo";"Meta Ads Formulario";"13/05/2026 17:16:25";"No responde mensajes ni llamada";"Taller mecánico";"Inactivo";"Media";"";"";"";"";"";""
"2844";"Prospecto inactivo";"Meta Ads Formulario";"14/05/2026 12:45:12";"No responde mensajes ni llamada";"Taller mecánico";"Inactivo";"Media";"";"";"";"";"";""
"2846";"Prospecto no útil";"Meta Ads Formulario";"14/05/2026 17:58:23";"Ya contrato otro sistema";"Casa de Repuestos de Autos";"Inactivo";"Media";"";"";"";"";"";""
"2848";"Prospecto inactivo";"Meta Ads Formulario";"14/05/2026 23:45:14";"No responde mensajes ni llamada";"Casa de Repuestos de Motos";"Inactivo";"Media";"";"";"";"";"";""
"2850";"Convertido";"Meta Ads Formulario";"15/05/2026 00:22:40";"";"Casa de Repuestos de Autos";"Activo";"Media";"";"";"";"";"";""
"2852";"Prospecto inactivo";"Meta Ads Formulario";"15/05/2026 03:44:18";"No responde mensajes ni llamada";"A definir";"Inactivo";"Media";"";"";"";"";"";""
"2854";"Convertido";"Meta Ads";"15/05/2026 11:09:51";"";"Combinación con Casa de Repuestos";"Activo";"Alta";"";"";"";"";"";""
"2860";"Webinars";"Webinar Mkt con IA";"15/05/2026 19:06:03";"";"Casa de Repuestos de Autos";"Inactivo";"Media";"";"";"";"";"";""
"2862";"Prospecto inactivo";"Meta Ads Formulario";"16/05/2026 05:22:47";"";"Taller mecánico";"Inactivo";"Media";"";"";"";"";"";""
"2864";"Convertido";"Meta Ads Formulario";"16/05/2026 08:31:44";"";"Casa de Repuestos de Autos";"Activo";"Media";"";"";"";"";"";""
"2866";"Convertido";"Webinar Mkt con IA";"16/05/2026 10:49:11";"";"Casa de Repuestos de Autos";"Inactivo";"Alta";"Efectivo";"";"";"";"";""
"2874";"Convertido";"Meta Ads Formulario";"16/05/2026 19:58:06";"";"Casa de Repuestos de Autos";"Activo";"Media";"";"";"";"";"";""
"2876";"Convertido";"Meta Ads Formulario";"17/05/2026 08:11:27";"";"Casa de Repuestos de Autos";"Activo";"Media";"";"";"";"";"";""
"2878";"Convertido";"Meta Ads Formulario";"17/05/2026 10:06:48";"";"Combinación con Casa de Repuestos";"Activo";"Media";"";"";"";"";"";""
"2880";"Prospecto inactivo";"Meta Ads Formulario";"17/05/2026 10:31:56";"No responde mensajes ni llamada";"Casa de Repuestos de Autos";"Inactivo";"Media";"";"";"";"";"";""
"2882";"Prospecto no útil";"Meta Ads Formulario";"17/05/2026 15:37:30";"Datos incorrectos o contacto inexistente";"Lubricentro";"Inactivo";"Media";"";"";"";"";"";""
"2884";"Prospecto inactivo";"Meta Ads Formulario";"17/05/2026 18:28:49";"Lead enfriado";"Casa de Repuestos de Autos";"Inactivo";"Media";"Efectivo";"";"";"";"";""
"2886";"Convertido";"Meta Ads Formulario";"17/05/2026 18:42:29";"";"Casa de Repuestos de Autos";"Activo";"Baja";"";"";"";"";"";""
"2900";"Convertido";"Meta Ads Formulario";"18/05/2026 12:42:27";"";"Combinación con Casa de Repuestos";"Activo";"Alta";"";"";"";"";"";""
"2902";"Prospecto inactivo";"Meta Ads Formulario";"18/05/2026 14:17:28";"No responde mensajes ni llamada";"Taller mecánico";"Inactivo";"Media";"";"";"";"";"";""
"2906";"Webinars";"Webinar Mkt con IA";"18/05/2026 14:21:46";"";"Casa de Repuestos de Autos";"Inactivo";"Media";"";"";"";"";"";""
"2912";"Convertido";"Meta Ads Formulario";"18/05/2026 17:51:21";"";"Casa de Repuestos de Autos";"Activo";"Media";"";"";"";"";"";""
"2914";"Webinars";"Webinar Mkt con IA";"18/05/2026 20:08:35";"";"Casa de Repuestos de Autos";"Activo";"Media";"";"";"";"";"";""
"2916";"Webinars";"Webinar Mkt con IA";"18/05/2026 20:45:10";"";"Casa de Repuestos de Autos";"Inactivo";"Media";"";"";"";"";"";""
"2918";"Prospecto inactivo";"Meta Ads Formulario";"18/05/2026 20:57:29";"No responde mensajes ni llamada";"Casa de Repuestos de Autos";"Inactivo";"Media";"";"";"";"";"";""
"2920";"Webinars";"Webinar Mkt con IA";"18/05/2026 22:12:55";"";"Casa de Repuestos de Autos";"Activo";"Media";"";"";"";"";"";""
"2922";"Prospecto inactivo";"Redes";"18/05/2026 22:45:56";"No responde mensajes ni llamada";"A definir";"Inactivo";"Alta";"";"";"";"";"";""
"2926";"Prospecto inactivo";"Meta Ads Formulario";"19/05/2026 02:07:43";"No responde mensajes ni llamada";"Taller mecánico";"Inactivo";"Media";"";"";"";"";"";""
"2928";"Prospecto inactivo";"Meta Ads Formulario";"19/05/2026 02:34:42";"No responde mensajes ni llamada";"Casa de Repuestos de Autos";"Inactivo";"Media";"";"";"";"";"";""
"2930";"Convertido";"Webinar Mkt con IA";"19/05/2026 07:14:48";"";"Casa de Repuestos de Autos";"Activo";"Media";"";"";"";"";"";""
"2934";"Convertido";"Meta Ads Formulario";"19/05/2026 08:55:17";"";"Casa de Repuestos de Autos";"Activo";"Alta";"";"";"";"";"";""
"2940";"Prospecto inactivo";"Meta Ads Formulario";"19/05/2026 12:52:31";"No interesado por ahora";"Casa de Repuestos de Autos";"Inactivo";"Media";"";"";"";"";"";""
"2944";"Convertido";"Redes";"19/05/2026 15:13:59";"";"Casa de Repuestos de Autos";"Activo";"Alta";"";"";"";"";"";""
"2946";"Prospecto no útil";"Meta Ads Formulario";"19/05/2026 16:41:11";"Buscaba otra cosa";"Combinación con Casa de Repuestos";"Activo";"Media";"";"";"";"";"";""
"2950";"Convertido";"Meta Ads Formulario";"19/05/2026 17:29:49";"Ya contrato otro sistema";"Casa de Repuestos de Autos";"Inactivo";"Media";"Efectivo";"";"";"";"";""
"2952";"Prospecto inactivo";"Meta Ads Formulario";"19/05/2026 18:50:56";"";"Casa de Repuestos de Autos";"Activo";"Media";"";"";"";"";"";""
"2956";"Webinars";"Webinar Mkt con IA";"19/05/2026 20:08:20";"";"Casa de Repuestos de Autos";"Inactivo";"Media";"";"";"";"";"";""
"2958";"Convertido";"Meta Ads Formulario";"19/05/2026 23:13:22";"";"Taller mecánico";"Activo";"Baja";"";"";"";"";"";""
"2960";"Convertido";"Meta Ads Formulario";"19/05/2026 23:50:13";"";"Casa de Repuestos de Autos";"Activo";"Media";"";"";"";"";"";""
"2962";"Convertido";"Meta Ads Formulario";"20/05/2026 02:19:19";"No responde mensajes ni llamada";"Casa de Repuestos de Autos";"Inactivo";"Alta";"Efectivo";"";"";"";"";""
"2968";"Prospecto inactivo";"Meta Ads Formulario";"20/05/2026 16:17:43";"No responde mensajes ni llamada";"Casa de Repuestos de Autos";"Inactivo";"Media";"";"";"";"";"";""
"2970";"Prospecto no útil";"Meta Ads Formulario";"20/05/2026 16:46:56";"No tiene negocio, negocio de otro rubro";"A definir";"Inactivo";"Media";"";"";"";"";"";""
"2974";"Prospecto inactivo";"Meta Ads Formulario";"20/05/2026 19:15:12";"No responde mensajes ni llamada";"Taller mecánico";"Inactivo";"Media";"";"";"";"";"";""
"2976";"Prospecto no útil";"Meta Ads Formulario";"20/05/2026 19:22:33";"Apreto por error";"Casa de Repuestos de Autos";"Inactivo";"Media";"";"";"";"";"";""
"2978";"Convertido";"Lead Magnet";"20/05/2026 23:37:13";"";"Casa de Repuestos de Autos";"Activo";"Alta";"Efectivo";"";"";"";"";""
"2980";"Prospecto no útil";"Redes";"21/05/2026 01:02:56";"Buscaba otra cosa";"Casa de Repuestos de Autos";"Inactivo";"Alta";"";"";"";"";"";""
"2984";"Webinars";"Webinar Mkt con IA";"21/05/2026 09:56:30";"";"Casa de Repuestos de Autos";"Activo";"Media";"";"";"";"";"";""
"2988";"Webinars";"Webinar Mkt con IA";"21/05/2026 10:43:33";"";"Casa de Repuestos de Autos";"Inactivo";"Media";"";"";"";"";"";""
"2990";"Prospecto no útil";"Meta Ads Formulario";"21/05/2026 11:09:52";"Buscaba otra cosa";"A definir";"Inactivo";"Media";"";"";"";"";"";""
"2992";"Convertido";"Meta Ads";"21/05/2026 14:07:57";"";"Casa de Repuestos de Autos";"Activo";"";"";"";"";"";"";""
"2996";"Prospecto no útil";"Meta Ads Formulario";"21/05/2026 15:58:22";"Datos incorrectos o contacto inexistente";"Casa de Repuestos de Autos";"Inactivo";"Media";"";"";"";"";"";""
"2998";"Convertido";"Meta Ads Formulario";"21/05/2026 21:08:16";"";"Casa de Repuestos de Autos";"Activo";"Media";"";"";"";"";"";""
"3000";"Convertido";"Meta Ads Formulario";"21/05/2026 22:26:06";"";"Casa de Repuestos de Motos";"Activo";"Media";"";"";"";"";"";""
"3002";"Prospecto no útil";"Meta Ads Formulario";"21/05/2026 22:40:02";"Ya contrato otro sistema";"Lubricentro";"Inactivo";"Media";"";"";"";"";"";""
"3004";"Prospecto inactivo";"Meta Ads Formulario";"21/05/2026 23:55:29";"No responde mensajes ni llamada";"Taller mecánico";"Inactivo";"Media";"";"";"";"";"";""
"3006";"Convertido";"Meta Ads Formulario";"22/05/2026 07:09:01";"";"Casa de Repuestos de Autos";"Activo";"Media";"";"";"";"";"";""
"3008";"Webinars";"Webinar Mkt con IA";"22/05/2026 07:24:36";"";"Casa de Repuestos de Autos";"Inactivo";"Media";"";"";"";"";"";""
"3010";"Prospecto no útil";"Meta Ads Formulario";"22/05/2026 07:33:24";"Buscaba otra cosa";"Casa de Repuestos de Autos";"Inactivo";"Media";"";"";"";"";"";""
"3012";"Convertido";"Webinar Mkt con IA";"22/05/2026 07:34:00";"";"Casa de Repuestos de Autos";"Activo";"Media";"";"";"";"";"";""
"3014";"Prospecto inactivo";"Meta Ads Formulario";"22/05/2026 09:03:37";"Lead enfriado";"Casa de Repuestos de Autos";"Inactivo";"Media";"Efectivo";"";"";"";"";""
"3016";"Webinars";"Webinar Mkt con IA";"22/05/2026 10:07:35";"";"Casa de Repuestos de Autos";"Inactivo";"Media";"";"";"";"";"";""
"3020";"Webinars";"Webinar Mkt con IA";"22/05/2026 11:17:44";"";"Distribuidora";"Inactivo";"Media";"";"";"";"";"";""
"3022";"Convertido";"Webinar Mkt con IA";"22/05/2026 13:01:25";"";"Casa de Repuestos de Autos";"Activo";"Alta";"";"";"";"";"";""
"3026";"Webinars";"Webinar Mkt con IA";"22/05/2026 18:10:56";"";"Casa de Repuestos de Autos";"Activo";"Media";"";"";"";"";"";""
"3030";"Prospecto inactivo";"Meta Ads Formulario";"23/05/2026 07:02:55";"No responde mensajes ni llamada";"Casa de Repuestos de Autos";"Inactivo";"Media";"";"";"";"";"";""
"3032";"Prospecto inactivo";"Meta Ads Formulario";"23/05/2026 07:03:07";"No responde mensajes ni llamada";"Taller mecánico";"Inactivo";"Media";"";"";"";"";"";""
"3034";"Webinars";"Webinar Mkt con IA";"23/05/2026 07:57:08";"";"Distribuidora";"Inactivo";"Media";"";"";"";"";"";""
"3036";"Webinars";"Webinar Mkt con IA";"23/05/2026 08:18:06";"";"Distribuidora";"Inactivo";"Media";"";"";"";"";"";""
"3038";"Prospecto inactivo";"Meta Ads Formulario";"23/05/2026 09:25:41";"No responde mensajes ni llamada";"A definir";"Inactivo";"Media";"";"";"";"";"";""
"3040";"Prospecto no útil";"Redes";"23/05/2026 09:59:02";"Datos incorrectos o contacto inexistente";"A definir";"Inactivo";"Alta";"";"";"";"";"";""
"3042";"Convertido";"Meta Ads Formulario";"23/05/2026 10:06:02";"";"Casa de Repuestos de Autos";"Activo";"Alta";"";"";"";"";"";""
"3046";"Prospecto no útil";"Meta Ads Formulario";"23/05/2026 17:06:00";"No tiene negocio, negocio de otro rubro";"A definir";"Inactivo";"Media";"";"";"";"";"";""
"3048";"Webinars";"Webinar Mkt con IA";"23/05/2026 23:05:12";"";"A definir";"";"Media";"";"";"";"";"";""
"3052";"Embajadores y Referidos";"Meta Ads Formulario";"23/05/2026 23:30:23";"";"A definir";"Activo";"Media";"";"";"";"";"";""
"3054";"Webinars";"Webinar Mkt con IA";"24/05/2026 10:53:08";"";"Taller mecánico";"Inactivo";"Media";"";"";"";"";"";""
"3056";"Prospecto inactivo";"Meta Ads Formulario";"24/05/2026 13:32:33";"No responde mensajes ni llamada";"concesionario";"Inactivo";"Media";"";"";"";"";"";""
"3058";"Convertido";"Meta Ads Formulario";"24/05/2026 23:17:53";"";"Combinación con Casa de Repuestos";"Activo";"Media";"";"";"";"";"";""
"3060";"Prospecto no útil";"Meta Ads";"25/05/2026 11:01:58";"Apreto por error";"A definir";"Inactivo";"";"";"";"";"";"";""
"3062";"Webinars";"Webinar Mkt con IA";"25/05/2026 11:14:59";"";"Taller mecánico";"Inactivo";"Media";"";"";"";"";"";""
"3064";"Convertido";"Meta Ads Formulario";"25/05/2026 13:22:14";"";"Casa de Repuestos de Autos";"Activo";"Media";"";"";"";"";"";""
"3066";"Prospecto no útil";"Redes";"25/05/2026 17:29:26";"Buscaba otra cosa";"Casa de Repuestos de Autos";"Inactivo";"Alta";"";"";"";"";"";""
"3068";"Convertido";"Redes";"25/05/2026 17:39:42";"";"Combinación con Casa de Repuestos";"Activo";"Alta";"";"";"";"";"";""
"3070";"Webinars";"Webinar Mkt con IA";"25/05/2026 18:52:12";"";"Casa de Repuestos de Autos";"Activo";"Media";"";"";"";"";"";""
"3072";"Prospecto no útil";"Meta Ads Formulario";"25/05/2026 19:25:21";"Datos incorrectos o contacto inexistente";"A definir";"Inactivo";"Media";"";"";"";"";"";""
"3074";"Webinars";"Webinar Mkt con IA";"25/05/2026 20:22:28";"";"Casa de Repuestos de Autos";"Inactivo";"Media";"";"";"";"";"";""
"3080";"Webinars";"Webinar Mkt con IA";"25/05/2026 23:56:15";"";"Casa de Repuestos de Autos";"Activo";"Media";"";"";"";"";"";""
"3084";"Prospecto inactivo";"Meta Ads Formulario";"26/05/2026 00:07:03";"Indican que lo evaluarán más adelante";"Casa de Repuestos de Autos";"Inactivo";"Media";"";"";"";"";"";""
"3088";"Convertido";"Meta Ads Formulario";"26/05/2026 07:31:38";"";"Casa de Repuestos de Pesados";"Activo";"Media";"";"";"";"";"";""
"3090";"Webinars";"Webinar Mkt con IA";"26/05/2026 07:39:57";"";"Casa de Repuestos de Autos";"Inactivo";"Media";"";"";"";"";"";""
"3092";"Convertido";"Meta Ads Formulario";"26/05/2026 09:22:55";"";"Combinación con Casa de Repuestos";"Activo";"Media";"";"";"";"";"";""
"3094";"Prospecto inactivo";"Redes";"26/05/2026 10:21:09";"Lead enfriado";"Combinación con Casa de Repuestos";"Inactivo";"Alta";"Efectivo";"";"";"";"";""
"3098";"Convertido";"Redes";"26/05/2026 12:05:09";"";"Combinación con Casa de Repuestos";"Activo";"Media";"";"";"";"";"";""
"3106";"Webinars";"Webinar Mkt con IA";"26/05/2026 19:13:10";"";"Casa de Repuestos de Autos";"Inactivo";"Media";"";"";"";"";"";""
"3108";"Webinars";"Webinar Mkt con IA";"26/05/2026 20:11:03";"";"Distribuidora";"Inactivo";"Media";"";"";"";"";"";""
"3110";"Prospecto no útil";"Meta Ads Formulario";"26/05/2026 20:53:42";"Buscaba compras productos";"Casa de Repuestos de Autos";"Inactivo";"Media";"";"";"";"";"";""
"3112";"Convertido";"Meta Ads Formulario";"26/05/2026 22:01:53";"";"Casa de Repuestos de Autos";"Activo";"Media";"";"";"";"";"";""
"3114";"Prospecto inactivo";"Meta Ads Formulario";"26/05/2026 22:05:38";"No responde mensajes ni llamada";"Casa de Repuestos de Autos";"Inactivo";"Media";"";"";"";"";"";""
"3116";"Convertido";"Meta Ads Formulario";"26/05/2026 22:20:05";"";"Casa de Repuestos de Autos";"Activo";"Media";"";"";"";"";"";""
"3118";"Webinars";"Webinar Mkt con IA";"26/05/2026 22:29:13";"";"Casa de Repuestos de Autos";"Activo";"Media";"";"";"";"";"";""
"3122";"Prospecto no útil";"Meta Ads Formulario";"27/05/2026 08:28:08";"Buscaba otra cosa";"Casa de Repuestos de Autos";"Inactivo";"Media";"";"";"";"";"";""
"3124";"Prospecto no útil";"Webinar Mkt con IA";"27/05/2026 10:09:18";"Datos incorrectos o contacto inexistente";"Casa de Repuestos de Autos";"Inactivo";"Media";"";"";"";"";"";""
"3126";"Webinars";"Webinar Mkt con IA";"27/05/2026 14:17:10";"";"Casa de Repuestos de Autos";"Activo";"Media";"";"";"";"";"";""
"3128";"Webinars";"Webinar Mkt con IA";"27/05/2026 17:11:51";"";"Casa de Repuestos de Autos";"Activo";"Media";"";"";"";"";"";""
"3132";"Convertido";"Meta Ads Formulario";"27/05/2026 22:53:34";"";"Casa de Repuestos de Autos";"Activo";"Media";"";"";"";"";"";""
"3136";"Prospecto inactivo";"Redes";"27/05/2026 23:56:55";"";"A definir";"Inactivo";"Alta";"";"";"";"";"";""
"3138";"Webinars";"Webinar Mkt con IA";"28/05/2026 01:40:05";"";"Distribuidora";"Inactivo";"Media";"";"";"";"";"";""
"3140";"Webinars";"Webinar Mkt con IA";"28/05/2026 05:57:47";"";"Distribuidora";"Activo";"Media";"";"";"";"";"";""
"3148";"Prospecto inactivo";"Meta Ads Formulario";"28/05/2026 19:51:58";"No responde mensajes ni llamada";"Lubricentro";"Inactivo";"Media";"";"";"";"";"";""
"3150";"Prospecto inactivo";"Meta Ads Formulario";"28/05/2026 21:11:02";"No responde mensajes ni llamada";"Casa de Repuestos de Autos";"Inactivo";"Media";"";"";"";"";"";""
"3152";"Prospecto inactivo";"Meta Ads Formulario";"28/05/2026 23:00:47";"No responde mensajes ni llamada";"A definir";"Inactivo";"Media";"";"";"";"";"";""
"3154";"Prospecto inactivo";"Meta Ads Formulario";"28/05/2026 23:07:31";"No responde mensajes ni llamada";"Taller mecánico";"Inactivo";"Media";"";"";"";"";"";""
"3156";"Prospecto no útil";"Meta Ads";"28/05/2026 23:45:54";"(opcion eliminada: 1164)";"A definir";"Inactivo";"";"";"";"";"";"";""
"3158";"Prospecto inactivo";"Meta Ads Formulario";"29/05/2026 00:53:01";"No responde mensajes ni llamada";"Taller mecánico";"Inactivo";"Media";"";"";"";"";"";""
"3164";"Prospecto inactivo";"Meta Ads Formulario";"29/05/2026 14:32:38";"Lead enfriado";"Casa de Repuestos de Autos";"Inactivo";"Media";"Efectivo";"";"";"";"";""
"3166";"Prospecto inactivo";"Redes";"29/05/2026 18:25:06";"No responde mensajes ni llamada";"Casa de Repuestos de Autos";"Inactivo";"Alta";"";"";"";"";"";""
"3168";"Convertido";"Meta Ads Formulario";"29/05/2026 20:34:52";"";"Combinación con Casa de Repuestos";"Activo";"Media";"";"";"";"";"";""
"3170";"Prospecto inactivo";"Meta Ads Formulario";"30/05/2026 02:01:04";"No responde mensajes ni llamada";"Casa de Repuestos de Autos";"Inactivo";"Media";"";"";"";"";"";""
"3174";"Prospecto inactivo";"Meta Ads Formulario";"30/05/2026 17:56:40";"No responde mensajes ni llamada";"A definir";"Inactivo";"Media";"";"";"";"";"";""
"3176";"Prospecto no útil";"Redes";"30/05/2026 19:27:56";"Datos incorrectos o contacto inexistente";"";"Inactivo";"Alta";"";"";"";"";"";""
"3178";"Prospecto inactivo";"Meta Ads Formulario";"30/05/2026 20:46:52";"Lead enfriado";"Casa de Repuestos de Autos";"Inactivo";"Media";"Efectivo";"";"";"";"";""
"3180";"Convertido";"Redes";"30/05/2026 21:24:54";"";"Casa de Repuestos de Autos";"Activo";"Alta";"";"";"";"";"";""
"3182";"Convertido";"Meta Ads Formulario";"30/05/2026 21:39:21";"";"Combinación con Casa de Repuestos";"Activo";"Media";"";"";"";"";"";""
"3184";"Prospecto inactivo";"Meta Ads Formulario";"31/05/2026 09:12:34";"Lead enfriado";"Casa de Repuestos de Autos";"Inactivo";"Media";"Efectivo";"";"";"";"";""
"3186";"Convertido";"Meta Ads Formulario";"31/05/2026 19:42:34";"";"Casa de Repuestos de Pesados";"Activo";"Media";"";"";"";"";"";""
"3188";"Prospecto inactivo";"Meta Ads Formulario";"31/05/2026 23:42:18";"No responde mensajes ni llamada";"Casa de Repuestos de Autos";"Inactivo";"Media";"";"";"";"";"";""
"3190";"Prospecto inactivo";"Meta Ads Formulario";"31/05/2026 23:57:55";"No quiere una suscripción mensual";"Casa de Repuestos de Autos";"Inactivo";"Media";"";"";"";"";"";""
"3192";"Prospecto no útil";"Meta Ads";"01/06/2026 09:52:58";"(opcion eliminada: 1434)";"Lubricentro";"Inactivo";"Media";"";"";"";"";"";""
"3194";"Convertido";"Meta Ads";"01/06/2026 11:08:10";"";"";"Inactivo";"";"";"";"";"";"";""
"3196";"Convertido";"Meta Ads";"01/06/2026 11:12:51";"";"";"Inactivo";"";"";"";"";"";"";""
"3198";"Convertido";"Meta Ads";"01/06/2026 11:14:44";"";"";"Inactivo";"";"";"";"";"";"";""
"3204";"Prospecto inactivo";"Meta Ads Formulario";"01/06/2026 12:08:10";"Indican que lo evaluarán más adelante";"Casa de Repuestos de Pesados";"Inactivo";"";"";"";"";"";"";""
"3216";"Convertido";"Meta Ads Formulario";"02/06/2026 00:01:31";"";"Distribuidora";"Activo";"Alta";"";"";"";"";"";""
"3218";"Prospecto inactivo";"Meta Ads";"02/06/2026 09:39:49";"No responde mensajes ni llamada";"Combinación con Casa de Repuestos";"Inactivo";"Media";"";"";"";"";"";""
"3222";"Prospecto inactivo";"Meta Ads Formulario";"02/06/2026 22:22:44";"No responde mensajes ni llamada";"Taller mecánico";"Inactivo";"";"";"";"";"";"";""
"3224";"Convertido";"Meta Ads Formulario";"03/06/2026 04:45:00";"";"Casa de Repuestos de Motos";"Activo";"Media";"";"";"";"";"";""
"3230";"Convertido";"Redes";"03/06/2026 13:14:18";"";"Casa de Repuestos de Autos";"Activo";"Alta";"";"";"";"";"";""
"3236";"Prospecto inactivo";"Automechanika 2026";"03/06/2026 22:49:36";"";"Casa de Repuestos de Autos";"Activo";"";"";"";"";"";"";""
"3238";"Prospecto inactivo";"Meta Ads Formulario";"04/06/2026 02:58:50";"No responde mensajes ni llamada";"Taller mecánico";"Inactivo";"";"";"";"";"";"";""
"3240";"Convertido";"Meta Ads Formulario";"04/06/2026 07:25:11";"";"Casa de Repuestos de Motos";"Activo";"Media";"";"";"";"";"";""
"3242";"Prospecto inactivo";"Meta Ads Formulario";"04/06/2026 07:52:45";"No responde mensajes ni llamada";"Casa de Repuestos de Motos";"Inactivo";"";"";"";"";"";"";""
"3244";"Prospecto no útil";"Meta Ads Formulario";"04/06/2026 09:38:37";"Apreto por error";"Taller mecánico";"Inactivo";"";"";"";"";"";"";""
"3246";"Prospecto inactivo";"Meta Ads Formulario";"04/06/2026 10:14:13";"No responde mensajes ni llamada";"Casa de Repuestos de Autos";"Inactivo";"";"";"";"";"";"";""
"3248";"Prospecto inactivo";"Meta Ads Formulario";"04/06/2026 10:46:53";"No responde mensajes ni llamada";"Casa de Repuestos de Autos";"Inactivo";"Media";"";"";"";"";"";""
"3250";"Prospecto inactivo";"Meta Ads Formulario";"04/06/2026 13:03:48";"No responde mensajes ni llamada";"Casa de Repuestos de Motos";"Inactivo";"";"";"";"";"";"";""
"3252";"Convertido";"Redes";"04/06/2026 13:25:25";"";"Combinación con Casa de Repuestos";"Activo";"Alta";"";"";"";"";"";""
"3254";"Prospecto inactivo";"Redes";"04/06/2026 15:44:07";"No responde mensajes ni llamada";"Casa de Repuestos de Autos";"Inactivo";"Alta";"";"";"";"";"";""
"3256";"Prospecto no útil";"Redes";"04/06/2026 19:21:24";"Buscaba otra cosa";"A definir";"Activo";"Alta";"";"";"";"";"";""
"3260";"Prospecto inactivo";"Meta Ads Formulario";"05/06/2026 08:19:58";"No responde mensajes ni llamada";"Casa de Repuestos de Autos";"Inactivo";"";"";"";"";"";"";""
"3264";"Prospecto inactivo";"Meta Ads Formulario";"05/06/2026 12:54:18";"No responde mensajes ni llamada";"Combinación con Casa de Repuestos";"Inactivo";"";"";"";"";"";"";""
"3266";"Prospecto inactivo";"Meta Ads Formulario";"05/06/2026 14:17:43";"No responde mensajes ni llamada";"Taller mecánico";"Activo";"Media";"";"";"";"";"";""
"3268";"Prospecto inactivo";"Meta Ads Formulario";"06/06/2026 01:04:44";"No responde mensajes ni llamada";"Casa de Repuestos de Autos";"Inactivo";"Media";"";"";"";"";"";""
"3272";"Prospecto inactivo";"Meta Ads Formulario";"06/06/2026 15:01:04";"No responde mensajes ni llamada";"Casa de Repuestos de Autos";"Inactivo";"Media";"";"";"";"";"";""
"3274";"Convertido";"Meta Ads Formulario";"06/06/2026 21:32:06";"";"Casa de Repuestos de Motos";"Activo";"Media";"";"";"";"";"";""
"3276";"Prospecto inactivo";"Meta Ads Formulario";"07/06/2026 10:25:01";"No responde mensajes ni llamada";"Casa de Repuestos de Autos";"Inactivo";"Media";"";"";"";"";"";""
"3280";"Convertido";"Redes";"07/06/2026 22:51:55";"";"Distribuidora";"Activo";"Alta";"";"";"";"";"";""
"3282";"Prospecto inactivo";"Meta Ads Formulario";"08/06/2026 01:09:21";"No quiere una suscripción mensual";"Combinación con Casa de Repuestos de motos";"Inactivo";"Media";"";"";"";"";"";""
"3284";"Prospecto inactivo";"Meta Ads Formulario";"08/06/2026 09:36:34";"No responde mensajes ni llamada";"Taller mecánico";"Inactivo";"Media";"";"";"";"";"";""
"3286";"Prospecto inactivo";"Meta Ads Formulario";"08/06/2026 09:39:09";"Prefieren retomar el contacto en otro momento";"Casa de Repuestos de Autos";"Activo";"Media";"";"";"";"";"";""
"3288";"Prospecto no útil";"Meta Ads Formulario";"08/06/2026 09:40:41";"Apreto por error";"Taller mecánico";"Inactivo";"Media";"";"";"";"";"";""
"3290";"Prospecto inactivo";"Meta Ads Formulario";"08/06/2026 09:42:44";"No responde mensajes ni llamada";"Lubricentro";"Inactivo";"Media";"";"";"";"";"";""
"3292";"Convertido";"Meta Ads Formulario";"08/06/2026 09:44:24";"";"Casa de Repuestos de Autos";"Activo";"Media";"";"";"";"";"";""
"3294";"Prospecto inactivo";"Meta Ads Formulario";"08/06/2026 09:45:24";"No responde mensajes ni llamada";"Casa de Repuestos de Autos";"Inactivo";"Media";"";"";"";"";"";""
"3296";"Prospecto inactivo";"Meta Ads Formulario";"08/06/2026 09:47:25";"No responde mensajes ni llamada";"Casa de Repuestos de Autos";"Inactivo";"Media";"";"";"";"";"";""
"3298";"Prospecto inactivo";"Meta Ads Formulario";"08/06/2026 09:48:51";"Prefieren retomar el contacto en otro momento";"Casa de Repuestos de Autos";"Inactivo";"Media";"";"";"";"";"";""
"3300";"Prospecto inactivo";"Meta Ads Formulario";"08/06/2026 09:50:51";"No responde mensajes ni llamada";"Casa de Repuestos de Autos";"Inactivo";"Media";"";"";"";"";"";""
"3304";"Prospecto inactivo";"Meta Ads Formulario";"08/06/2026 15:43:19";"No responde mensajes ni llamada";"Casa de Repuestos de Motos";"Inactivo";"Media";"";"";"";"";"";""
"3310";"Convertido";"Meta Ads";"08/06/2026 17:37:27";"";"Combinación con Casa de Repuestos";"Activo";"Media";"";"";"";"";"";""
"3312";"Prospecto inactivo";"Meta Ads Formulario";"08/06/2026 18:00:57";"No responde mensajes ni llamada";"Casa de Repuestos de Autos";"Inactivo";"Media";"";"";"";"";"";""
"3314";"Prospecto inactivo";"Meta Ads Formulario";"08/06/2026 18:18:07";"No responde mensajes ni llamada";"Casa de Repuestos de Autos";"Inactivo";"Media";"";"";"";"";"";""
"3316";"Prospecto no útil";"Meta Ads Formulario";"08/06/2026 18:31:00";"Buscaba otra cosa";"Casa de Repuestos de Autos";"Inactivo";"Media";"";"";"";"";"";""
"3320";"Prospecto no útil";"Meta Ads Formulario";"08/06/2026 22:17:39";"Datos incorrectos o contacto inexistente";"Casa de Repuestos de Motos";"Inactivo";"Baja";"";"";"";"";"";""
"3322";"Convertido";"Meta Ads Formulario";"08/06/2026 22:46:46";"";"Casa de Repuestos de Autos";"Activo";"Media";"";"";"";"";"";""
"3324";"Prospecto inactivo";"Meta Ads Formulario";"09/06/2026 09:03:49";"No responde mensajes ni llamada";"Casa de Repuestos de Autos";"Inactivo";"Media";"";"";"";"";"";""
"3326";"Prospecto inactivo";"Meta Ads Formulario";"09/06/2026 12:53:44";"No responde mensajes ni llamada";"Casa de Repuestos de Motos";"Inactivo";"Media";"";"";"";"";"";""
"3328";"Prospecto inactivo";"Meta Ads Formulario";"10/06/2026 06:50:52";"No responde mensajes ni llamada";"Casa de Repuestos de Autos";"Inactivo";"Media";"";"";"";"";"";""
"3330";"Prospecto inactivo";"Meta Ads Formulario";"10/06/2026 08:22:57";"Buscaba otra cosa";"Casa de Repuestos de Motos";"Activo";"Media";"Efectivo";"";"";"";"";""
"3336";"Prospecto inactivo";"Meta Ads Formulario";"10/06/2026 15:45:08";"No responde mensajes ni llamada";"Casa de Repuestos de Motos";"Inactivo";"Media";"";"";"";"";"";""
"3338";"Prospecto inactivo";"Meta Ads Formulario";"10/06/2026 17:04:41";"";"Casa de Repuestos de Motos";"Inactivo";"Media";"";"";"";"";"";""
"3340";"Prospecto inactivo";"Meta Ads Formulario";"10/06/2026 22:50:41";"No responde mensajes ni llamada";"Casa de Repuestos de Autos";"Inactivo";"Media";"";"";"";"";"";""
"3342";"Convertido";"Meta Ads Formulario";"11/06/2026 00:13:59";"";"Casa de Repuestos de Motos";"Activo";"Media";"";"";"";"";"";""
"3344";"Prospecto inactivo";"Meta Ads Formulario";"11/06/2026 00:44:30";"No responde mensajes ni llamada";"Lubricentro";"Inactivo";"Media";"";"";"";"";"";""
"3346";"Prospecto inactivo";"Meta Ads Formulario";"11/06/2026 12:24:47";"No responde mensajes ni llamada";"Taller mecánico";"Inactivo";"Media";"";"";"";"";"";""
"3350";"Convertido";"Meta Ads";"11/06/2026 15:37:27";"";"";"Activo";"";"";"";"";"";"";""
"3354";"Prospecto inactivo";"Meta Ads Formulario";"11/06/2026 20:39:57";"No responde mensajes ni llamada";"Casa de Repuestos de Autos";"Inactivo";"Media";"No efectivo";"";"";"";"";""
"3356";"Prospecto inactivo";"Meta Ads Formulario";"11/06/2026 20:51:55";"No responde mensajes ni llamada";"Taller mecánico";"Inactivo";"Media";"";"";"";"";"";""
"3358";"Prospecto inactivo";"Meta Ads Formulario";"11/06/2026 21:23:47";"No interesado por ahora";"Casa de Repuestos de Autos";"Activo";"Media";"";"";"";"";"";""
"3360";"Convertido";"Meta Ads Formulario";"12/06/2026 07:12:57";"No responde mensajes ni llamada";"Distribuidora";"Inactivo";"Media";"Efectivo";"";"";"";"";""
"3362";"Convertido";"Meta Ads Formulario";"12/06/2026 13:55:23";"";"Casa de Repuestos de Autos";"Activo";"Media";"";"";"";"";"";""
"3366";"Convertido";"Meta Ads Formulario";"13/06/2026 15:06:56";"";"Combinación con Casa de Repuestos";"Activo";"Media";"";"";"";"";"";""
"3370";"Prospecto inactivo";"Meta Ads Formulario";"13/06/2026 22:37:46";"No responde mensajes ni llamada";"Casa de Repuestos de Autos";"Inactivo";"Media";"";"";"";"";"";""
"3372";"Prospecto inactivo";"Meta Ads Formulario";"14/06/2026 09:12:04";"No responde mensajes ni llamada";"Casa de Repuestos de Autos";"Inactivo";"Media";"";"";"";"";"";""
"3374";"Prospecto inactivo";"Meta Ads Formulario";"14/06/2026 10:11:34";"No responde mensajes ni llamada";"Casa de Repuestos de Autos";"Inactivo";"Media";"";"";"";"";"";""
"3376";"Prospecto inactivo";"Meta Ads Formulario";"14/06/2026 19:31:33";"No responde mensajes ni llamada";"Taller mecánico";"Inactivo";"Media";"";"";"";"";"";""
"3378";"Prospecto no útil";"Meta Ads Formulario";"15/06/2026 10:28:09";"atiende y corta";"Casa de Repuestos de Autos";"Inactivo";"Media";"";"";"";"";"";""
"3380";"Convertido";"Meta Ads Formulario";"15/06/2026 10:28:43";"";"Combinación con Casa de Repuestos";"Activo";"Media";"";"";"";"";"";""
"3382";"Prospecto inactivo";"Meta Ads Formulario";"15/06/2026 21:39:57";"No responde mensajes ni llamada";"Casa de Repuestos de Motos";"Inactivo";"Media";"";"";"";"";"";""
"3384";"Prospecto inactivo";"Meta Ads Formulario";"15/06/2026 22:51:11";"No responde mensajes ni llamada";"Casa de Repuestos de Autos";"Inactivo";"Media";"";"";"";"";"";""
"3386";"Convertido";"Meta Ads Formulario";"17/06/2026 00:49:31";"";"Combinación con Casa de Repuestos";"Inactivo";"Media";"Efectivo";"";"";"";"";""
"3388";"Prospecto inactivo";"Meta Ads Formulario";"17/06/2026 01:47:36";"";"Taller mecánico";"Inactivo";"Media";"";"";"";"";"";""
"3392";"Convertido";"Meta Ads Formulario";"17/06/2026 14:24:57";"";"Combinación con Casa de Repuestos";"Activo";"Media";"";"";"";"";"";""
"3394";"Prospecto inactivo";"Redes";"17/06/2026 15:17:03";"";"Lubricentro";"Inactivo";"Alta";"";"";"";"";"";""
"3396";"Prospecto inactivo";"Meta Ads Formulario";"17/06/2026 21:06:49";"No responde mensajes ni llamada";"Taller mecánico";"Inactivo";"Media";"No efectivo";"";"";"";"";""
"3398";"Convertido";"Redes";"17/06/2026 22:30:03";"";"Casa de Repuestos de Autos";"Activo";"Media";"";"";"";"";"";""
"3400";"Prospecto inactivo";"Meta Ads Formulario";"18/06/2026 00:40:04";"";"Casa de Repuestos de Autos";"Inactivo";"Media";"";"";"";"";"";""
"3402";"Convertido";"Meta Ads Formulario";"18/06/2026 07:45:11";"";"Casa de Repuestos de Autos";"Activo";"Media";"";"";"";"";"";""
"3404";"Prospecto inactivo";"Meta Ads Formulario";"18/06/2026 09:02:23";"No interesado por ahora";"Taller mecánico";"Inactivo";"Media";"Efectivo";"";"";"";"";""
"3406";"Prospecto no útil";"Meta Ads Formulario";"18/06/2026 10:42:35";"Buscaba otra cosa";"Casa de Repuestos de Autos";"Inactivo";"Media";"";"";"";"";"";""
"3410";"Prospecto inactivo";"Meta Ads Formulario";"18/06/2026 12:34:24";"No tiene negocio, negocio de otro rubro";"Casa de Repuestos de Motos";"Inactivo";"Media";"";"";"";"";"";""
"3412";"Prospecto inactivo";"Meta Ads Formulario";"18/06/2026 17:16:23";"No responde mensajes ni llamada";"Taller mecánico";"Inactivo";"Media";"Efectivo";"";"";"";"";""
"3414";"Convertido";"Meta Ads Formulario";"18/06/2026 19:15:21";"";"Casa de Repuestos de Autos";"Activo";"Media";"";"";"";"";"";""
"3416";"Prospecto inactivo";"Meta Ads Formulario";"18/06/2026 22:41:57";"No responde mensajes ni llamada";"Taller mecánico";"Inactivo";"Media";"";"";"";"";"";""
"3418";"Prospecto inactivo";"Meta Ads Formulario";"18/06/2026 23:56:19";"No responde mensajes ni llamada";"Casa de Repuestos de Autos";"Inactivo";"Media";"";"";"";"";"";""
"3420";"Prospecto inactivo";"Meta Ads Formulario";"19/06/2026 08:17:58";"No responde mensajes ni llamada";"Lubricentro";"Inactivo";"Media";"";"";"";"";"";""
"3422";"Convertido";"Meta Ads";"19/06/2026 12:43:51";"";"Casa de Repuestos de Autos";"Activo";"Media";"";"";"";"";"";""
"3426";"Prospecto inactivo";"Meta Ads Formulario";"19/06/2026 15:57:37";"";"Taller mecánico";"Inactivo";"Media";"Efectivo";"";"";"";"";""
"3428";"Prospecto no útil";"Meta Ads Formulario";"19/06/2026 18:12:38";"Frenado el negocio por ventas";"Casa de Repuestos de Autos";"Inactivo";"Media";"";"";"";"";"";""
"3430";"Prospecto inactivo";"Meta Ads Formulario";"19/06/2026 19:42:08";"No responde mensajes ni llamada";"Taller mecánico";"Inactivo";"Media";"";"";"";"";"";""
"3432";"Convertido";"Meta Ads Formulario";"19/06/2026 21:45:09";"";"Combinación con Casa de Repuestos";"Activo";"Media";"";"";"";"";"";""
"3434";"Prospecto no útil";"Redes";"19/06/2026 22:04:04";"No tiene negocio, negocio de otro rubro";"A definir";"Activo";"";"";"";"";"";"";""
"3436";"Convertido";"Meta Ads Formulario";"20/06/2026 08:27:06";"";"Combinación con Casa de Repuestos";"Activo";"Media";"";"";"";"";"";""
"3438";"Prospecto inactivo";"Meta Ads Formulario";"20/06/2026 19:45:06";"Lead enfriado";"Distribuidora";"Activo";"Media";"Efectivo";"";"";"";"";""
"3440";"Prospecto inactivo";"Meta Ads Formulario";"21/06/2026 12:21:20";"No responde mensajes ni llamada";"Casa de Repuestos de Autos";"Inactivo";"Media";"";"";"";"";"";""
"3442";"Prospecto inactivo";"Meta Ads Formulario";"21/06/2026 17:04:16";"No responde mensajes ni llamada";"Casa de Repuestos de Autos";"Inactivo";"Media";"";"";"";"";"";""
"3444";"Prospecto inactivo";"Meta Ads Formulario";"21/06/2026 19:44:20";"No responde mensajes ni llamada";"Casa de Repuestos de Autos";"Inactivo";"Media";"";"";"";"";"";""
"3446";"Convertido";"Meta Ads Formulario";"21/06/2026 20:50:09";"Lead enfriado";"Distribuidora";"Activo";"Media";"";"";"";"";"";""
"3448";"Prospecto inactivo";"Meta Ads Formulario";"21/06/2026 21:35:00";"No responde mensajes ni llamada";"Casa de Repuestos de Autos";"Inactivo";"Media";"";"";"";"";"";""
"3450";"Convertido";"Meta Ads Formulario";"22/06/2026 01:18:49";"";"Combinación con Casa de Repuestos";"Activo";"Media";"";"";"";"";"";""
"3454";"Prospecto inactivo";"Meta Ads Formulario";"22/06/2026 22:52:25";"Lead enfriado";"Taller mecánico";"Inactivo";"Media";"Efectivo";"";"";"";"";""
"3456";"Prospecto inactivo";"Redes";"23/06/2026 00:32:54";"Indican que lo evaluarán más adelante";"Casa de Repuestos de Autos";"Activo";"Alta";"";"";"";"";"";""
"3458";"Convertido";"Redes";"23/06/2026 11:11:19";"";"Casa de Repuestos de Motos";"Activo";"Media";"";"";"";"";"";""
"3462";"Prospecto inactivo";"Meta Ads Formulario";"23/06/2026 17:43:56";"atiende y corta";"Casa de Repuestos de Autos";"Activo";"Media";"";"";"";"";"";""
"3466";"Prospecto inactivo";"Meta Ads Formulario";"23/06/2026 20:44:09";"";"Distribuidora";"Activo";"Media";"";"";"";"";"";""
"3468";"Prospecto inactivo";"Meta Ads Formulario";"23/06/2026 21:08:09";"No responde mensajes ni llamada";"Casa de Repuestos de Motos";"Inactivo";"Media";"";"";"";"";"";""
"3470";"Prospecto inactivo";"Meta Ads Formulario";"23/06/2026 21:09:47";"Lead enfriado";"Casa de Repuestos de Autos";"Activo";"Media";"";"";"";"";"";""
"3472";"Prospecto inactivo";"Meta Ads Formulario";"24/06/2026 07:43:49";"Lead enfriado";"Casa de Repuestos de Autos";"Inactivo";"Media";"Efectivo";"";"";"";"";""
"3474";"Prospecto inactivo";"Meta Ads Formulario";"24/06/2026 09:33:36";"Lead enfriado";"Casa de Repuestos de Autos";"Activo";"Media";"";"";"";"";"";""
"3480";"Prospecto inactivo";"Meta Ads Formulario";"24/06/2026 22:37:57";"atiende y corta";"Taller mecánico";"Inactivo";"Media";"";"";"";"";"";""
"3482";"Convertido";"Meta Ads Formulario";"25/06/2026 07:25:22";"";"Combinación con Casa de Repuestos";"Activo";"Media";"Efectivo";"";"";"";"";""
"3484";"Convertido";"Meta Ads Formulario";"25/06/2026 11:40:33";"";"Casa de Repuestos de Autos";"Activo";"Media";"";"";"";"";"";""
"3486";"Prospecto inactivo";"Meta Ads Formulario";"25/06/2026 17:56:17";"Lead enfriado";"Casa de Repuestos de Autos";"Inactivo";"Media";"Efectivo";"";"";"";"";""
"3488";"Prospecto inactivo";"Meta Ads Formulario";"25/06/2026 21:04:18";"Lead enfriado";"Taller mecánico";"Inactivo";"Media";"Efectivo";"";"";"";"";""
"3490";"Prospecto inactivo";"Meta Ads Formulario";"25/06/2026 22:29:49";"Indican que lo evaluarán más adelante";"Taller mecánico";"Activo";"Media";"";"";"";"";"";""
"3492";"Prospecto inactivo";"Meta Ads Formulario";"26/06/2026 08:21:17";"No responde mensajes ni llamada";"Distribuidora";"Inactivo";"Media";"";"";"";"";"";""
"3500";"Prospecto inactivo";"Redes";"26/06/2026 16:23:00";"No responde mensajes ni llamada";"Casa de Repuestos de Autos";"Inactivo";"Media";"Efectivo";"";"";"";"";""
"3502";"Prospecto inactivo";"Meta Ads Formulario";"26/06/2026 17:53:56";"Indican que lo evaluarán más adelante";"Distribuidora";"Activo";"Media";"Efectivo";"";"";"";"";""
"3506";"Prospecto inactivo";"Meta Ads Formulario";"27/06/2026 07:37:45";"Lead enfriado";"Casa de Repuestos de Motos";"Activo";"Media";"Efectivo";"";"";"";"";""
"3508";"Prospecto inactivo";"Meta Ads Formulario";"27/06/2026 20:19:51";"No responde mensajes ni llamada";"Distribuidora";"Inactivo";"Media";"No efectivo";"";"";"";"";""
"3510";"Convertido";"Meta Ads Formulario";"28/06/2026 00:32:04";"";"Combinación con Casa de Repuestos";"Activo";"Media";"";"";"";"";"";""
"3512";"Prospecto no útil";"Meta Ads Formulario";"28/06/2026 03:30:06";"No tiene negocio, negocio de otro rubro";"Lubricentro";"Inactivo";"Media";"Efectivo";"";"";"";"";""
"3514";"Convertido";"Meta Ads Formulario";"28/06/2026 07:29:49";"";"Casa de Repuestos de Autos";"Inactivo";"Media";"Efectivo";"";"";"";"";""
"3516";"Convertido";"Meta Ads Formulario";"28/06/2026 09:34:20";"";"Combinación con Casa de Repuestos";"Activo";"Media";"";"";"";"";"";""
"3518";"Prospecto inactivo";"Meta Ads Formulario";"28/06/2026 11:26:59";"No interesado por ahora";"Taller mecánico";"Activo";"Media";"Efectivo";"";"";"";"";""
"3520";"Prospecto inactivo";"Meta Ads Formulario";"28/06/2026 17:02:47";"No responde mensajes ni llamada";"Casa de Repuestos de Autos";"Inactivo";"Media";"No efectivo";"";"";"";"";""
"3522";"Convertido";"Meta Ads Formulario";"28/06/2026 20:22:48";"";"Casa de Repuestos de Pesados";"Activo";"Alta";"";"";"";"";"";""
"3524";"Prospecto inactivo";"Meta Ads Formulario";"28/06/2026 22:48:53";"No responde mensajes ni llamada";"Lubricentro";"Inactivo";"Media";"No efectivo";"";"";"";"";""
"3526";"Prospecto inactivo";"Meta Ads Formulario";"29/06/2026 14:21:05";"Lead enfriado";"Casa de Repuestos de Autos";"Activo";"Media";"Efectivo";"";"";"";"";""
"3528";"Prospecto inactivo";"Meta Ads Formulario";"29/06/2026 19:43:30";"No responde mensajes ni llamada";"Distribuidora";"Inactivo";"Media";"No efectivo";"";"";"";"";""
"3532";"Prospecto inactivo";"Meta Ads Formulario";"29/06/2026 21:58:18";"Lead enfriado";"Casa de Repuestos de Autos";"Inactivo";"Media";"Efectivo";"";"";"";"";""
"3534";"Prospecto inactivo";"Meta Ads Formulario";"29/06/2026 22:59:30";"Indican que lo evaluarán más adelante";"Casa de Repuestos de Autos";"Inactivo";"Media";"Efectivo";"";"";"";"";""
"3536";"Prospecto inactivo";"Meta Ads Formulario";"30/06/2026 07:06:54";"No responde mensajes ni llamada";"Taller mecánico";"Inactivo";"Media";"No efectivo";"";"";"";"";""
"3538";"Prospecto inactivo";"Meta Ads Formulario";"30/06/2026 07:10:11";"No responde mensajes ni llamada";"Taller mecánico";"Inactivo";"Media";"Efectivo";"";"";"";"";""
"3548";"Prospecto inactivo";"Meta Ads Formulario";"01/07/2026 01:16:56";"No responde mensajes ni llamada";"Casa de Repuestos de Motos";"Inactivo";"Media";"No efectivo";"";"";"";"";""
"3550";"Prospecto inactivo";"Meta Ads Formulario";"01/07/2026 01:53:34";"Lead enfriado";"Taller mecánico";"Inactivo";"Media";"Efectivo";"";"";"";"";""
"3552";"Prospecto inactivo";"Meta Ads Formulario";"01/07/2026 10:34:47";"Buscaba otra cosa";"Taller mecánico";"Inactivo";"Media";"Efectivo";"";"";"";"";""
"3554";"Prospecto no útil";"Meta Ads Formulario";"01/07/2026 12:51:18";"Datos incorrectos o contacto inexistente";"Casa de Repuestos de Autos";"Inactivo";"Media";"No efectivo";"";"";"";"";""
"3556";"Prospecto inactivo";"Meta Ads Formulario";"01/07/2026 14:13:10";"No responde mensajes ni llamada";"Taller mecánico";"Inactivo";"Media";"No efectivo";"";"";"";"";""
"3558";"Convertido";"Redes";"01/07/2026 15:41:03";"";"Casa de Repuestos de Autos";"Activo";"Alta";"Efectivo";"";"";"";"";""
"3562";"Prospecto inactivo";"Meta Ads Formulario";"01/07/2026 19:36:37";"atiende y corta";"Taller mecánico";"Inactivo";"Media";"Efectivo";"";"";"";"";""
"3574";"Convertido";"Meta Ads Formulario";"02/07/2026 17:29:38";"";"Casa de Repuestos de Autos";"Inactivo";"Media";"Efectivo";"";"";"";"";""
"3576";"Prospecto inactivo";"Meta Ads Formulario";"02/07/2026 18:46:57";"No responde mensajes ni llamada";"Lubricentro";"Inactivo";"Media";"No efectivo";"";"";"";"";""
"3578";"Convertido";"Meta Ads Formulario";"02/07/2026 20:31:36";"";"Casa de Repuestos de Autos";"Inactivo";"Alta";"Efectivo";"";"";"";"";""
"3580";"Prospecto inactivo";"Redes";"03/07/2026 02:45:49";"Lead enfriado";"Casa de Repuestos de Autos";"Activo";"Media";"Efectivo";"";"";"";"";""
"3582";"Prospecto inactivo";"Meta Ads Formulario";"03/07/2026 07:42:52";"No responde mensajes ni llamada";"Casa de Repuestos de Autos";"Inactivo";"Media";"No efectivo";"";"";"";"";""
"3584";"Convertido";"Meta Ads Formulario";"03/07/2026 08:23:05";"";"Casa de Repuestos de Autos";"Inactivo";"Media";"Efectivo";"";"";"";"";""
"3600";"Prospecto no útil";"Meta Ads Formulario";"03/07/2026 22:26:23";"Buscaba compras productos";"Taller mecánico";"Inactivo";"Media";"Efectivo";"";"";"";"";""
"3602";"Prospecto inactivo";"Meta Ads Formulario";"04/07/2026 05:28:37";"No responde mensajes ni llamada";"Lubricentro";"Inactivo";"Media";"No efectivo";"";"";"";"";""
"3606";"Prospecto inactivo";"Meta Ads Formulario";"04/07/2026 20:39:31";"Lead enfriado";"Taller mecánico";"Inactivo";"Media";"Efectivo";"";"";"";"";""
"3610";"Convertido";"Meta Ads Formulario";"05/07/2026 19:10:32";"";"Casa de Repuestos de Agrícolas";"Inactivo";"Media";"Efectivo";"";"";"";"";""
"3612";"Prospecto inactivo";"Meta Ads Formulario";"05/07/2026 19:48:39";"No responde mensajes ni llamada";"Casa de Repuestos de Motos";"Inactivo";"Media";"No efectivo";"";"";"";"";""
"3614";"Prospecto inactivo";"Redes";"05/07/2026 20:43:16";"";"Taller mecánico";"Activo";"";"Efectivo";"";"";"";"";""
"3616";"Convertido";"Meta Ads Formulario";"05/07/2026 21:31:25";"";"Casa de Repuestos de Autos";"Inactivo";"Baja";"Efectivo";"";"";"";"";""
"3618";"Prospecto inactivo";"Meta Ads Formulario";"05/07/2026 22:21:44";"Lead enfriado";"Casa de Repuestos de Autos";"Inactivo";"Media";"Efectivo";"";"";"";"";""
"3620";"Prospecto inactivo";"Meta Ads Formulario";"06/07/2026 00:23:23";"Indican que lo evaluarán más adelante";"Taller mecánico";"Inactivo";"Media";"Efectivo";"";"";"";"";""
"3624";"Prospecto inactivo";"Meta Ads";"06/07/2026 09:32:25";"No responde mensajes ni llamada";"A definir";"";"";"No efectivo";"";"";"";"";""
"3626";"Prospecto no útil";"Meta Ads Formulario";"06/07/2026 09:50:10";"Buscaba compras productos";"Taller mecánico";"Inactivo";"Media";"Efectivo";"";"";"";"";""
"3628";"Prospecto inactivo";"Demo masiva en vivo";"06/07/2026 10:23:14";"";"Distribuidora";"Inactivo";"Media";"No efectivo";"";"";"";"";""
"3630";"Convertido";"Demo masiva en vivo";"06/07/2026 12:29:55";"";"Casa de Repuestos de Autos";"Inactivo";"Media";"Efectivo";"";"";"";"";""
"3634";"Prospecto inactivo";"Meta Ads Formulario";"06/07/2026 18:35:13";"No responde mensajes ni llamada";"Casa de Repuestos de Autos";"Inactivo";"Media";"No efectivo";"";"";"";"";""
"3638";"Convertido";"Demo masiva en vivo";"06/07/2026 20:31:07";"";"Casa de Repuestos de Autos";"Inactivo";"Media";"Efectivo";"";"";"";"";""
"3640";"Prospecto inactivo";"Redes";"06/07/2026 21:47:24";"";"Casa de Repuestos de Autos";"Activo";"Media";"Efectivo";"";"";"";"";""
"3642";"Convertido";"Meta Ads Formulario";"06/07/2026 23:09:23";"";"Casa de Repuestos de Autos";"Inactivo";"Media";"Efectivo";"";"";"";"";""
"3644";"Convertido";"Meta Ads";"07/07/2026 11:43:43";"";"Casa de Repuestos de Pesados";"";"Alta";"Efectivo";"";"";"";"";""
"3646";"Convertido";"Meta Ads Formulario";"07/07/2026 19:31:12";"";"Casa de Repuestos de Autos";"Inactivo";"Media";"No efectivo";"";"";"";"";""
"3648";"Convertido";"Meta Ads Formulario";"07/07/2026 22:14:54";"";"Combinación con Casa de Repuestos de motos";"Inactivo";"Media";"Efectivo";"";"";"";"";""
"3650";"Prospecto inactivo";"Meta Ads Formulario";"07/07/2026 22:58:27";"";"Distribuidora";"Inactivo";"Media";"No efectivo";"";"";"";"";""
"3658";"Prospecto no útil";"Visita Presencial - Córdoba - 2026";"08/07/2026 13:59:47";"Buscaba compras productos";"Taller mecánico";"Inactivo";"Media";"Efectivo";"";"";"";"";""
"3660";"Prospecto inactivo";"Meta Ads Formulario";"08/07/2026 16:04:35";"Frenado el negocio por ventas";"Taller mecánico";"Inactivo";"Media";"Efectivo";"";"";"";"";""
"3662";"Convertido";"Demo masiva en vivo";"08/07/2026 20:10:27";"";"Casa de Repuestos de Autos";"Inactivo";"Media";"Efectivo";"";"";"";"";""
"3664";"Prospecto inactivo";"Meta Ads Formulario";"09/07/2026 00:17:40";"";"Taller mecánico";"Inactivo";"Media";"No efectivo";"";"";"";"";""
"3666";"Prospecto inactivo";"Meta Ads Formulario";"09/07/2026 09:37:25";"No interesado por ahora";"Taller mecánico";"Inactivo";"Media";"Efectivo";"";"";"";"";""
"3668";"Prospecto inactivo";"Meta Ads Formulario";"09/07/2026 18:55:18";"No responde mensajes ni llamada";"Casa de Repuestos de Autos";"Inactivo";"Media";"No efectivo";"";"";"";"";""
"3670";"Prospecto inactivo";"Demo masiva en vivo";"10/07/2026 09:03:00";"";"Casa de Repuestos de Autos";"";"";"Efectivo";"";"";"";"";""
"3672";"Prospecto inactivo";"Demo masiva en vivo";"10/07/2026 11:55:10";"No responde mensajes ni llamada";"A definir";"Inactivo";"Media";"No efectivo";"";"";"";"";""
"3682";"Convertido";"Visita Presencial - Córdoba - 2026";"11/07/2026 10:09:24";"";"Casa de Repuestos de Autos";"Inactivo";"Media";"No efectivo";"";"";"";"";""
"3684";"Prospecto inactivo";"Demo masiva en vivo";"11/07/2026 16:09:37";"atiende y corta";"A definir";"Inactivo";"Media";"Efectivo";"";"";"";"";""
"3686";"Prospecto inactivo";"Meta Ads Formulario";"11/07/2026 17:18:35";"";"Casa de Repuestos de Autos";"Inactivo";"Media";"Efectivo";"";"";"";"";""
"3688";"Convertido";"Demo masiva en vivo";"11/07/2026 17:52:59";"";"Casa de Repuestos de Autos";"Inactivo";"Media";"Efectivo";"";"";"";"";""
"3692";"Prospecto inactivo";"Meta Ads Formulario";"12/07/2026 11:29:25";"Lead enfriado";"Casa de Repuestos de Autos";"Inactivo";"Media";"Efectivo";"";"";"";"";""
"3696";"Prospecto inactivo";"Meta Ads Formulario";"12/07/2026 18:50:16";"Le parece caro";"Taller mecánico";"Inactivo";"Media";"Efectivo";"";"";"";"";""
"3698";"Convertido";"Meta Ads Formulario";"12/07/2026 20:10:37";"";"Casa de Repuestos de Autos";"Inactivo";"Media";"Efectivo";"";"";"";"";""
"3700";"Convertido";"Demo masiva en vivo";"12/07/2026 20:19:07";"";"Lubricentro";"Inactivo";"Media";"Efectivo";"";"";"";"";""
"3702";"Prospecto inactivo";"Meta Ads Formulario";"13/07/2026 09:14:30";"Lead enfriado";"Casa de Repuestos de Autos";"Inactivo";"Media";"Efectivo";"";"";"";"";""
"3704";"Convertido";"Demo masiva en vivo";"13/07/2026 13:04:38";"";"Casa de Repuestos de Autos";"Inactivo";"Media";"Efectivo";"";"";"";"";""
"3708";"Convertido";"Demo masiva en vivo";"13/07/2026 19:15:07";"";"Casa de Repuestos de Motos";"Inactivo";"Media";"Efectivo";"";"";"";"";""
"3710";"Prospecto inactivo";"Meta Ads Formulario";"13/07/2026 22:09:39";"Lead enfriado";"Taller mecánico";"Inactivo";"Media";"Efectivo";"";"";"";"";""
"3712";"Convertido";"Meta Ads Formulario";"14/07/2026 00:12:47";"";"Taller mecánico";"Inactivo";"Media";"No efectivo";"";"";"";"";""
"3716";"Prospecto inactivo";"Visita Presencial - Córdoba - 2026";"14/07/2026 06:46:46";"No responde mensajes ni llamada";"Taller mecánico";"Inactivo";"Media";"No efectivo";"";"";"";"";""
"3720";"Prospecto inactivo";"Meta Ads Formulario";"14/07/2026 11:05:21";"No responde mensajes ni llamada";"Casa de Repuestos de Motos";"Inactivo";"Media";"No efectivo";"";"";"";"";""
"3722";"Prospecto inactivo";"Demo masiva en vivo";"14/07/2026 12:37:39";"";"A definir";"Inactivo";"Media";"No efectivo";"";"";"";"";""
"3724";"Prospecto inactivo";"Meta Ads Formulario";"14/07/2026 14:52:11";"Lead enfriado";"Casa de Repuestos de Autos";"Inactivo";"Media";"Efectivo";"";"";"";"";""
"3726";"Prospecto no útil";"Redes";"14/07/2026 15:07:08";"No tiene negocio, negocio de otro rubro";"";"Activo";"";"Efectivo";"";"";"";"";""
"3728";"Convertido";"Meta Ads Formulario";"14/07/2026 16:09:05";"";"Casa de Repuestos de Autos";"Inactivo";"Media";"Efectivo";"";"";"";"";""
"3730";"Convertido";"Meta Ads Formulario";"14/07/2026 21:53:11";"";"Casa de Repuestos de Autos";"Inactivo";"Media";"Efectivo";"";"";"";"";""
"3734";"Prospecto inactivo";"Visita Presencial - Córdoba - 2026";"15/07/2026 13:36:22";"No responde mensajes ni llamada";"Casa de Repuestos de Autos";"Inactivo";"Media";"No efectivo";"";"";"";"";""
"3736";"Convertido";"Meta Ads Formulario";"15/07/2026 14:44:49";"";"Distribuidora";"Inactivo";"Media";"Efectivo";"";"";"";"";""
"3738";"Convertido";"Redes";"15/07/2026 15:18:12";"";"Casa de Repuestos de Autos";"Activo";"";"Efectivo";"";"";"";"";""
"3740";"Prospecto inactivo";"Meta Ads Formulario";"15/07/2026 15:35:02";"Lead enfriado";"Casa de Repuestos de Autos";"Inactivo";"Media";"Efectivo";"";"";"";"";""
"3742";"Prospecto inactivo";"Meta Ads Formulario";"15/07/2026 20:14:49";"Lead enfriado";"Lubricentro";"Inactivo";"Media";"Efectivo";"";"";"";"";""
"3744";"Prospecto inactivo";"Meta Ads Formulario";"15/07/2026 20:15:07";"Lead enfriado";"Casa de Repuestos de Autos";"Inactivo";"Media";"Efectivo";"";"";"";"";""
"3746";"Convertido";"Meta Ads Formulario";"16/07/2026 09:05:52";"";"Casa de Repuestos de Autos";"Inactivo";"Media";"Efectivo";"";"";"";"";""
"3748";"Convertido";"Redes";"16/07/2026 17:18:00";"";"Casa de Repuestos de Autos";"Activo";"Alta";"Efectivo";"";"";"";"";""
"3752";"Prospecto inactivo";"Demo masiva en vivo";"16/07/2026 22:23:36";"Lead enfriado";"Casa de Repuestos de Autos";"Inactivo";"Media";"Efectivo";"";"";"";"";""
"3754";"Prospecto inactivo";"Meta Ads Formulario";"16/07/2026 22:25:55";"No responde mensajes ni llamada";"Casa de Repuestos de Autos";"Inactivo";"Media";"No efectivo";"";"";"";"";""
"3756";"Convertido";"Meta Ads Formulario";"17/07/2026 02:06:47";"";"Combinación con Casa de Repuestos de motos";"Inactivo";"Media";"Efectivo";"";"";"";"";""
"3758";"Convertido";"Demo masiva en vivo";"17/07/2026 09:39:34";"";"Casa de Repuestos de Motos";"Inactivo";"Alta";"Efectivo";"";"";"";"";""
"3760";"Convertido";"Demo masiva en vivo";"17/07/2026 15:16:11";"";"Lubricentro";"Inactivo";"Media";"Efectivo";"";"";"";"";""
"3762";"Prospecto inactivo";"Meta Ads Formulario";"18/07/2026 02:30:33";"Lead enfriado";"Casa de Repuestos de Autos";"Inactivo";"Media";"Efectivo";"";"";"";"";""
"3764";"Prospecto inactivo";"Demo masiva en vivo";"18/07/2026 08:03:58";"Lead enfriado";"Casa de Repuestos de Motos";"Inactivo";"Media";"Efectivo";"";"";"";"";""
"3766";"Prospecto inactivo";"Meta Ads Formulario";"18/07/2026 08:09:28";"Indican que lo evaluarán más adelante";"Distribuidora";"Inactivo";"Media";"Efectivo";"";"";"";"";""
"3768";"Prospecto inactivo";"Meta Ads Formulario";"18/07/2026 15:52:28";"Indican que lo evaluarán más adelante";"Casa de Repuestos de Autos";"Inactivo";"Media";"Efectivo";"";"";"";"";""
"3770";"Convertido";"Demo masiva en vivo";"18/07/2026 19:54:31";"";"Casa de Repuestos de Autos";"Inactivo";"Alta";"Efectivo";"";"";"";"";""
"3772";"Prospecto inactivo";"Meta Ads Formulario";"18/07/2026 21:51:57";"No responde mensajes ni llamada";"Casa de Repuestos de Motos";"Inactivo";"Media";"No efectivo";"";"";"";"";""
"3774";"Convertido";"Meta Ads Formulario";"19/07/2026 10:23:46";"";"Casa de Repuestos de Autos";"Inactivo";"Media";"Efectivo";"";"";"";"";""
"3776";"Prospecto inactivo";"Meta Ads Formulario";"19/07/2026 21:44:38";"No responde mensajes ni llamada";"Casa de Repuestos de Motos";"Inactivo";"Media";"No efectivo";"";"";"";"";""
"3778";"Convertido";"Visita Presencial - Córdoba - 2026";"19/07/2026 23:20:35";"";"Combinación con Casa de Repuestos";"Inactivo";"Media";"Efectivo";"";"";"";"";""
"3780";"Prospecto inactivo";"Meta Ads Formulario";"19/07/2026 23:50:27";"Lead enfriado";"Casa de Repuestos de Autos";"Inactivo";"Media";"Efectivo";"";"";"";"";""
"3782";"Prospecto no útil";"Meta Ads Formulario";"20/07/2026 05:45:10";"No tiene negocio, negocio de otro rubro";"Distribuidora";"Inactivo";"Media";"Efectivo";"";"";"";"";""
"3786";"Prospecto inactivo";"Demo masiva en vivo";"20/07/2026 09:32:05";"Lead enfriado";"Casa de Repuestos de Autos";"Inactivo";"Media";"Efectivo";"";"";"";"";""
"3788";"Prospecto inactivo";"Meta Ads Formulario";"20/07/2026 12:05:12";"No responde mensajes ni llamada";"Taller mecánico";"Inactivo";"Media";"No efectivo";"";"";"";"";""
"3790";"Prospecto inactivo";"Demo masiva en vivo";"20/07/2026 17:43:03";"No responde mensajes ni llamada";"Taller mecánico";"Inactivo";"Media";"No efectivo";"";"";"";"";""
"3792";"Prospecto inactivo";"Demo masiva en vivo";"20/07/2026 21:22:01";"No responde mensajes ni llamada";"A definir";"Inactivo";"Media";"No efectivo";"";"";"";"";""
"3794";"Prospecto inactivo";"Meta Ads Formulario";"21/07/2026 01:09:32";"No responde mensajes ni llamada";"Casa de Repuestos de Motos";"Inactivo";"Media";"No efectivo";"";"";"";"";""
"3802";"Convertido";"Meta Ads Formulario";"21/07/2026 10:02:13";"";"Casa de Repuestos de Autos";"Inactivo";"Media";"Efectivo";"";"";"";"";""
"3808";"Prospecto inactivo";"Visita Presencial - Córdoba - 2026";"21/07/2026 13:28:17";"Lead enfriado";"Casa de Repuestos de Autos";"Inactivo";"Media";"Efectivo";"";"";"";"";""
"3814";"Prospecto inactivo";"Meta Ads Formulario";"21/07/2026 16:20:11";"No responde mensajes ni llamada";"Casa de Repuestos de Autos";"Inactivo";"Media";"No efectivo";"";"";"";"";""
"3816";"Prospecto inactivo";"Demo masiva en vivo";"21/07/2026 20:02:35";"Frenado el negocio por ventas";"A definir";"Inactivo";"Media";"Efectivo";"";"";"";"";""
"3818";"Prospecto inactivo";"Demo masiva en vivo";"22/07/2026 01:01:29";"atiende y corta";"A definir";"Inactivo";"Media";"Efectivo";"";"";"";"";""
"3820";"Convertido";"Visita Presencial - Córdoba - 2026";"22/07/2026 11:35:49";"";"Casa de Repuestos de Autos";"";"Alta";"Efectivo";"";"";"";"";""
"3822";"Convertido";"Redes";"22/07/2026 16:47:55";"";"Distribuidora";"";"Media";"Efectivo";"";"";"";"";""
"3824";"Convertido";"Redes";"22/07/2026 16:58:56";"";"Casa de Repuestos de Autos";"";"Alta";"Efectivo";"";"";"";"";""
"3826";"Prospecto inactivo";"Meta Ads Formulario";"22/07/2026 23:15:43";"No responde mensajes ni llamada";"Taller mecánico";"Inactivo";"Media";"No efectivo";"";"";"";"";""
"3828";"Prospecto inactivo";"Meta Ads Formulario";"23/07/2026 01:33:32";"Lead enfriado";"Casa de Repuestos de Motos";"Inactivo";"Media";"Efectivo";"";"";"";"";""
"3830";"Convertido";"Visita Presencial - Córdoba - 2026";"23/07/2026 11:59:15";"";"Casa de Repuestos de Autos";"";"Alta";"Efectivo";"";"";"";"";""
"3832";"Convertido";"Demo masiva en vivo";"23/07/2026 13:25:18";"";"Casa de Repuestos de Pesados";"Inactivo";"Alta";"Efectivo";"";"";"";"";""
"3834";"Convertido";"Meta Ads";"23/07/2026 18:32:20";"";"Taller mecánico";"";"Media";"Efectivo";"";"";"";"";""
"3836";"Prospecto inactivo";"Meta Ads Formulario";"24/07/2026 18:18:46";"No responde mensajes ni llamada";"Taller mecánico";"Inactivo";"Media";"No efectivo";"";"";"";"";""
"3838";"Prospecto inactivo";"Meta Ads Formulario";"24/07/2026 23:22:17";"Lead enfriado";"Casa de Repuestos de Autos";"Inactivo";"Media";"Efectivo";"";"";"";"";""
"3850";"Convertido";"Meta Ads Formulario";"25/07/2026 16:18:30";"";"Casa de Repuestos de Autos";"Inactivo";"Alta";"Efectivo";"";"";"";"";""
"3852";"Prospecto no útil";"Meta Ads Formulario";"25/07/2026 21:40:49";"Buscaba otra cosa";"Casa de Repuestos de Autos";"Inactivo";"Media";"Efectivo";"";"";"";"";""
"3854";"Convertido";"Redes";"25/07/2026 22:58:38";"";"Casa de Repuestos de Autos";"Activo";"Alta";"Efectivo";"";"";"";"";""
"3868";"Convertido";"Meta Ads Formulario";"26/07/2026 12:54:30";"";"Combinación con Casa de Repuestos de motos";"Inactivo";"Alta";"Efectivo";"";"";"";"";""
"3870";"Prospecto inactivo";"Meta Ads Formulario";"26/07/2026 19:06:48";"No responde mensajes ni llamada";"Taller mecánico";"Inactivo";"Media";"No efectivo";"";"";"";"";""
"3884";"Convertido";"Meta Ads Formulario";"27/07/2026 07:57:52";"";"Distribuidora";"Inactivo";"Baja";"Efectivo";"";"";"";"";""
"3888";"Prospecto inactivo";"Demo masiva en vivo";"27/07/2026 10:04:37";"Tiene que pasar la info a sus superiores";"A definir";"Inactivo";"Media";"Efectivo";"";"";"";"";""
"3896";"Prospecto inactivo";"Meta Ads";"27/07/2026 14:30:04";"No responde mensajes ni llamada";"A definir";"Activo";"";"No efectivo";"";"";"";"";""
"3900";"Convertido";"Visita Presencial - Rosario - 2026";"27/07/2026 14:44:53";"";"Casa de Repuestos de Autos";"";"Alta";"Efectivo";"";"";"";"";""
"3902";"Prospecto no útil";"Meta Ads Formulario";"27/07/2026 15:02:54";"No tiene negocio, negocio de otro rubro";"Casa de Repuestos de Motos";"Inactivo";"Media";"No efectivo";"";"";"";"";""
"3906";"Prospecto no útil";"Meta Ads Formulario";"27/07/2026 19:14:57";"Buscaba compras productos";"Taller mecánico";"Inactivo";"Media";"Efectivo";"";"";"";"";""
"3908";"Prospecto inactivo";"Meta Ads Formulario";"27/07/2026 23:21:04";"No responde mensajes ni llamada";"Lubricentro";"Inactivo";"Media";"No efectivo";"";"";"";"";""
"3910";"Convertido";"Meta Ads Formulario";"27/07/2026 23:33:04";"";"Casa de Repuestos de Autos";"Inactivo";"Alta";"Efectivo";"";"";"";"";""
"3912";"Prospecto inactivo";"Meta Ads Formulario";"28/07/2026 00:28:52";"No responde mensajes ni llamada";"Casa de Repuestos de Autos";"Inactivo";"Media";"No efectivo";"";"";"";"";""
"3914";"Prospecto inactivo";"Demo masiva en vivo";"28/07/2026 08:40:39";"No responde mensajes ni llamada";"A definir";"Inactivo";"Media";"No efectivo";"";"";"";"";""
"3916";"Prospecto inactivo";"Demo masiva en vivo";"28/07/2026 08:46:18";"No responde mensajes ni llamada";"A definir";"Inactivo";"Media";"No efectivo";"";"";"";"";""
"3918";"Convertido";"Redes";"28/07/2026 10:35:58";"";"Casa de Repuestos de Autos";"Activo";"Alta";"Efectivo";"";"";"";"";""
"3920";"Convertido";"Visita Presencial - Rosario - 2026";"28/07/2026 10:55:15";"";"Casa de Repuestos de Motos";"";"Alta";"Efectivo";"";"";"";"";""
"3922";"Convertido";"Visita Presencial - Rosario - 2026";"28/07/2026 12:27:47";"";"Combinación con Casa de Repuestos";"";"Alta";"Efectivo";"";"";"";"";""
"3926";"Convertido";"Meta Ads";"28/07/2026 14:31:24";"";"Casa de Repuestos de Autos";"";"Alta";"Efectivo";"";"";"";"";""
"3928";"Prospecto no útil";"Meta Ads Formulario";"28/07/2026 17:46:29";"Buscaba compras productos";"Lubricentro";"Inactivo";"Media";"Efectivo";"";"";"";"";""
"3930";"Prospecto inactivo";"Meta Ads Formulario";"28/07/2026 20:12:08";"No responde mensajes ni llamada";"Lubricentro";"Inactivo";"Media";"No efectivo";"";"";"";"";""
"3932";"Prospecto inactivo";"Meta Ads Formulario";"28/07/2026 22:49:33";"Lead enfriado";"Lubricentro";"Inactivo";"Media";"Efectivo";"";"";"";"";""
"3934";"Convertido";"Meta Ads Formulario";"28/07/2026 23:20:27";"";"Casa de Repuestos de Motos";"Inactivo";"Media";"Efectivo";"";"";"";"";""
"3936";"Prospecto inactivo";"Meta Ads Formulario";"29/07/2026 13:19:37";"Lead enfriado";"Lubricentro";"Inactivo";"Media";"Efectivo";"";"";"";"";""
"3940";"Prospecto no útil";"Redes";"30/07/2026 07:27:55";"No tiene negocio, negocio de otro rubro";"A definir";"Activo";"Alta";"Efectivo";"";"";"";"";""
"3944";"Prospecto no útil";"Meta Ads";"30/07/2026 10:55:56";"Buscaba compras productos";"A definir";"Activo";"";"Efectivo";"";"";"";"";""
"3948";"Prospecto inactivo";"Meta Ads";"30/07/2026 20:15:56";"Lead enfriado";"A definir";"Activo";"Media";"Efectivo";"";"";"";"";""
"3950";"Prospecto inactivo";"Meta Ads Formulario";"31/07/2026 00:15:38";"Lead enfriado";"Casa de Repuestos de Motos";"Inactivo";"Media";"Efectivo";"";"";"";"";""
"3954";"Prospecto no útil";"Meta Ads Formulario";"31/07/2026 11:56:04";"Apreto por error";"Casa de Repuestos de Motos";"Inactivo";"Media";"Efectivo";"";"";"";"";""
"3956";"Prospecto inactivo";"Meta Ads";"31/07/2026 15:37:58";"No responde mensajes ni llamada";"Lubricentro";"Activo";"Media";"No efectivo";"";"";"";"";""
"3960";"Prospecto inactivo";"Meta Ads";"31/07/2026 20:15:30";"Lead enfriado";"Taller mecánico";"Activo";"Media";"Efectivo";"";"";"";"";""
"3962";"Convertido";"Demo masiva en vivo";"01/08/2026 00:20:27";"";"Casa de Repuestos de Autos";"Inactivo";"Alta";"Efectivo";"";"";"";"";""
"3970";"Prospecto inactivo";"Meta Ads Formulario";"01/08/2026 16:32:51";"Con poco tiempo para ver la info";"Taller mecánico";"Inactivo";"Media";"Efectivo";"";"";"";"";""
"3978";"Prospecto inactivo";"Meta Ads Formulario";"02/08/2026 10:18:09";"Temas personales";"Taller mecánico";"Inactivo";"Media";"Efectivo";"";"";"";"";""
"3980";"Convertido";"Meta Ads Formulario";"02/08/2026 10:55:26";"";"Casa de Repuestos de Autos";"Inactivo";"Media";"Efectivo";"";"";"";"";""
"3982";"Prospecto inactivo";"Meta Ads Formulario";"02/08/2026 23:38:09";"No responde mensajes ni llamada";"Taller mecánico";"Inactivo";"Media";"No efectivo";"";"";"";"";""
"3992";"Prospecto inactivo";"Meta Ads";"03/08/2026 14:02:55";"No interesado por ahora";"A definir";"Activo";"Media";"Efectivo";"";"";"";"";""
"3996";"Convertido";"Lead Magnet";"03/08/2026 16:32:03";"";"Combinación con Casa de Repuestos";"";"Alta";"Efectivo";"";"";"";"";""
"3998";"Prospecto no útil";"Meta Ads";"03/08/2026 18:04:55";"Datos incorrectos o contacto inexistente";"A definir";"Activo";"Media";"Efectivo";"";"";"";"";""
"4000";"Prospecto inactivo";"Meta Ads Formulario";"03/08/2026 19:27:18";"No responde mensajes ni llamada";"Casa de Repuestos de Motos";"Inactivo";"Media";"No efectivo";"";"";"";"";""
"4002";"Prospecto inactivo";"Meta Ads Formulario";"03/08/2026 19:59:40";"Buscaba solo conocer mas de nosotros";"Taller mecánico";"Inactivo";"Media";"Efectivo";"";"";"";"";""
"4004";"Prospecto inactivo";"Meta Ads";"03/08/2026 20:55:58";"No responde mensajes ni llamada";"A definir";"Activo";"Media";"No efectivo";"";"";"";"";""
"4006";"Prospecto inactivo";"Meta Ads Formulario";"03/08/2026 23:13:24";"atiende y corta";"Taller mecánico";"Inactivo";"Media";"Efectivo";"";"";"";"";""
"4010";"Prospecto no útil";"Meta Ads";"04/08/2026 00:38:58";"Buscaba compras productos";"A definir";"Activo";"Media";"Efectivo";"";"";"";"";""
"4012";"Prospecto no útil";"Meta Ads Formulario";"04/08/2026 01:39:20";"Apreto por error";"Lubricentro";"Inactivo";"Media";"Efectivo";"";"";"";"";""
"4016";"Convertido";"Redes";"04/08/2026 08:45:05";"";"Casa de Repuestos de Autos";"Activo";"Alta";"Efectivo";"";"";"";"";""
"4018";"Convertido";"Meta Ads";"04/08/2026 10:10:09";"";"Distribuidora";"";"Alta";"Efectivo";"";"";"";"";""
"4020";"Prospecto inactivo";"Meta Ads Formulario";"04/08/2026 10:24:00";"Con poco tiempo para ver la info";"Casa de Repuestos de Autos";"Inactivo";"Media";"Efectivo";"";"";"";"";""
"4022";"Prospecto inactivo";"Meta Ads Formulario";"04/08/2026 11:54:52";"Lead enfriado";"Casa de Repuestos de Autos";"Inactivo";"Media";"Efectivo";"";"";"";"";""
"4024";"Convertido";"Curso en vivo IA";"04/08/2026 15:30:39";"";"Casa de Repuestos de Autos";"";"";"Efectivo";"";"";"";"";""
"4026";"Convertido";"Curso en vivo IA";"04/08/2026 15:36:34";"";"Casa de Repuestos de Autos";"Inactivo";"Alta";"No efectivo";"";"";"";"";""
"4028";"Webinars";"Curso en vivo IA";"04/08/2026 15:38:20";"";"Casa de Repuestos de Agrícolas";"Inactivo";"";"No efectivo";"";"";"";"";""
"4032";"Prospecto inactivo";"Curso en vivo IA";"04/08/2026 15:43:31";"No interesado por ahora";"Taller mecánico";"Inactivo";"";"Efectivo";"";"";"";"";""
"4034";"Webinars";"Curso en vivo IA";"04/08/2026 15:45:01";"";"";"Inactivo";"";"No efectivo";"";"";"";"";""
"4036";"Webinars";"Curso en vivo IA";"04/08/2026 15:46:49";"";"Taller mecánico";"Inactivo";"";"No efectivo";"";"";"";"";""
"4038";"Webinars";"Curso en vivo IA";"04/08/2026 15:48:40";"";"Distribuidora";"Inactivo";"";"No efectivo";"";"";"";"";""
"4040";"Webinars";"Curso en vivo IA";"04/08/2026 15:52:53";"";"Casa de Repuestos de Autos";"Inactivo";"";"No efectivo";"";"";"";"";""
"4042";"Webinars";"Curso en vivo IA";"04/08/2026 15:54:52";"";"Casa de Repuestos de Autos";"Inactivo";"";"Efectivo";"";"";"";"";""
"4044";"Convertido";"Curso en vivo IA";"04/08/2026 15:56:10";"";"Distribuidora";"Inactivo";"Alta";"Efectivo";"";"";"";"";""
"4046";"Webinars";"Curso en vivo IA";"04/08/2026 15:57:39";"";"Taller mecánico";"Inactivo";"";"Efectivo";"";"";"";"";""
"4048";"Webinars";"Curso en vivo IA";"04/08/2026 15:58:36";"";"Casa de Repuestos de Autos";"Inactivo";"";"No efectivo";"";"";"";"";""
"4050";"Webinars";"Curso en vivo IA";"04/08/2026 15:59:51";"";"Taller mecánico";"Inactivo";"";"No efectivo";"";"";"";"";""
"4052";"Convertido";"Curso en vivo IA";"04/08/2026 16:00:49";"";"Distribuidora";"Inactivo";"Alta";"Efectivo";"";"";"";"";""
"4056";"Convertido";"Curso en vivo IA";"04/08/2026 16:03:33";"";"Distribuidora";"Inactivo";"Alta";"Efectivo";"";"";"";"";""
"4060";"Webinars";"Curso en vivo IA";"04/08/2026 16:05:17";"";"Casa de Repuestos de Autos";"Inactivo";"";"Efectivo";"";"";"";"";""
"4062";"Webinars";"Curso en vivo IA";"04/08/2026 16:06:25";"";"Taller mecánico";"Inactivo";"";"No efectivo";"";"";"";"";""
"4064";"Webinars";"Curso en vivo IA";"04/08/2026 16:12:13";"";"Taller mecánico";"Inactivo";"";"No efectivo";"";"";"";"";""
"4066";"Convertido";"Meta Ads Formulario";"04/08/2026 18:10:15";"";"Lubricentro";"Inactivo";"Media";"Efectivo";"";"";"";"";""
"4068";"Prospecto inactivo";"Meta Ads";"04/08/2026 18:20:27";"Lead enfriado";"Casa de Repuestos de Autos";"Activo";"Media";"Efectivo";"";"";"";"";""
"4076";"Prospecto inactivo";"Meta Ads Formulario";"05/08/2026 12:46:34";"Lead enfriado";"Casa de Repuestos de Autos";"Inactivo";"Media";"Efectivo";"";"";"";"";""
"4084";"Prospecto inactivo";"Demo masiva en vivo";"05/08/2026 22:08:28";"No responde mensajes ni llamada";"Taller mecánico";"Inactivo";"Media";"No efectivo";"";"";"";"";""
"4086";"Prospecto inactivo";"Meta Ads";"06/08/2026 00:19:56";"No responde mensajes ni llamada";"Taller mecánico";"Activo";"Media";"No efectivo";"";"";"";"";""
"4090";"Webinars";"Curso en vivo IA";"06/08/2026 11:28:45";"";"Taller mecánico";"Inactivo";"";"No efectivo";"";"";"";"";""
"4092";"Webinars";"Curso en vivo IA";"06/08/2026 11:30:55";"";"Distribuidora";"Inactivo";"";"No efectivo";"";"";"";"";""
"4094";"Webinars";"Curso en vivo IA";"06/08/2026 11:32:15";"";"Taller mecánico";"Inactivo";"";"Efectivo";"";"";"";"";""
"4096";"Webinars";"Curso en vivo IA";"06/08/2026 11:36:15";"";"Casa de Repuestos de Autos";"Inactivo";"";"No efectivo";"";"";"";"";""
"4098";"Prospecto inactivo";"Meta Ads";"06/08/2026 12:11:05";"No responde mensajes ni llamada";"Taller mecánico";"Activo";"Media";"No efectivo";"";"";"";"";""
"4102";"Convertido";"Meta Ads Formulario";"06/08/2026 13:57:03";"";"Casa de Repuestos de Motos";"Inactivo";"Media";"Efectivo";"";"";"";"";""
"4104";"Prospecto inactivo";"Meta Ads";"06/08/2026 22:53:56";"No responde mensajes ni llamada";"A definir";"Activo";"Media";"No efectivo";"";"";"";"";""
"4112";"Prospecto inactivo";"Meta Ads";"07/08/2026 17:52:57";"No responde mensajes ni llamada";"A definir";"Activo";"Media";"No efectivo";"";"";"";"";""
"4114";"Prospecto inactivo";"Meta Ads Formulario";"08/08/2026 07:57:51";"No responde mensajes ni llamada";"Casa de Repuestos de Motos";"Inactivo";"Media";"No efectivo";"";"";"";"";""
"4116";"Prospecto inactivo";"Demo masiva en vivo";"08/08/2026 08:01:14";"Lead enfriado";"Taller mecánico";"Inactivo";"Media";"Efectivo";"";"";"";"";""
"4120";"Prospecto inactivo";"Meta Ads Formulario";"08/08/2026 23:02:20";"No responde mensajes ni llamada";"Taller mecánico";"Inactivo";"Media";"No efectivo";"";"";"";"";""
"4124";"Prospecto inactivo";"Meta Ads";"10/08/2026 12:07:01";"No responde mensajes ni llamada";"A definir";"Activo";"Media";"No efectivo";"";"";"";"";""
"4126";"Prospecto inactivo";"Meta Ads Formulario";"10/08/2026 16:14:01";"Lead enfriado";"Lubricentro";"Inactivo";"Media";"Efectivo";"";"";"";"";""
"4130";"Prospecto inactivo";"Redes";"10/08/2026 23:57:31";"Sin fecha de apertura, recien comienza";"Taller mecánico";"Activo";"Baja";"Efectivo";"";"";"";"";""
"4132";"Prospecto inactivo";"Meta Ads";"11/08/2026 01:32:55";"No responde mensajes ni llamada";"A definir";"Activo";"Media";"No efectivo";"";"";"";"";""
"4134";"Convertido";"Curso en vivo IA";"11/08/2026 12:04:27";"";"Distribuidora";"";"Alta";"Efectivo";"";"";"";"";""
"4136";"Webinars";"Curso en vivo IA";"11/08/2026 12:09:38";"";"Taller mecánico";"";"";"Efectivo";"";"";"";"";""
"4138";"Convertido";"Curso en vivo IA";"11/08/2026 12:11:55";"";"Casa de Repuestos de Autos";"";"Alta";"Efectivo";"";"";"";"";""
"4140";"Webinars";"Curso en vivo IA";"11/08/2026 12:13:54";"";"Casa de Repuestos de Autos";"";"";"No efectivo";"";"";"";"";""
"4142";"Webinars";"Curso en vivo IA";"11/08/2026 12:17:38";"";"Taller mecánico";"";"";"No efectivo";"";"";"";"";""
"4144";"Convertido";"Curso en vivo IA";"11/08/2026 12:19:12";"";"Casa de Repuestos de Autos";"";"Alta";"Efectivo";"";"";"";"";""
"4146";"Webinars";"Curso en vivo IA";"11/08/2026 12:21:39";"";"";"";"";"Efectivo";"";"";"";"";""
"4148";"Prospecto inactivo";"Meta Ads";"11/08/2026 12:21:57";"No responde mensajes ni llamada";"A definir";"Activo";"Media";"No efectivo";"";"";"";"";""
"4150";"Webinars";"Curso en vivo IA";"11/08/2026 12:23:16";"";"Casa de Repuestos de Autos";"";"";"No efectivo";"";"";"";"";""
"4154";"Convertido";"Curso en vivo IA";"11/08/2026 12:27:56";"";"Combinación con Casa de Repuestos";"";"Alta";"Efectivo";"";"";"";"";""
"4156";"Webinars";"Curso en vivo IA";"11/08/2026 12:29:23";"";"Taller mecánico";"";"";"No efectivo";"";"";"";"";""
"4158";"Webinars";"Curso en vivo IA";"11/08/2026 12:30:45";"";"Casa de Repuestos de Autos";"";"";"No efectivo";"";"";"";"";""
"4160";"Webinars";"Curso en vivo IA";"11/08/2026 12:43:30";"";"Lubricentro";"";"";"No efectivo";"";"";"";"";""
"4162";"Prospecto inactivo";"Meta Ads";"12/08/2026 12:35:58";"No responde mensajes ni llamada";"A definir";"Activo";"Media";"No efectivo";"";"";"";"";""
"4164";"Convertido";"Redes";"12/08/2026 12:46:08";"";"Casa de Repuestos de Autos";"Activo";"Media";"Efectivo";"";"";"";"";""
"4166";"Prospecto inactivo";"Meta Ads Formulario";"12/08/2026 15:34:15";"Temas personales";"Casa de Repuestos de Autos";"Inactivo";"Media";"Efectivo";"";"";"";"";""
"4172";"Prospecto inactivo";"Meta Ads Formulario";"12/08/2026 21:05:23";"Lead enfriado";"Combinación con Casa de Repuestos";"Inactivo";"Media";"Efectivo";"";"";"";"";""
"4178";"Prospecto inactivo";"Meta Ads";"13/08/2026 14:57:58";"No responde mensajes ni llamada";"A definir";"Activo";"Media";"No efectivo";"";"";"";"";""
"4188";"Prospecto inactivo";"Meta Ads Formulario";"14/08/2026 12:04:03";"";"Casa de Repuestos de Motos";"";"Media";"Efectivo";"";"";"";"";""
"4190";"Prospecto inactivo";"Meta Ads Formulario";"14/08/2026 12:05:52";"Lead enfriado";"Casa de Repuestos de Pesados";"";"Media";"Efectivo";"";"";"";"";""
"4192";"Webinars";"Curso en vivo IA";"14/08/2026 16:09:34";"";"Casa de Repuestos de Autos";"Inactivo";"";"No efectivo";"";"";"";"";""
"4194";"Webinars";"Curso en vivo IA";"14/08/2026 16:10:37";"";"";"";"";"No efectivo";"";"";"";"";""
"4196";"Webinars";"Curso en vivo IA";"14/08/2026 16:12:28";"";"Casa de Repuestos de Autos";"";"";"No efectivo";"";"";"";"";""
"4200";"Prospecto inactivo";"Meta Ads";"15/08/2026 00:38:56";"No responde mensajes ni llamada";"Taller mecánico";"Activo";"Media";"No efectivo";"";"";"";"";""
"4202";"Prospecto inactivo";"Meta Ads";"15/08/2026 03:21:54";"No responde mensajes ni llamada";"A definir";"Activo";"Media";"No efectivo";"";"";"";"";""
"4204";"Prospecto no útil";"Meta Ads";"16/08/2026 14:48:58";"Apreto por error";"A definir";"Activo";"Media";"Efectivo";"";"";"";"";""
"4206";"Prospecto inactivo";"Meta Ads";"17/08/2026 19:12:55";"No responde mensajes ni llamada";"A definir";"Activo";"Media";"No efectivo";"";"";"";"";""
"4208";"Prospecto inactivo";"Meta Ads";"18/08/2026 02:18:33";"No responde mensajes ni llamada";"Taller mecánico";"Activo";"Media";"No efectivo";"";"";"";"";""
"4210";"Prospecto inactivo";"Demo masiva en vivo";"18/08/2026 09:04:18";"No responde mensajes ni llamada";"A definir";"";"Baja";"No efectivo";"";"";"";"";""
"4212";"Prospecto inactivo";"Meta Ads";"18/08/2026 09:05:53";"No responde mensajes ni llamada";"Casa de Repuestos de Autos";"Activo";"Media";"No efectivo";"";"";"";"";""
"4214";"Prospecto inactivo";"Meta Ads Formulario";"18/08/2026 09:10:11";"Prefieren retomar el contacto en otro momento";"Casa de Repuestos de Motos";"";"Media";"Efectivo";"";"";"";"";""
"4216";"Convertido";"Meta Ads Formulario";"18/08/2026 09:11:54";"";"Casa de Repuestos de Autos";"";"Media";"Efectivo";"";"";"";"";""
"4218";"Convertido";"Meta Ads Formulario";"18/08/2026 09:13:24";"";"Casa de Repuestos de Autos";"";"Alta";"Efectivo";"";"";"";"";""
"4220";"Prospecto inactivo";"Meta Ads Formulario";"18/08/2026 09:14:18";"Lead enfriado";"Taller mecánico";"";"Media";"Efectivo";"";"";"";"";""
"4222";"Prospecto inactivo";"Meta Ads Formulario";"18/08/2026 09:15:50";"No responde mensajes ni llamada";"Casa de Repuestos de Autos";"";"";"No efectivo";"";"";"";"";""
"4224";"Prospecto inactivo";"Meta Ads Formulario";"18/08/2026 09:16:58";"No responde mensajes ni llamada";"Casa de Repuestos de Autos";"";"Media";"No efectivo";"";"";"";"";""
"4226";"Prospecto inactivo";"Meta Ads Formulario";"18/08/2026 09:20:16";"No responde mensajes ni llamada";"Taller mecánico";"";"Media";"No efectivo";"";"";"";"";""
"4228";"Prospecto inactivo";"Meta Ads Formulario";"18/08/2026 09:21:26";"No responde mensajes ni llamada";"Taller mecánico";"";"Media";"No efectivo";"";"";"";"";""
"4230";"Prospecto inactivo";"Meta Ads Formulario";"18/08/2026 09:23:14";"No responde mensajes ni llamada";"Taller mecánico";"";"Media";"No efectivo";"";"";"";"";""
"4232";"Convertido";"Redes";"18/08/2026 13:05:10";"";"Combinación con Casa de Repuestos";"Activo";"Alta";"Efectivo";"";"";"";"";""
"4234";"Prospecto inactivo";"Meta Ads Formulario";"18/08/2026 22:57:05";"No responde mensajes ni llamada";"Casa de Repuestos de Autos";"Inactivo";"Media";"No efectivo";"";"";"";"";""
"4236";"Convertido";"Meta Ads Formulario";"19/08/2026 07:42:50";"Lead enfriado";"Casa de Repuestos de Autos";"Inactivo";"Media";"Efectivo";"";"";"";"";""
"4240";"Prospecto no útil";"Meta Ads Formulario";"19/08/2026 09:09:40";"Buscaba otra cosa";"Casa de Repuestos de Autos";"";"Media";"Efectivo";"";"";"";"";""
"4242";"Prospecto inactivo";"Meta Ads";"19/08/2026 09:54:55";"No responde mensajes ni llamada";"A definir";"Activo";"Media";"No efectivo";"";"";"";"";""
"4246";"Convertido";"Meta Ads";"19/08/2026 11:32:38";"";"";"";"";"Efectivo";"";"";"";"";""
"4250";"Prospecto inactivo";"Meta Ads";"19/08/2026 19:51:54";"No responde mensajes ni llamada";"A definir";"Activo";"Media";"No efectivo";"";"";"";"";""
"4252";"Prospecto inactivo";"Meta Ads";"20/08/2026 07:20:56";"No responde mensajes ni llamada";"A definir";"Activo";"Media";"No efectivo";"";"";"";"";""
"4254";"Prospecto no útil";"Meta Ads";"20/08/2026 12:50:56";"Buscaba compras productos";"A definir";"Activo";"Media";"Efectivo";"";"";"";"";""
"4258";"Prospecto inactivo";"Meta Ads Formulario";"20/08/2026 15:52:43";"No responde mensajes ni llamada";"Casa de Repuestos de Autos";"Inactivo";"Media";"No efectivo";"";"";"";"";""
"4260";"Prospecto no útil";"Meta Ads Formulario";"20/08/2026 20:28:37";"Apreto por error";"Taller mecánico";"Inactivo";"Media";"Efectivo";"";"";"";"";""
"4264";"Prospecto inactivo";"Meta Ads Formulario";"20/08/2026 23:28:18";"No responde mensajes ni llamada";"Taller mecánico";"Inactivo";"Media";"No efectivo";"";"";"";"";""
"4266";"Prospecto no útil";"Meta Ads";"21/08/2026 03:51:43";"Buscaba otra cosa";"Taller mecánico";"Activo";"Media";"Efectivo";"";"";"";"";""
"4268";"Prospecto inactivo";"Meta Ads";"21/08/2026 08:33:52";"Lead enfriado";"Combinación con Casa de Repuestos de motos";"Activo";"Media";"Efectivo";"";"";"";"";""
"4270";"Prospecto inactivo";"Meta Ads";"21/08/2026 09:27:56";"Lead enfriado";"A definir";"Activo";"Media";"Efectivo";"";"";"";"";""
"4272";"Prospecto inactivo";"Meta Ads";"21/08/2026 12:34:55";"No responde mensajes ni llamada";"A definir";"Activo";"Media";"No efectivo";"";"";"";"";""
"4274";"Prospecto no útil";"Meta Ads";"21/08/2026 15:37:57";"Buscaba compras productos";"A definir";"Activo";"Media";"Efectivo";"";"";"";"";""
"4276";"Convertido";"Redes";"21/08/2026 15:40:25";"";"Taller mecánico";"";"Alta";"Efectivo";"";"";"";"";""
"4278";"Prospecto inactivo";"Meta Ads";"21/08/2026 18:29:58";"No responde mensajes ni llamada";"A definir";"Activo";"Media";"No efectivo";"";"";"";"";""
"4280";"Prospecto inactivo";"Meta Ads Formulario";"21/08/2026 18:51:51";"No interesado por ahora";"Casa de Repuestos de Autos";"Inactivo";"Media";"Efectivo";"";"";"";"";""
"4282";"Prospecto inactivo";"Meta Ads Formulario";"21/08/2026 19:48:17";"atiende y corta";"Taller mecánico";"Inactivo";"Media";"Efectivo";"";"";"";"";""
"4284";"Prospecto inactivo";"Meta Ads Formulario";"21/08/2026 22:51:43";"atiende y corta";"Casa de Repuestos de Motos";"Inactivo";"Media";"Efectivo";"";"";"";"";""
"4286";"Convertido";"Meta Ads Formulario";"21/08/2026 23:30:54";"";"Casa de Repuestos de Autos";"Inactivo";"Media";"Efectivo";"";"";"";"";""
"4288";"Prospecto inactivo";"Meta Ads";"22/08/2026 03:14:54";"No responde mensajes ni llamada";"A definir";"Activo";"Media";"No efectivo";"";"";"";"";""
"4292";"Convertido";"Meta Ads Formulario";"22/08/2026 21:34:18";"";"Casa de Repuestos de Autos";"Inactivo";"Baja";"Efectivo";"";"";"";"";""
"4294";"Convertido";"Meta Ads Formulario";"23/08/2026 04:17:10";"";"Casa de Repuestos de Autos";"Inactivo";"Media";"Efectivo";"";"";"";"";""
"4296";"Convertido";"Meta Ads";"23/08/2026 08:43:17";"";"Combinación con Casa de Repuestos";"Activo";"Media";"Efectivo";"";"";"";"";""
"4298";"Prospecto inactivo";"Meta Ads";"23/08/2026 11:24:56";"No responde mensajes ni llamada";"A definir";"Activo";"Media";"No efectivo";"";"";"";"";""
"4300";"Prospecto inactivo";"Visita Presencial - Neuquén - 2026";"23/08/2026 17:21:09";"No responde mensajes ni llamada";"Casa de Repuestos de Autos";"";"";"No efectivo";"";"";"";"";""
"4302";"Convertido";"Meta Ads Formulario";"23/08/2026 18:54:04";"";"Combinación con Casa de Repuestos";"Inactivo";"Media";"Efectivo";"";"";"";"";""
"4304";"Prospecto inactivo";"Meta Ads Formulario";"23/08/2026 22:03:31";"Lead enfriado";"Lubricentro";"Inactivo";"Media";"Efectivo";"";"";"";"";""
"4306";"Convertido";"Meta Ads Formulario";"23/08/2026 23:39:24";"";"Casa de Repuestos de Autos";"Inactivo";"Media";"Efectivo";"";"";"";"";""
"4308";"Convertido";"Meta Ads Formulario";"24/08/2026 00:24:19";"";"Combinación sin Casa de Repuestos";"Inactivo";"Media";"Efectivo";"";"";"";"";""
"4310";"Prospecto inactivo";"Meta Ads";"24/08/2026 02:09:54";"Prefieren retomar el contacto en otro momento";"A definir";"Activo";"Media";"Efectivo";"";"";"";"";""
"4312";"Prospecto inactivo";"Meta Ads Formulario";"24/08/2026 07:28:00";"No responde mensajes ni llamada";"Casa de Repuestos de Motos";"Inactivo";"Media";"No efectivo";"";"";"";"";""
"4314";"Prospecto no útil";"Meta Ads";"24/08/2026 13:19:59";"Apreto por error";"A definir";"Activo";"Media";"Efectivo";"";"";"";"";""
"4316";"Prospecto inactivo";"Meta Ads Formulario";"24/08/2026 13:58:42";"No responde mensajes ni llamada";"Casa de Repuestos de Motos";"Inactivo";"Media";"No efectivo";"";"";"";"";""
"4318";"Prospecto inactivo";"Meta Ads";"24/08/2026 15:33:09";"Buscaba compras productos";"Casa de Repuestos de Motos";"Activo";"Media";"Efectivo";"";"";"";"";""
"4322";"Prospecto inactivo";"Meta Ads Formulario";"24/08/2026 19:31:05";"No responde mensajes ni llamada";"Taller mecánico";"Inactivo";"Media";"No efectivo";"";"";"";"";""
"4324";"Convertido";"Meta Ads";"24/08/2026 20:15:03";"";"Casa de Repuestos de Autos";"Activo";"Alta";"Efectivo";"";"";"";"";""
"4326";"Prospecto inactivo";"Meta Ads";"24/08/2026 21:06:04";"No responde mensajes ni llamada";"Casa de Repuestos de Autos";"Activo";"Media";"No efectivo";"";"";"";"";""
"4330";"Prospecto inactivo";"Meta Ads";"25/08/2026 07:26:55";"No responde mensajes ni llamada";"A definir";"Activo";"Media";"No efectivo";"";"";"";"";""
"4332";"Prospecto inactivo";"Meta Ads Formulario";"25/08/2026 08:59:58";"No responde mensajes ni llamada";"Casa de Repuestos de Motos";"Inactivo";"Media";"No efectivo";"";"";"";"";""
"4334";"Prospecto inactivo";"Meta Ads Formulario";"25/08/2026 12:35:55";"No responde mensajes ni llamada";"Casa de Repuestos de Motos";"Inactivo";"Media";"No efectivo";"";"";"";"";""
"4342";"Prospecto inactivo";"Meta Ads Formulario";"25/08/2026 16:16:28";"atiende y corta";"Taller mecánico";"Inactivo";"Media";"Efectivo";"";"";"";"";""
"4344";"Prospecto no útil";"Meta Ads Formulario";"25/08/2026 16:47:12";"Apreto por error";"Casa de Repuestos de Autos";"Inactivo";"Media";"Efectivo";"";"";"";"";""
"4348";"Convertido";"Redes";"26/08/2026 07:45:43";"";"Casa de Repuestos de Autos";"Activo";"Alta";"Efectivo";"";"";"";"";""
"4354";"Prospecto inactivo";"Meta Ads";"26/08/2026 11:58:50";"No responde mensajes ni llamada";"A definir";"Activo";"Media";"No efectivo";"";"";"";"";""
"4356";"Prospecto inactivo";"Meta Ads";"26/08/2026 12:01:12";"No responde mensajes ni llamada";"A definir";"Activo";"";"No efectivo";"";"";"";"";""
"4360";"Prospecto inactivo";"Meta Ads";"26/08/2026 13:16:22";"No responde mensajes ni llamada";"Taller mecánico";"Activo";"Media";"No efectivo";"";"";"";"";""
"4366";"Prospecto no útil";"Meta Ads Formulario";"26/08/2026 15:16:45";"Apreto por error";"Taller mecánico";"Inactivo";"Media";"Efectivo";"";"";"";"";""
"4368";"Prospecto inactivo";"Meta Ads";"26/08/2026 18:03:58";"No responde mensajes ni llamada";"A definir";"Activo";"Media";"No efectivo";"";"";"";"";""
"4370";"Prospecto inactivo";"Meta Ads Formulario";"26/08/2026 20:03:44";"Lead enfriado";"Casa de Repuestos de Autos";"Inactivo";"Media";"Efectivo";"";"";"";"";""
"4372";"Prospecto no útil";"Meta Ads";"26/08/2026 20:05:29";"Buscaba compras productos";"A definir";"Activo";"Media";"Efectivo";"";"";"";"";""
"4374";"Prospecto inactivo";"Redes";"26/08/2026 21:42:57";"No responde mensajes ni llamada";"Casa de Repuestos de Autos";"Activo";"Alta";"No efectivo";"";"";"";"";""
"4376";"Prospecto inactivo";"Meta Ads Formulario";"27/08/2026 09:08:25";"Lead enfriado";"Casa de Repuestos de Autos";"Inactivo";"Media";"Efectivo";"";"";"";"";""
"4378";"Prospecto no útil";"Meta Ads";"27/08/2026 09:28:59";"Buscaba compras productos";"A definir";"Activo";"Media";"Efectivo";"";"";"";"";""
"4382";"Prospecto no útil";"Meta Ads";"27/08/2026 09:55:07";"Buscaba compras productos";"A definir";"Activo";"Media";"Efectivo";"";"";"";"";""
"4388";"Prospecto no útil";"Meta Ads Formulario";"27/08/2026 13:08:28";"Buscaba otra cosa";"Casa de Repuestos de Autos";"Inactivo";"Media";"Efectivo";"";"";"";"";""
"4392";"Prospecto no útil";"Meta Ads Formulario";"27/08/2026 13:28:57";"No tiene negocio, negocio de otro rubro";"Casa de Repuestos de Autos";"Inactivo";"Media";"Efectivo";"";"";"";"";""
"4394";"Prospecto inactivo";"Meta Ads Formulario";"27/08/2026 15:37:51";"Lead enfriado";"Casa de Repuestos de Autos";"Inactivo";"Media";"Efectivo";"";"";"";"";""
"4400";"Prospecto no útil";"Meta Ads";"27/08/2026 21:45:57";"Buscaba otra cosa";"A definir";"Activo";"Media";"Efectivo";"";"";"";"";""
"4402";"Prospecto no útil";"Meta Ads Formulario";"27/08/2026 23:53:14";"No tiene negocio, negocio de otro rubro";"Casa de Repuestos de Motos";"Inactivo";"Media";"Efectivo";"";"";"";"";""
"4406";"Convertido";"Meta Ads Formulario";"28/08/2026 00:15:49";"";"Casa de Repuestos de Autos";"Inactivo";"Media";"Efectivo";"";"";"";"";""
"4408";"Prospecto inactivo";"Visita Presencial - Neuquén - 2026";"28/08/2026 09:05:32";"Indican que lo evaluarán más adelante";"Taller mecánico";"";"Media";"Efectivo";"";"";"";"";""
"4410";"Convertido";"Visita Presencial - Neuquén - 2026";"28/08/2026 09:07:23";"";"Casa de Repuestos de Motos";"";"Media";"Efectivo";"";"";"";"";""
"4412";"Convertido";"Visita Presencial - Neuquén - 2026";"28/08/2026 09:09:09";"";"Casa de Repuestos de Autos";"";"Alta";"Efectivo";"";"";"";"";""
"4414";"Prospecto inactivo";"Meta Ads";"28/08/2026 09:13:57";"No responde mensajes ni llamada";"A definir";"Activo";"Media";"No efectivo";"";"";"";"";""
"4416";"Prospecto inactivo";"Meta Ads";"28/08/2026 09:27:54";"No interesado por ahora";"A definir";"Activo";"Media";"Efectivo";"";"";"";"";""
"4418";"Prospecto inactivo";"Meta Ads Formulario";"28/08/2026 10:15:42";"Lead enfriado";"Casa de Repuestos de Autos";"Inactivo";"Media";"Efectivo";"";"";"";"";""
"4422";"Prospecto inactivo";"Meta Ads Formulario";"28/08/2026 11:47:55";"No responde mensajes ni llamada";"Taller mecánico";"Inactivo";"Media";"No efectivo";"";"";"";"";""
"4428";"Prospecto inactivo";"Meta Ads Formulario";"28/08/2026 21:29:04";"Lead enfriado";"Casa de Repuestos de Autos";"Inactivo";"Media";"Efectivo";"";"";"";"";""
"4430";"Prospecto inactivo";"Meta Ads";"29/08/2026 03:21:56";"No responde mensajes ni llamada";"A definir";"Activo";"Media";"No efectivo";"";"";"";"";""
"4432";"Convertido";"Redes";"29/08/2026 15:05:20";"";"Casa de Repuestos de Autos";"Activo";"";"Efectivo";"";"";"";"";""
"4434";"Prospecto inactivo";"Meta Ads Formulario";"29/08/2026 15:32:37";"Con poco tiempo para ver la info";"Casa de Repuestos de Autos";"Inactivo";"Media";"Efectivo";"";"";"";"";""
"4436";"Prospecto inactivo";"Meta Ads";"29/08/2026 17:10:54";"Lead enfriado";"Combinación con Casa de Repuestos";"Activo";"Media";"Efectivo";"";"";"";"";""
"4438";"Prospecto inactivo";"Meta Ads Formulario";"29/08/2026 19:13:28";"Datos incorrectos o contacto inexistente";"Casa de Repuestos de Autos";"Inactivo";"Media";"No efectivo";"";"";"";"";""
"4440";"Prospecto no útil";"Meta Ads";"29/08/2026 20:11:55";"mensaje sin sentido";"A definir";"Activo";"Media";"No efectivo";"";"";"";"";""
"4442";"Prospecto inactivo";"Meta Ads Formulario";"30/08/2026 03:06:16";"Lead enfriado";"Casa de Repuestos de Autos";"Inactivo";"Media";"Efectivo";"";"";"";"";""
"4444";"Prospecto no útil";"Meta Ads";"30/08/2026 04:37:55";"Apreto por error";"A definir";"Activo";"Media";"Efectivo";"";"";"";"";""
"4448";"Prospecto inactivo";"Meta Ads Formulario";"30/08/2026 10:23:40";"Lead enfriado";"Casa de Repuestos de Motos";"Inactivo";"Media";"Efectivo";"";"";"";"";""
"4450";"Prospecto inactivo";"Meta Ads";"30/08/2026 11:07:54";"No responde mensajes ni llamada";"A definir";"Activo";"Media";"No efectivo";"";"";"";"";""
"4452";"Prospecto inactivo";"Meta Ads";"30/08/2026 11:07:54";"No responde mensajes ni llamada";"A definir";"Activo";"Media";"No efectivo";"";"";"";"";""
"4454";"Convertido";"Meta Ads Formulario";"30/08/2026 11:30:06";"";"Taller mecánico";"Inactivo";"Media";"Efectivo";"";"";"";"";""
"4456";"Prospecto no útil";"Meta Ads Formulario";"30/08/2026 15:15:51";"No tiene negocio, negocio de otro rubro";"A definir";"Inactivo";"Media";"Efectivo";"";"";"";"";""
"4458";"Prospecto inactivo";"Meta Ads Formulario";"30/08/2026 15:27:25";"No responde mensajes ni llamada";"Combinación con Casa de Repuestos";"Inactivo";"Media";"No efectivo";"";"";"";"";""
"4460";"Prospecto inactivo";"Meta Ads Formulario";"30/08/2026 17:55:27";"No responde mensajes ni llamada";"Taller mecánico";"Inactivo";"Media";"No efectivo";"";"";"";"";""
"4462";"Prospecto inactivo";"Meta Ads Formulario";"30/08/2026 21:44:31";"No responde mensajes ni llamada";"Casa de Repuestos de Autos";"Inactivo";"Media";"No efectivo";"";"";"";"";""
"4464";"Prospecto inactivo";"Meta Ads";"30/08/2026 22:00:57";"No responde mensajes ni llamada";"A definir";"Activo";"Media";"No efectivo";"";"";"";"";""
"4466";"Prospecto inactivo";"Meta Ads Formulario";"31/08/2026 00:53:24";"Indican que lo evaluarán más adelante";"Casa de Repuestos de Autos";"Inactivo";"Media";"Efectivo";"";"";"";"";""
"4468";"Prospecto inactivo";"Meta Ads Formulario";"31/08/2026 08:58:59";"No responde mensajes ni llamada";"Casa de Repuestos de Autos";"Inactivo";"Media";"Efectivo";"";"";"";"";""
"4472";"Prospecto inactivo";"Meta Ads";"31/08/2026 16:38:58";"No responde mensajes ni llamada";"A definir";"Activo";"Media";"No efectivo";"";"";"";"";""
"4474";"Prospecto inactivo";"Meta Ads";"31/08/2026 20:19:59";"No responde mensajes ni llamada";"A definir";"Activo";"Media";"No efectivo";"";"";"";"";""
"4476";"Prospecto inactivo";"Meta Ads Formulario";"31/08/2026 20:41:45";"Lead enfriado";"Distribuidora";"Inactivo";"Media";"Efectivo";"";"";"";"";""
"4480";"Prospecto inactivo";"Meta Ads Formulario";"01/09/2026 07:59:14";"Ya contrato otro sistema";"Casa de Repuestos de Motos";"Inactivo";"Media";"Efectivo";"";"";"";"";""
"4482";"Prospecto inactivo";"Meta Ads Formulario";"01/09/2026 10:13:35";"No responde mensajes ni llamada";"Taller mecánico";"Inactivo";"Media";"No efectivo";"";"";"";"";""
"4486";"Prospecto inactivo";"Meta Ads";"01/09/2026 12:52:58";"No responde mensajes ni llamada";"A definir";"Activo";"Media";"No efectivo";"";"";"";"";""
"4488";"Prospecto inactivo";"Meta Ads";"01/09/2026 13:05:59";"No responde mensajes ni llamada";"A definir";"Activo";"Media";"No efectivo";"";"";"";"";""
"4490";"Prospecto inactivo";"Meta Ads Formulario";"01/09/2026 14:26:17";"No responde mensajes ni llamada";"Casa de Repuestos de Autos";"Inactivo";"Media";"No efectivo";"";"";"";"";""
"4492";"Convertido";"Redes";"01/09/2026 19:10:12";"";"Casa de Repuestos de Autos";"Activo";"Alta";"Efectivo";"";"";"";"";""
"4494";"Prospecto no útil";"Meta Ads Formulario";"01/09/2026 20:25:53";"Buscaba compras productos";"Casa de Repuestos de Autos";"Inactivo";"Media";"Efectivo";"";"";"";"";""
"4496";"Meta Ads";"Meta Ads";"01/09/2026 20:47:23";"";"Casa de Repuestos de Autos";"Activo";"Media";"Efectivo";"";"";"";"";""
"4498";"Prospecto inactivo";"Meta Ads Formulario";"02/09/2026 00:35:02";"No responde mensajes ni llamada";"Taller mecánico";"Inactivo";"Media";"No efectivo";"";"";"";"";""
"4500";"Prospecto inactivo";"Meta Ads Formulario";"02/09/2026 01:07:54";"No responde mensajes ni llamada";"Casa de Repuestos de Motos";"Inactivo";"Media";"No efectivo";"";"";"";"";""
"4502";"Convertido";"Redes";"02/09/2026 11:24:13";"";"Casa de Repuestos de Autos";"";"Alta";"Efectivo";"";"";"";"";""
"4504";"Prospecto no útil";"Meta Ads";"02/09/2026 12:09:57";"Buscaba compras productos";"A definir";"Activo";"Baja";"Efectivo";"";"";"";"";""
"4506";"Prospecto no útil";"Meta Ads";"02/09/2026 12:10:56";"Buscaba otra cosa";"A definir";"Activo";"Baja";"Efectivo";"";"";"";"";""
"4508";"Prospecto inactivo";"Meta Ads Formulario";"02/09/2026 13:27:52";"No responde mensajes ni llamada";"Casa de Repuestos de Autos";"Inactivo";"Media";"No efectivo";"";"";"";"";""
"4510";"Convertido";"Visita Presencial - Mendoza - 2026";"02/09/2026 13:45:21";"";"Casa de Repuestos de Autos";"Inactivo";"Media";"Efectivo";"";"";"";"";""
"4514";"Prospecto no útil";"Meta Ads";"02/09/2026 14:10:48";"mensaje sin sentido";"Taller mecánico";"Activo";"Baja";"No efectivo";"";"";"";"";""
"4516";"Visitas Presenciales";"Visita Presencial - Mendoza - 2026";"02/09/2026 14:45:42";"";"Casa de Repuestos de Motos";"Inactivo";"Media";"No efectivo";"";"";"";"";""
"4518";"Convertido";"Meta Ads Formulario";"02/09/2026 16:14:41";"";"Casa de Repuestos de Autos";"Inactivo";"Media";"Efectivo";"";"";"";"";""
"4520";"Prospecto no útil";"Meta Ads";"02/09/2026 17:54:58";"No tiene negocio, negocio de otro rubro";"A definir";"Activo";"Media";"Efectivo";"";"";"";"";""
"4522";"Formularios Meta";"Meta Ads Formulario";"02/09/2026 17:57:16";"";"Casa de Repuestos de Autos";"Inactivo";"Media";"Efectivo";"";"";"";"";""
"4530";"Prospecto no útil";"Visita Presencial - San Juan - 2026";"03/09/2026 03:41:44";"mensaje sin sentido";"Taller mecánico";"Inactivo";"Media";"Efectivo";"";"";"";"";""
"4532";"Convertido";"Visita Presencial - Mendoza - 2026";"03/09/2026 13:12:14";"";"Casa de Repuestos de Autos";"Inactivo";"Alta";"Efectivo";"";"";"";"";""
"4534";"Prospecto no útil";"Visita Presencial - Mendoza - 2026";"03/09/2026 14:26:43";"Datos incorrectos o contacto inexistente";"Casa de Repuestos de Motos";"Inactivo";"Media";"No efectivo";"";"";"";"";""
"4538";"Formularios Meta";"Meta Ads Formulario";"03/09/2026 19:27:57";"";"Casa de Repuestos de Autos";"Inactivo";"Media";"Efectivo";"";"";"";"";""
"4540";"Convertido";"Meta Ads Formulario";"03/09/2026 19:30:36";"";"Combinación con Casa de Repuestos";"Inactivo";"Alta";"Efectivo";"";"";"";"";""
"4542";"Convertido";"Meta Ads Formulario";"03/09/2026 21:06:03";"";"Casa de Repuestos de Autos";"Inactivo";"Media";"Efectivo";"";"";"";"";""
"4544";"Convertido";"Meta Ads Formulario";"03/09/2026 22:06:16";"";"Casa de Repuestos de Motos";"Inactivo";"Media";"Efectivo";"";"";"";"";""
"4548";"Formularios Meta";"Meta Ads Formulario";"03/09/2026 23:22:23";"";"Casa de Repuestos de Motos";"Inactivo";"Media";"No efectivo";"";"";"";"";""
"4550";"Visitas Presenciales";"Visita Presencial - San Juan - 2026";"04/09/2026 00:09:51";"";"Casa de Repuestos de Motos";"Inactivo";"Media";"No efectivo";"";"";"";"";""
"4552";"Formularios Meta";"Meta Ads Formulario";"04/09/2026 00:22:48";"";"Casa de Repuestos de Motos";"Inactivo";"Media";"Efectivo";"";"";"";"";""
"4556";"Visitas Presenciales";"Visita Presencial - Mendoza - 2026";"04/09/2026 19:44:33";"";"Lubricentro";"Inactivo";"Media";"Efectivo";"";"";"";"";""
"4560";"Visitas Presenciales";"Visita Presencial - San Juan - 2026";"04/09/2026 23:50:48";"";"Taller mecánico";"Inactivo";"Media";"No efectivo";"";"";"";"";""
"4568";"Formularios Meta";"Meta Ads Formulario";"06/09/2026 16:17:28";"";"Lubricentro";"Inactivo";"Media";"No efectivo";"";"";"";"";""
"4578";"Visitas Presenciales";"Visita Presencial - San Juan - 2026";"07/09/2026 08:15:32";"";"Taller mecánico";"Inactivo";"Media";"Efectivo";"";"";"";"";""
"4580";"Visitas Presenciales";"Visita Presencial - Mendoza - 2026";"07/09/2026 13:10:22";"";"Casa de Repuestos de Autos";"Inactivo";"Media";"No efectivo";"";"";"";"";""
"4584";"Formularios Meta";"Meta Ads Formulario";"07/09/2026 20:15:15";"";"Casa de Repuestos de Motos";"Inactivo";"Media";"No efectivo";"";"";"";"";""
